
> 3rdspace-webapp@0.1.0 build
> next build

  ▲ Next.js 14.2.35
  - Environments: .env.local
  - Experiments (use with caution):
    · optimizeCss
    · instrumentationHook

   Creating an optimized production build ...
[@sentry/nextjs] DEPRECATION WARNING: It is recommended renaming your `sentry.client.config.ts` file, or moving its content to `instrumentation-client.ts`. When using Turbopack `sentry.client.config.ts` will no longer work. Read more about the `instrumentation-client.ts` file: https://nextjs.org/docs/app/api-reference/file-conventions/instrumentation-client
[@sentry/nextjs - Node.js] Info: Sending telemetry data on issues and performance to Sentry. To disable telemetry, set `options.telemetry` to `false`.
(node:18802) [DEP0040] DeprecationWarning: The `punycode` module is deprecated. Please use a userland alternative instead.
(Use `node --trace-deprecation ...` to show where the warning was created)
> Found 714 files
> Analyzing 714 sources
> Analyzing completed in 0.032s
> Adding source map references
> Bundling completed in 1.129s
> Bundled 714 files for upload
> Bundle ID: b0838bb5-f508-5179-b89b-c34510e06d0a
> Optimizing completed in 0.041s
> Uploading completed in 1.433s
> Uploaded files to Sentry
> Processing completed in 0.156s
> File upload complete (processing pending on server)
> Organization: 3rdplace
> Projects: 3rdplace-web
> Release: 68fa2ab4ddbdf656121398d51958162524e691a2
> Dist: None
> Upload type: artifact bundle

Source Map Upload Report
  Scripts
    ~/008c807b-39e6-4e7a-bd89-a489ba297206-32.js (sourcemap at page.js.map, debug id 008c807b-39e6-4e7a-bd89-a489ba297206)
    ~/009d5e45-3484-4b4b-871b-4676610dc08c-2.js (sourcemap at page.js.map, debug id 009d5e45-3484-4b4b-871b-4676610dc08c)
    ~/022ed479-0b54-40c7-afa2-ff6757c31e1d-68.js (sourcemap at page.js.map, debug id 022ed479-0b54-40c7-afa2-ff6757c31e1d)
    ~/04774c97-2047-4460-aa80-f3bf05b34f38-67.js (sourcemap at page.js.map, debug id 04774c97-2047-4460-aa80-f3bf05b34f38)
    ~/055190bc-b6a5-46ee-b81e-830688b032ef-356.js (sourcemap at _error.js.map, debug id 055190bc-b6a5-46ee-b81e-830688b032ef)
    ~/06ca735c-04c1-4ee8-b1bb-a4b9f0de99e8-197.js (sourcemap at route.js.map, debug id 06ca735c-04c1-4ee8-b1bb-a4b9f0de99e8)
    ~/0788a7b6-cf83-494b-a29a-19ebe5e844f6-126.js (sourcemap at route.js.map, debug id 0788a7b6-cf83-494b-a29a-19ebe5e844f6)
    ~/0bd186b6-7004-4751-97c6-2fdd4ebcbb12-200.js (sourcemap at route.js.map, debug id 0bd186b6-7004-4751-97c6-2fdd4ebcbb12)
    ~/0be7d7f4-b505-4ea3-a0fa-fff72dbcdc83-221.js (sourcemap at route.js.map, debug id 0be7d7f4-b505-4ea3-a0fa-fff72dbcdc83)
    ~/0c58eeba-da98-4d13-8780-4ba8d82636bc-247.js (sourcemap at route.js.map, debug id 0c58eeba-da98-4d13-8780-4ba8d82636bc)
    ~/0cbe7234-a553-4fcd-bb44-b05c400c044f-27.js (sourcemap at page.js.map, debug id 0cbe7234-a553-4fcd-bb44-b05c400c044f)
    ~/0d23dc9d-09b6-422f-9479-f1377db3f380-295.js (sourcemap at 2941.js.map, debug id 0d23dc9d-09b6-422f-9479-f1377db3f380)
    ~/0d779bc7-2c9d-4438-acf8-c1a70b94149e-276.js (sourcemap at page.js.map, debug id 0d779bc7-2c9d-4438-acf8-c1a70b94149e)
    ~/0dbef386-17b5-4678-9d69-5e8b2d18476f-186.js (sourcemap at route.js.map, debug id 0dbef386-17b5-4678-9d69-5e8b2d18476f)
    ~/0ddba372-3a80-4896-87be-16590c2c09e2-30.js (sourcemap at page.js.map, debug id 0ddba372-3a80-4896-87be-16590c2c09e2)
    ~/0e89f4b1-29e1-4617-8d41-17634b59a1da-216.js (sourcemap at route.js.map, debug id 0e89f4b1-29e1-4617-8d41-17634b59a1da)
    ~/0ef8c5d6-eb88-42f2-bd23-6e7c467d4145-51.js (sourcemap at page.js.map, debug id 0ef8c5d6-eb88-42f2-bd23-6e7c467d4145)
    ~/0fdc690e-e6be-4466-b848-185121aae3a9-189.js (sourcemap at route.js.map, debug id 0fdc690e-e6be-4466-b848-185121aae3a9)
    ~/10239462-7102-4803-944b-5086148f5684-21.js (sourcemap at page.js.map, debug id 10239462-7102-4803-944b-5086148f5684)
    ~/11b56657-9fdb-4872-8690-7d6d1a110bf0-106.js (sourcemap at route.js.map, debug id 11b56657-9fdb-4872-8690-7d6d1a110bf0)
    ~/11eda65d-301c-4c26-ae9f-3c40f6edb041-222.js (sourcemap at route.js.map, debug id 11eda65d-301c-4c26-ae9f-3c40f6edb041)
    ~/1275ac20-2d75-4043-93f7-126256d2089f-318.js (sourcemap at 6077.js.map, debug id 1275ac20-2d75-4043-93f7-126256d2089f)
    ~/12efa985-c4ff-47d8-9781-fdda6281b39f-46.js (sourcemap at page.js.map, debug id 12efa985-c4ff-47d8-9781-fdda6281b39f)
    ~/12fb79dc-a5bb-47a1-9210-7453a75d9c3f-143.js (sourcemap at route.js.map, debug id 12fb79dc-a5bb-47a1-9210-7453a75d9c3f)
    ~/130d15bf-d0ee-4847-b1cb-c08dbe21f683-109.js (sourcemap at route.js.map, debug id 130d15bf-d0ee-4847-b1cb-c08dbe21f683)
    ~/141b2976-052b-41d2-9538-4390835c2463-10.js (sourcemap at page.js.map, debug id 141b2976-052b-41d2-9538-4390835c2463)
    ~/1424e6f8-608e-4591-94a0-ea56392bdd52-225.js (sourcemap at route.js.map, debug id 1424e6f8-608e-4591-94a0-ea56392bdd52)
    ~/1438dcdc-549c-422b-9889-f844f35a20ed-122.js (sourcemap at route.js.map, debug id 1438dcdc-549c-422b-9889-f844f35a20ed)
    ~/15000ffc-4cd9-4e22-8fb4-ecf5c8d8f823-83.js (sourcemap at route.js.map, debug id 15000ffc-4cd9-4e22-8fb4-ecf5c8d8f823)
    ~/161fd4bd-65a6-4357-af92-5200929eb079-162.js (sourcemap at route.js.map, debug id 161fd4bd-65a6-4357-af92-5200929eb079)
    ~/1761f397-74e8-4c69-bb07-18846721edab-314.js (sourcemap at 5363.js.map, debug id 1761f397-74e8-4c69-bb07-18846721edab)
    ~/18356c6c-69ac-45a2-b202-ffc58568ea8c-220.js (sourcemap at route.js.map, debug id 18356c6c-69ac-45a2-b202-ffc58568ea8c)
    ~/186ab510-ac44-4864-9cbb-6a0b4c212005-16.js (sourcemap at page.js.map, debug id 186ab510-ac44-4864-9cbb-6a0b4c212005)
    ~/18761fae-b195-4392-a8dd-86b992214d84-13.js (sourcemap at page.js.map, debug id 18761fae-b195-4392-a8dd-86b992214d84)
    ~/19f38199-4183-4794-9906-02481048b308-102.js (sourcemap at route.js.map, debug id 19f38199-4183-4794-9906-02481048b308)
    ~/1ae42564-0183-4c08-a725-1c70400730fa-5.js (sourcemap at page.js.map, debug id 1ae42564-0183-4c08-a725-1c70400730fa)
    ~/1b5e8567-b6e0-4b14-9cd4-41231ec5e45b-252.js (sourcemap at route.js.map, debug id 1b5e8567-b6e0-4b14-9cd4-41231ec5e45b)
    ~/1c563caa-f064-4995-a632-e2563a8466d0-26.js (sourcemap at page.js.map, debug id 1c563caa-f064-4995-a632-e2563a8466d0)
    ~/1dc71290-4932-453e-9dfa-5c26759353aa-20.js (sourcemap at page.js.map, debug id 1dc71290-4932-453e-9dfa-5c26759353aa)
    ~/1de7d875-75c1-4f5a-9bed-2d72cc7e4b91-160.js (sourcemap at route.js.map, debug id 1de7d875-75c1-4f5a-9bed-2d72cc7e4b91)
    ~/1e28a685-0dad-47c1-8bd9-94526c1964ae-303.js (sourcemap at 4345.js.map, debug id 1e28a685-0dad-47c1-8bd9-94526c1964ae)
    ~/1f273ebd-2801-4a76-8a19-87867fc6e9c5-118.js (sourcemap at route.js.map, debug id 1f273ebd-2801-4a76-8a19-87867fc6e9c5)
    ~/234a2a15-61da-48fc-a62c-8529a86c06fb-101.js (sourcemap at route.js.map, debug id 234a2a15-61da-48fc-a62c-8529a86c06fb)
    ~/2474f290-7848-4021-8a37-e3b9e826f824-158.js (sourcemap at route.js.map, debug id 2474f290-7848-4021-8a37-e3b9e826f824)
    ~/25c6cfda-3629-4750-9c4d-f85ab12679cf-70.js (sourcemap at page.js.map, debug id 25c6cfda-3629-4750-9c4d-f85ab12679cf)
    ~/27323fbc-323b-4ba6-bb6e-8258f155eb1a-289.js (sourcemap at 2459.js.map, debug id 27323fbc-323b-4ba6-bb6e-8258f155eb1a)
    ~/2970202a-426a-4e91-9365-6acc8fa1fb7c-241.js (sourcemap at route.js.map, debug id 2970202a-426a-4e91-9365-6acc8fa1fb7c)
    ~/2a0a1edc-f298-4f4c-be6b-e7d37e7eade4-300.js (sourcemap at 3611.js.map, debug id 2a0a1edc-f298-4f4c-be6b-e7d37e7eade4)
    ~/2b4d9c41-d3a0-439a-8051-e7205afbffe0-192.js (sourcemap at route.js.map, debug id 2b4d9c41-d3a0-439a-8051-e7205afbffe0)
    ~/2b8c8616-a9ff-44b1-9909-bed76817a09a-112.js (sourcemap at route.js.map, debug id 2b8c8616-a9ff-44b1-9909-bed76817a09a)
    ~/2c1e995f-5050-49c0-bdde-d39bfa7a3324-270.js (sourcemap at route.js.map, debug id 2c1e995f-5050-49c0-bdde-d39bfa7a3324)
    ~/2ca62ca7-569f-4df1-9c22-3e39530fc3a0-310.js (sourcemap at 4891.js.map, debug id 2ca62ca7-569f-4df1-9c22-3e39530fc3a0)
    ~/2d4d2ce6-ee4a-4009-b8cd-b2871613e61a-344.js (sourcemap at 8612.js.map, debug id 2d4d2ce6-ee4a-4009-b8cd-b2871613e61a)
    ~/2d8b67bd-3f7a-4778-947a-7ecec8ea4e15-134.js (sourcemap at route.js.map, debug id 2d8b67bd-3f7a-4778-947a-7ecec8ea4e15)
    ~/2e4ca229-2cc9-4ecd-9f48-5dfcb675a926-278.js (sourcemap at 1164.js.map, debug id 2e4ca229-2cc9-4ecd-9f48-5dfcb675a926)
    ~/2f7c0d96-66d9-4bf7-9cf3-9721f8cab3c5-311.js (sourcemap at 4894.js.map, debug id 2f7c0d96-66d9-4bf7-9cf3-9721f8cab3c5)
    ~/2fcf99b5-4b68-48f1-86b7-324985a2eec1-253.js (sourcemap at route.js.map, debug id 2fcf99b5-4b68-48f1-86b7-324985a2eec1)
    ~/3148b0eb-d401-416a-b851-dcdcf86fa935-54.js (sourcemap at page.js.map, debug id 3148b0eb-d401-416a-b851-dcdcf86fa935)
    ~/329a1f6d-7891-423d-bf3a-1289c38d944e-307.js (sourcemap at 463.js.map, debug id 329a1f6d-7891-423d-bf3a-1289c38d944e)
    ~/3314803a-74ae-4241-9627-70c8b4288ba2-38.js (sourcemap at page.js.map, debug id 3314803a-74ae-4241-9627-70c8b4288ba2)
    ~/33a62c44-b657-4965-b512-d9b4fdaeadfc-96.js (sourcemap at route.js.map, debug id 33a62c44-b657-4965-b512-d9b4fdaeadfc)
    ~/357e4217-c110-4c4a-ad18-693110a9b535-245.js (sourcemap at route.js.map, debug id 357e4217-c110-4c4a-ad18-693110a9b535)
    ~/35f6290d-e62f-4b35-a112-a381742cc781-184.js (sourcemap at route.js.map, debug id 35f6290d-e62f-4b35-a112-a381742cc781)
    ~/367fc8e5-2122-44b8-862d-948bccfbe94b-75.js (sourcemap at route.js.map, debug id 367fc8e5-2122-44b8-862d-948bccfbe94b)
    ~/36967e92-e3af-4f6a-820d-f67583c7fd60-164.js (sourcemap at route.js.map, debug id 36967e92-e3af-4f6a-820d-f67583c7fd60)
    ~/3709356f-61e2-42f4-8c81-ef65ac5f6982-269.js (sourcemap at route.js.map, debug id 3709356f-61e2-42f4-8c81-ef65ac5f6982)
    ~/3742b556-67d9-4af7-8cdc-e81cbb148ea1-49.js (sourcemap at page.js.map, debug id 3742b556-67d9-4af7-8cdc-e81cbb148ea1)
    ~/37bc50e7-def4-498b-9977-b225bbf69a56-338.js (sourcemap at 821.js.map, debug id 37bc50e7-def4-498b-9977-b225bbf69a56)
    ~/37d51551-5f42-4e85-b497-ba2d1b3058c6-233.js (sourcemap at route.js.map, debug id 37d51551-5f42-4e85-b497-ba2d1b3058c6)
    ~/380a6a95-c845-49e7-9c63-36f94302b47a-85.js (sourcemap at route.js.map, debug id 380a6a95-c845-49e7-9c63-36f94302b47a)
    ~/382166e8-b673-4aca-a127-c25663cbdf43-127.js (sourcemap at route.js.map, debug id 382166e8-b673-4aca-a127-c25663cbdf43)
    ~/383f1b58-cc38-494d-8b38-10811b58390b-320.js (sourcemap at 6157.js.map, debug id 383f1b58-cc38-494d-8b38-10811b58390b)
    ~/38921674-47e0-4d0e-a7a3-f9e0f415fafd-97.js (sourcemap at route.js.map, debug id 38921674-47e0-4d0e-a7a3-f9e0f415fafd)
    ~/39164432-543e-4f91-836e-49c528911d2c-246.js (sourcemap at route.js.map, debug id 39164432-543e-4f91-836e-49c528911d2c)
    ~/399d508d-9bfd-41a6-9e0e-7e2458e41cac-340.js (sourcemap at 8387.js.map, debug id 399d508d-9bfd-41a6-9e0e-7e2458e41cac)
    ~/3ab9c56a-d637-4009-a950-389c3778b655-79.js (sourcemap at route.js.map, debug id 3ab9c56a-d637-4009-a950-389c3778b655)
    ~/3baf3b47-e6fe-4b69-93f1-6f7d16efd576-250.js (sourcemap at route.js.map, debug id 3baf3b47-e6fe-4b69-93f1-6f7d16efd576)
    ~/3bdc6fea-49d0-4efa-bedf-b5638fa5a0a0-34.js (sourcemap at page.js.map, debug id 3bdc6fea-49d0-4efa-bedf-b5638fa5a0a0)
    ~/3c5920ee-02ec-488a-87a8-7b745c720e0f-169.js (sourcemap at route.js.map, debug id 3c5920ee-02ec-488a-87a8-7b745c720e0f)
    ~/3c7c79e0-e97e-4df6-a918-6e4165ad3ffc-146.js (sourcemap at route.js.map, debug id 3c7c79e0-e97e-4df6-a918-6e4165ad3ffc)
    ~/3ca54736-89c5-4858-84fd-0de153f9e96e-353.js (sourcemap at instrumentation.js.map, debug id 3ca54736-89c5-4858-84fd-0de153f9e96e)
    ~/3cf11751-f834-4361-96d7-cbd02ac29685-284.js (sourcemap at 2275.js.map, debug id 3cf11751-f834-4361-96d7-cbd02ac29685)
    ~/3e6e4b37-2f0e-44a1-afb4-7b02057164f2-287.js (sourcemap at 2435.js.map, debug id 3e6e4b37-2f0e-44a1-afb4-7b02057164f2)
    ~/3ebd0549-9939-4359-97c6-1c4641b7d1b6-90.js (sourcemap at route.js.map, debug id 3ebd0549-9939-4359-97c6-1c4641b7d1b6)
    ~/3ed0b24e-6d68-4168-9c7a-a5fba79f27d6-263.js (sourcemap at route.js.map, debug id 3ed0b24e-6d68-4168-9c7a-a5fba79f27d6)
    ~/405fe9ca-e079-4ea4-bb47-a62cfc6c5f35-179.js (sourcemap at route.js.map, debug id 405fe9ca-e079-4ea4-bb47-a62cfc6c5f35)
    ~/406d8623-7aa3-4222-9fbf-84b6be1d33c2-193.js (sourcemap at route.js.map, debug id 406d8623-7aa3-4222-9fbf-84b6be1d33c2)
    ~/41107ddf-f514-483b-a4eb-05c19bd09765-84.js (sourcemap at route.js.map, debug id 41107ddf-f514-483b-a4eb-05c19bd09765)
    ~/41d5f132-41bc-4b6a-962b-78b722b4d453-6.js (sourcemap at page.js.map, debug id 41d5f132-41bc-4b6a-962b-78b722b4d453)
    ~/427ca175-3fad-4c6f-922c-e25e1c28e198-244.js (sourcemap at route.js.map, debug id 427ca175-3fad-4c6f-922c-e25e1c28e198)
    ~/43710ec5-6069-477e-b64d-631d7519fda9-348.js (sourcemap at 9291.js.map, debug id 43710ec5-6069-477e-b64d-631d7519fda9)
    ~/438a7040-8451-4330-b248-a606475319a6-194.js (sourcemap at route.js.map, debug id 438a7040-8451-4330-b248-a606475319a6)
    ~/43efd33c-aedb-4781-9857-109e8f784825-325.js (sourcemap at 6621.js.map, debug id 43efd33c-aedb-4781-9857-109e8f784825)
    ~/4406e79c-3c04-404e-be25-69122ecd2476-349.js (sourcemap at 939.js.map, debug id 4406e79c-3c04-404e-be25-69122ecd2476)
    ~/44d28ad2-2134-423e-ab50-443ebcbebc2b-131.js (sourcemap at route.js.map, debug id 44d28ad2-2134-423e-ab50-443ebcbebc2b)
    ~/45cbac5d-59be-43ac-85f1-fde7417e3d53-57.js (sourcemap at page.js.map, debug id 45cbac5d-59be-43ac-85f1-fde7417e3d53)
    ~/46acc287-a212-456a-b19f-b27e1629fdf0-148.js (sourcemap at route.js.map, debug id 46acc287-a212-456a-b19f-b27e1629fdf0)
    ~/4741ca17-a2ca-437e-b5fb-8244891309cb-141.js (sourcemap at route.js.map, debug id 4741ca17-a2ca-437e-b5fb-8244891309cb)
    ~/4ac8e60c-9f12-43cc-953b-910dcc68a739-4.js (sourcemap at page.js.map, debug id 4ac8e60c-9f12-43cc-953b-910dcc68a739)
    ~/4b5903d4-779e-49ab-a9bc-f1a72691c70b-191.js (sourcemap at route.js.map, debug id 4b5903d4-779e-49ab-a9bc-f1a72691c70b)
    ~/4c145ea9-b9c1-4f80-822f-b2524c9fa299-150.js (sourcemap at route.js.map, debug id 4c145ea9-b9c1-4f80-822f-b2524c9fa299)
    ~/4c399a30-9704-4399-aae2-d063b567f2d8-238.js (sourcemap at route.js.map, debug id 4c399a30-9704-4399-aae2-d063b567f2d8)
    ~/4cd49dfd-cbd3-4f84-815f-1e9e4305129b-327.js (sourcemap at 7037.js.map, debug id 4cd49dfd-cbd3-4f84-815f-1e9e4305129b)
    ~/4d5936b1-bc0e-4557-aa72-45794f02e0c8-144.js (sourcemap at route.js.map, debug id 4d5936b1-bc0e-4557-aa72-45794f02e0c8)
    ~/4dcc0768-4838-4cb7-8c63-3b3c8cd18add-259.js (sourcemap at route.js.map, debug id 4dcc0768-4838-4cb7-8c63-3b3c8cd18add)
    ~/4f10a993-d6f3-4dd7-801c-2f3fac49aa81-235.js (sourcemap at route.js.map, debug id 4f10a993-d6f3-4dd7-801c-2f3fac49aa81)
    ~/4ff44e6a-5591-4e7c-94a1-f7bdd9c45154-125.js (sourcemap at route.js.map, debug id 4ff44e6a-5591-4e7c-94a1-f7bdd9c45154)
    ~/508d5dd6-43fd-4c18-b58f-1b1772070ea5-155.js (sourcemap at route.js.map, debug id 508d5dd6-43fd-4c18-b58f-1b1772070ea5)
    ~/53c3b7b7-2678-4455-9e6c-61a5ced8d2c2-113.js (sourcemap at route.js.map, debug id 53c3b7b7-2678-4455-9e6c-61a5ced8d2c2)
    ~/5400c4fb-440f-439f-a2a3-69dc42e4022e-202.js (sourcemap at route.js.map, debug id 5400c4fb-440f-439f-a2a3-69dc42e4022e)
    ~/54358ea9-37d0-465e-8783-7027d1d02187-147.js (sourcemap at route.js.map, debug id 54358ea9-37d0-465e-8783-7027d1d02187)
    ~/547e2545-18e8-40d8-9b24-f8da7c64f34f-108.js (sourcemap at route.js.map, debug id 547e2545-18e8-40d8-9b24-f8da7c64f34f)
    ~/55ad00ca-f97c-487c-8c96-434f6513f900-166.js (sourcemap at route.js.map, debug id 55ad00ca-f97c-487c-8c96-434f6513f900)
    ~/55d7cf35-e055-4310-83b2-1ccc42db21a0-219.js (sourcemap at route.js.map, debug id 55d7cf35-e055-4310-83b2-1ccc42db21a0)
    ~/55e05840-cc57-4e1e-8598-4f8966f7cd1e-105.js (sourcemap at route.js.map, debug id 55e05840-cc57-4e1e-8598-4f8966f7cd1e)
    ~/55fc84ef-7adb-4dcd-9056-41fa3ecfbf2f-121.js (sourcemap at route.js.map, debug id 55fc84ef-7adb-4dcd-9056-41fa3ecfbf2f)
    ~/571707fb-b033-49bb-b44a-86e735db533d-313.js (sourcemap at 5145.js.map, debug id 571707fb-b033-49bb-b44a-86e735db533d)
    ~/5847ef66-ac8a-464c-9821-eb4b279068b3-43.js (sourcemap at page.js.map, debug id 5847ef66-ac8a-464c-9821-eb4b279068b3)
    ~/5850d9ab-a189-48ad-8308-9cb6a90989f7-40.js (sourcemap at page.js.map, debug id 5850d9ab-a189-48ad-8308-9cb6a90989f7)
    ~/5899730d-5b3d-4f4a-85b1-3afdc9e734b1-156.js (sourcemap at route.js.map, debug id 5899730d-5b3d-4f4a-85b1-3afdc9e734b1)
    ~/596ec2af-0714-49e1-9df6-aaee43d7be6e-139.js (sourcemap at route.js.map, debug id 596ec2af-0714-49e1-9df6-aaee43d7be6e)
    ~/5a011dcf-6fc4-46a2-a9c5-41a265bcbf64-223.js (sourcemap at route.js.map, debug id 5a011dcf-6fc4-46a2-a9c5-41a265bcbf64)
    ~/5bd9f431-c848-434c-9bb8-2b0676fd9ee3-48.js (sourcemap at page.js.map, debug id 5bd9f431-c848-434c-9bb8-2b0676fd9ee3)
    ~/5e39b739-8934-4127-a476-357c2b267192-176.js (sourcemap at route.js.map, debug id 5e39b739-8934-4127-a476-357c2b267192)
    ~/5f33e42b-427b-4148-814d-eaac5e3b6eb8-25.js (sourcemap at page.js.map, debug id 5f33e42b-427b-4148-814d-eaac5e3b6eb8)
    ~/5f6209d2-8ed9-4bc4-a540-274e595dab6c-110.js (sourcemap at route.js.map, debug id 5f6209d2-8ed9-4bc4-a540-274e595dab6c)
    ~/6038c4d0-77ca-4a1d-bebb-0e52659dd85c-163.js (sourcemap at route.js.map, debug id 6038c4d0-77ca-4a1d-bebb-0e52659dd85c)
    ~/60a75765-fad7-4d5d-9728-ecd3b23790e6-265.js (sourcemap at route.js.map, debug id 60a75765-fad7-4d5d-9728-ecd3b23790e6)
    ~/6106f8e8-2aaa-4efe-994e-62fd4ff4756c-87.js (sourcemap at route.js.map, debug id 6106f8e8-2aaa-4efe-994e-62fd4ff4756c)
    ~/624bc59d-5051-4934-87c1-cd2b773368f2-71.js (sourcemap at page.js.map, debug id 624bc59d-5051-4934-87c1-cd2b773368f2)
    ~/62c8e33c-caf8-4376-8a06-822d0f565dcb-288.js (sourcemap at 2438.js.map, debug id 62c8e33c-caf8-4376-8a06-822d0f565dcb)
    ~/65d67a40-c84e-47a0-9f9d-82a695cb9760-321.js (sourcemap at 6242.js.map, debug id 65d67a40-c84e-47a0-9f9d-82a695cb9760)
    ~/666282fb-87a5-4147-a6da-da3e703b5506-95.js (sourcemap at route.js.map, debug id 666282fb-87a5-4147-a6da-da3e703b5506)
    ~/67b7ae3d-757a-4508-a011-519d1ce9be47-281.js (sourcemap at 1419.js.map, debug id 67b7ae3d-757a-4508-a011-519d1ce9be47)
    ~/69307b49-42c2-42c3-88f3-8b7fc875aa1b-77.js (sourcemap at route.js.map, debug id 69307b49-42c2-42c3-88f3-8b7fc875aa1b)
    ~/6add210d-751b-4510-94bb-d063ea26f962-91.js (sourcemap at route.js.map, debug id 6add210d-751b-4510-94bb-d063ea26f962)
    ~/6be9165c-517e-4279-9236-0cee7ef8c68f-174.js (sourcemap at route.js.map, debug id 6be9165c-517e-4279-9236-0cee7ef8c68f)
    ~/6c1a1067-c297-438c-8691-d5c7376bddc8-88.js (sourcemap at route.js.map, debug id 6c1a1067-c297-438c-8691-d5c7376bddc8)
    ~/6e932ee1-2ac6-4538-b323-10141e9dd874-99.js (sourcemap at route.js.map, debug id 6e932ee1-2ac6-4538-b323-10141e9dd874)
    ~/6ecaa67d-4673-485c-89c5-70c8747b6901-268.js (sourcemap at route.js.map, debug id 6ecaa67d-4673-485c-89c5-70c8747b6901)
    ~/6f472f01-86ad-417e-af10-02a827caf13a-226.js (sourcemap at route.js.map, debug id 6f472f01-86ad-417e-af10-02a827caf13a)
    ~/6f5a50ea-6a96-4186-a086-59fa89cb8c59-188.js (sourcemap at route.js.map, debug id 6f5a50ea-6a96-4186-a086-59fa89cb8c59)
    ~/6fb98615-77cd-4a4f-9989-a4fd3c1b4b3a-190.js (sourcemap at route.js.map, debug id 6fb98615-77cd-4a4f-9989-a4fd3c1b4b3a)
    ~/70458692-ba9c-4226-847f-4cb9304194de-152.js (sourcemap at route.js.map, debug id 70458692-ba9c-4226-847f-4cb9304194de)
    ~/71618830-42cd-4e45-81d3-ff538f55f038-337.js (sourcemap at 8025.js.map, debug id 71618830-42cd-4e45-81d3-ff538f55f038)
    ~/738e446e-7bfb-4df5-921e-c24d6b6a7af7-309.js (sourcemap at 4704.js.map, debug id 738e446e-7bfb-4df5-921e-c24d6b6a7af7)
    ~/739c31ea-c254-49a3-a4cb-00389704b766-3.js (sourcemap at page.js.map, debug id 739c31ea-c254-49a3-a4cb-00389704b766)
    ~/749061c7-487a-491d-8b8c-a96833724ec3-224.js (sourcemap at route.js.map, debug id 749061c7-487a-491d-8b8c-a96833724ec3)
    ~/7543ae03-9b92-4fff-8127-699a2b21727f-357.js (no sourcemap found, debug id 7543ae03-9b92-4fff-8127-699a2b21727f)
      - warning: could not determine a source map reference (Could not auto-detect referenced sourcemap for ~/7543ae03-9b92-4fff-8127-699a2b21727f-357.js)
    ~/7570412a-b1c8-4e5d-87f8-9476ffd96d40-317.js (sourcemap at 6074.js.map, debug id 7570412a-b1c8-4e5d-87f8-9476ffd96d40)
    ~/75b45033-7ecd-489a-b39b-e9208a170d41-28.js (sourcemap at page.js.map, debug id 75b45033-7ecd-489a-b39b-e9208a170d41)
    ~/764dbd40-b126-44f4-aa45-7679a974145d-302.js (sourcemap at 4293.js.map, debug id 764dbd40-b126-44f4-aa45-7679a974145d)
    ~/77132a0a-f971-45a5-8dc8-3c43d1dadbef-89.js (sourcemap at route.js.map, debug id 77132a0a-f971-45a5-8dc8-3c43d1dadbef)
    ~/77d95d3a-5e28-4610-bdf1-8df63ae5ecfc-165.js (sourcemap at route.js.map, debug id 77d95d3a-5e28-4610-bdf1-8df63ae5ecfc)
    ~/78d75680-20f8-4ca3-98ab-a24477023d6e-304.js (sourcemap at 4422.js.map, debug id 78d75680-20f8-4ca3-98ab-a24477023d6e)
    ~/7a37859d-f0e7-4273-be74-6edbe2cc840c-331.js (sourcemap at 7386.js.map, debug id 7a37859d-f0e7-4273-be74-6edbe2cc840c)
    ~/7ad64435-2c37-4871-a687-06e0d917bd3d-286.js (sourcemap at 2428.js.map, debug id 7ad64435-2c37-4871-a687-06e0d917bd3d)
    ~/7b2cde6c-fb22-419a-92a5-8a66e0c0c83d-8.js (sourcemap at page.js.map, debug id 7b2cde6c-fb22-419a-92a5-8a66e0c0c83d)
    ~/7b83b234-a193-4782-8600-9f56703887fe-58.js (sourcemap at page.js.map, debug id 7b83b234-a193-4782-8600-9f56703887fe)
    ~/7bbc95e0-665d-4a5b-a8af-d30415d89db7-242.js (sourcemap at route.js.map, debug id 7bbc95e0-665d-4a5b-a8af-d30415d89db7)
    ~/7c6a1f70-92c1-49c3-a418-9c3ed67d65bd-66.js (sourcemap at page.js.map, debug id 7c6a1f70-92c1-49c3-a418-9c3ed67d65bd)
    ~/7d5e6f42-a1e5-424b-a06d-f9c2c02532a8-175.js (sourcemap at route.js.map, debug id 7d5e6f42-a1e5-424b-a06d-f9c2c02532a8)
    ~/7dbe646d-92ee-47bb-86bb-915917607d96-19.js (sourcemap at page.js.map, debug id 7dbe646d-92ee-47bb-86bb-915917607d96)
    ~/7dd8961c-c7fe-4c71-a2e4-a9cd9ad5209d-308.js (sourcemap at 4693.js.map, debug id 7dd8961c-c7fe-4c71-a2e4-a9cd9ad5209d)
    ~/7e3417c6-edc7-46c4-92d0-9d1b51740187-170.js (sourcemap at route.js.map, debug id 7e3417c6-edc7-46c4-92d0-9d1b51740187)
    ~/7ecc0721-abd1-4009-9fc4-cd46a68d411f-261.js (sourcemap at route.js.map, debug id 7ecc0721-abd1-4009-9fc4-cd46a68d411f)
    ~/7ee91825-1b63-4df2-bd0d-db915433e39d-290.js (sourcemap at 2509.js.map, debug id 7ee91825-1b63-4df2-bd0d-db915433e39d)
    ~/7f313584-2f36-4b22-9c52-9b16dfcac13b-23.js (sourcemap at page.js.map, debug id 7f313584-2f36-4b22-9c52-9b16dfcac13b)
    ~/8191155b-a106-4ca8-a7a2-30598797fe57-315.js (sourcemap at 5846.js.map, debug id 8191155b-a106-4ca8-a7a2-30598797fe57)
    ~/8213a460-e2cb-4fab-92a5-82b29ff748c3-18.js (sourcemap at page.js.map, debug id 8213a460-e2cb-4fab-92a5-82b29ff748c3)
    ~/8221e419-1258-4b94-b4bf-b39e0c262697-328.js (sourcemap at 7082.js.map, debug id 8221e419-1258-4b94-b4bf-b39e0c262697)
    ~/83b87be2-af1d-4af4-9a85-f27324faf272-266.js (sourcemap at route.js.map, debug id 83b87be2-af1d-4af4-9a85-f27324faf272)
    ~/83daa0bd-c636-44c5-8e95-d43f0960105e-86.js (sourcemap at route.js.map, debug id 83daa0bd-c636-44c5-8e95-d43f0960105e)
    ~/847742f2-a6ee-4610-8f09-8361cdd3e60a-292.js (sourcemap at 2773.js.map, debug id 847742f2-a6ee-4610-8f09-8361cdd3e60a)
    ~/85445088-c97a-4498-9fc2-09dc5d6a8d44-210.js (sourcemap at route.js.map, debug id 85445088-c97a-4498-9fc2-09dc5d6a8d44)
    ~/8584ec49-1694-42d7-826a-216dfcbc4131-254.js (sourcemap at route.js.map, debug id 8584ec49-1694-42d7-826a-216dfcbc4131)
    ~/85a679a6-b709-4a8b-bd3b-5b82631b621e-218.js (sourcemap at route.js.map, debug id 85a679a6-b709-4a8b-bd3b-5b82631b621e)
    ~/85a8e9ba-3e0c-4726-a17a-81acd0b8e956-72.js (sourcemap at page.js.map, debug id 85a8e9ba-3e0c-4726-a17a-81acd0b8e956)
    ~/86307ac2-5f88-44d1-b4b0-676d3ecd7d11-234.js (sourcemap at route.js.map, debug id 86307ac2-5f88-44d1-b4b0-676d3ecd7d11)
    ~/87344a36-4484-4d8e-ac54-bb9969adba16-330.js (sourcemap at 7208.js.map, debug id 87344a36-4484-4d8e-ac54-bb9969adba16)
    ~/88e58a4e-241b-4139-90ff-4d97e1256c5d-296.js (sourcemap at 2999.js.map, debug id 88e58a4e-241b-4139-90ff-4d97e1256c5d)
    ~/893459f8-c88c-4917-8b99-158f99789365-124.js (sourcemap at route.js.map, debug id 893459f8-c88c-4917-8b99-158f99789365)
    ~/89bace96-45b4-43b6-80e4-002ff6e30be2-73.js (sourcemap at page.js.map, debug id 89bace96-45b4-43b6-80e4-002ff6e30be2)
    ~/8a4b7500-0420-4b62-875d-54ec474e2a12-98.js (sourcemap at route.js.map, debug id 8a4b7500-0420-4b62-875d-54ec474e2a12)
    ~/8afd378b-3596-491d-8bcb-783725216143-111.js (sourcemap at route.js.map, debug id 8afd378b-3596-491d-8bcb-783725216143)
    ~/8b1735d3-b88a-4317-9e45-31324aa5ea42-61.js (sourcemap at page.js.map, debug id 8b1735d3-b88a-4317-9e45-31324aa5ea42)
    ~/8c346820-54b7-4d0b-b27e-44c92aaec20f-65.js (sourcemap at page.js.map, debug id 8c346820-54b7-4d0b-b27e-44c92aaec20f)
    ~/8d95b7cf-3f4b-47da-8ab9-be917c31c826-283.js (sourcemap at 2006.js.map, debug id 8d95b7cf-3f4b-47da-8ab9-be917c31c826)
    ~/8d9e3637-338c-4835-a679-aa7d2caa3aee-31.js (sourcemap at page.js.map, debug id 8d9e3637-338c-4835-a679-aa7d2caa3aee)
    ~/8fad26b5-dda6-4661-a072-2205049e25f7-275.js (sourcemap at route.js.map, debug id 8fad26b5-dda6-4661-a072-2205049e25f7)
    ~/8faf9123-e682-4cb6-b1d4-07448a9c0ddd-305.js (sourcemap at 4438.js.map, debug id 8faf9123-e682-4cb6-b1d4-07448a9c0ddd)
    ~/8feafd1f-44e1-4046-9e74-4fbd81c924fa-240.js (sourcemap at route.js.map, debug id 8feafd1f-44e1-4046-9e74-4fbd81c924fa)
    ~/8ff47a52-e3f3-426c-9e29-2b5863a17ee5-282.js (sourcemap at 1606.js.map, debug id 8ff47a52-e3f3-426c-9e29-2b5863a17ee5)
    ~/9005ee89-74c2-43e7-a353-984be9a6e448-145.js (sourcemap at route.js.map, debug id 9005ee89-74c2-43e7-a353-984be9a6e448)
    ~/9083f96d-939a-4ac4-bd47-70d2197bcb57-104.js (sourcemap at route.js.map, debug id 9083f96d-939a-4ac4-bd47-70d2197bcb57)
    ~/9112f97a-c3af-4d04-8d0c-7004f0660a9a-206.js (sourcemap at route.js.map, debug id 9112f97a-c3af-4d04-8d0c-7004f0660a9a)
    ~/91e0753c-1c84-4bfa-baf7-35214edb227f-297.js (sourcemap at 3146.js.map, debug id 91e0753c-1c84-4bfa-baf7-35214edb227f)
    ~/924b1f7e-b8e3-4029-814e-6e8d4ba4e65a-45.js (sourcemap at page.js.map, debug id 924b1f7e-b8e3-4029-814e-6e8d4ba4e65a)
    ~/92aa6568-7029-418d-abde-e4b08d81ea4a-29.js (sourcemap at page.js.map, debug id 92aa6568-7029-418d-abde-e4b08d81ea4a)
    ~/938cd57e-251b-498d-adca-42be6873d139-255.js (sourcemap at route.js.map, debug id 938cd57e-251b-498d-adca-42be6873d139)
    ~/93e9bbf9-daca-4a6c-8a14-61de87cb2662-280.js (sourcemap at 1359.js.map, debug id 93e9bbf9-daca-4a6c-8a14-61de87cb2662)
    ~/95edbe47-e57a-411b-9a7c-40344537da2a-44.js (sourcemap at page.js.map, debug id 95edbe47-e57a-411b-9a7c-40344537da2a)
    ~/97bb3797-fde5-4412-ba6b-7e40103e40a0-33.js (sourcemap at page.js.map, debug id 97bb3797-fde5-4412-ba6b-7e40103e40a0)
    ~/97c01a47-5cba-4adf-ae08-988de44431b3-42.js (sourcemap at page.js.map, debug id 97c01a47-5cba-4adf-ae08-988de44431b3)
    ~/97e3d981-b290-4182-a859-9fef09aaf421-117.js (sourcemap at route.js.map, debug id 97e3d981-b290-4182-a859-9fef09aaf421)
    ~/990d2fa9-52e3-4c4c-9444-dd01cee48590-78.js (sourcemap at route.js.map, debug id 990d2fa9-52e3-4c4c-9444-dd01cee48590)
    ~/996f2436-950f-4e02-8892-850368fef3e4-15.js (sourcemap at page.js.map, debug id 996f2436-950f-4e02-8892-850368fef3e4)
    ~/9c572d2d-bae9-4c81-9622-dfca9077eeaf-142.js (sourcemap at route.js.map, debug id 9c572d2d-bae9-4c81-9622-dfca9077eeaf)
    ~/9d857a0b-d832-4076-811d-5bd0893b9c20-1.js (sourcemap at page.js.map, debug id 9d857a0b-d832-4076-811d-5bd0893b9c20)
    ~/9d910d1c-045b-4c6f-9580-749831270fe3-161.js (sourcemap at route.js.map, debug id 9d910d1c-045b-4c6f-9580-749831270fe3)
    ~/9da3d9f1-baf0-4d7d-983a-79d0d4060e76-333.js (sourcemap at 7821.js.map, debug id 9da3d9f1-baf0-4d7d-983a-79d0d4060e76)
    ~/9df59702-f182-457a-9df3-17d3665cce76-181.js (sourcemap at route.js.map, debug id 9df59702-f182-457a-9df3-17d3665cce76)
    ~/9e0abc71-3153-40a0-bbc1-e8b7ca95d042-336.js (sourcemap at 8002.js.map, debug id 9e0abc71-3153-40a0-bbc1-e8b7ca95d042)
    ~/9e6ceafe-68b2-468a-9172-fffb053f3f59-140.js (sourcemap at route.js.map, debug id 9e6ceafe-68b2-468a-9172-fffb053f3f59)
    ~/a0716ae3-09da-4db1-916a-1b5799d9a5b2-157.js (sourcemap at route.js.map, debug id a0716ae3-09da-4db1-916a-1b5799d9a5b2)
    ~/a0bddf33-f1ee-4a2c-9ac0-91f2bab9da94-128.js (sourcemap at route.js.map, debug id a0bddf33-f1ee-4a2c-9ac0-91f2bab9da94)
    ~/a0e555f8-a82e-4f34-979d-2d54eebb1c5d-301.js (sourcemap at 389.js.map, debug id a0e555f8-a82e-4f34-979d-2d54eebb1c5d)
    ~/a141e2b3-03de-473c-afd4-7f46bffc6202-47.js (sourcemap at page.js.map, debug id a141e2b3-03de-473c-afd4-7f46bffc6202)
    ~/a1d5d3ec-b1c5-4f87-a2f5-1b13813eb162-136.js (sourcemap at route.js.map, debug id a1d5d3ec-b1c5-4f87-a2f5-1b13813eb162)
    ~/a2633930-49e5-44cc-a4f7-04cd0c03dfe3-231.js (sourcemap at route.js.map, debug id a2633930-49e5-44cc-a4f7-04cd0c03dfe3)
    ~/a3b3f135-d1aa-4757-95b5-9b2413893c68-334.js (sourcemap at 7825.js.map, debug id a3b3f135-d1aa-4757-95b5-9b2413893c68)
    ~/a3be81c1-1902-4d53-93fe-4705a744e332-100.js (sourcemap at route.js.map, debug id a3be81c1-1902-4d53-93fe-4705a744e332)
    ~/a41854fa-888c-4a88-b8d6-728ce1e82d30-267.js (sourcemap at route.js.map, debug id a41854fa-888c-4a88-b8d6-728ce1e82d30)
    ~/a45fb381-a918-4f6c-b81d-94ba64c379f2-56.js (sourcemap at page.js.map, debug id a45fb381-a918-4f6c-b81d-94ba64c379f2)
    ~/a48bfbac-b761-424a-97ae-5f16c7b2630b-119.js (sourcemap at route.js.map, debug id a48bfbac-b761-424a-97ae-5f16c7b2630b)
    ~/a53bf812-fc2a-4959-81bf-79c33a9f95f0-64.js (sourcemap at page.js.map, debug id a53bf812-fc2a-4959-81bf-79c33a9f95f0)
    ~/a5c3dd62-d72c-4bb2-bb3c-dea9add5858b-230.js (sourcemap at route.js.map, debug id a5c3dd62-d72c-4bb2-bb3c-dea9add5858b)
    ~/a6d4279d-c814-4974-b420-3f2a477fd080-120.js (sourcemap at route.js.map, debug id a6d4279d-c814-4974-b420-3f2a477fd080)
    ~/a6dcf160-83f4-42b6-b00e-41438e496fa9-257.js (sourcemap at route.js.map, debug id a6dcf160-83f4-42b6-b00e-41438e496fa9)
    ~/a7fcc378-adbc-4886-a58e-44304c818912-183.js (sourcemap at route.js.map, debug id a7fcc378-adbc-4886-a58e-44304c818912)
    ~/a9723884-8772-44db-9e3c-06c19b7eceef-248.js (sourcemap at route.js.map, debug id a9723884-8772-44db-9e3c-06c19b7eceef)
    ~/a9a97d4a-fc90-45bb-9c24-d105bce72c0f-133.js (sourcemap at route.js.map, debug id a9a97d4a-fc90-45bb-9c24-d105bce72c0f)
    ~/ab93e6eb-68ba-4d87-8076-92d899a2cf35-59.js (sourcemap at page.js.map, debug id ab93e6eb-68ba-4d87-8076-92d899a2cf35)
    ~/abe8322b-2d45-47db-bc15-6fc23b81647b-324.js (sourcemap at 6387.js.map, debug id abe8322b-2d45-47db-bc15-6fc23b81647b)
    ~/ac4f8f73-f7df-4763-9783-15afdf00cfc7-239.js (sourcemap at route.js.map, debug id ac4f8f73-f7df-4763-9783-15afdf00cfc7)
    ~/ac6cd2ff-6b68-4360-8502-47662c0bfad1-182.js (sourcemap at route.js.map, debug id ac6cd2ff-6b68-4360-8502-47662c0bfad1)
    ~/ad2e6937-f1c9-4d8f-9d34-04a0cfe35bf0-151.js (sourcemap at route.js.map, debug id ad2e6937-f1c9-4d8f-9d34-04a0cfe35bf0)
    ~/ad35a33a-fd5d-4e22-8730-45dc504fe683-329.js (sourcemap at 714.js.map, debug id ad35a33a-fd5d-4e22-8730-45dc504fe683)
    ~/adc7ba86-054c-45fc-bb4d-03ebfed9542c-277.js (sourcemap at page.js.map, debug id adc7ba86-054c-45fc-bb4d-03ebfed9542c)
    ~/b125f86a-e428-4a21-bc16-b6dc6da8a44d-298.js (sourcemap at 3242.js.map, debug id b125f86a-e428-4a21-bc16-b6dc6da8a44d)
    ~/b1773e16-2259-41fc-967b-beab6acc1de6-212.js (sourcemap at route.js.map, debug id b1773e16-2259-41fc-967b-beab6acc1de6)
    ~/b2a06a35-ffa0-4039-9b0e-7f8ce99fcbee-55.js (sourcemap at page.js.map, debug id b2a06a35-ffa0-4039-9b0e-7f8ce99fcbee)
    ~/b2e66143-1a47-4f77-a49a-dbc6298697ee-272.js (sourcemap at route.js.map, debug id b2e66143-1a47-4f77-a49a-dbc6298697ee)
    ~/b2facfc5-e7dc-4411-bacd-eed2f318009f-335.js (sourcemap at 7947.js.map, debug id b2facfc5-e7dc-4411-bacd-eed2f318009f)
    ~/b343288d-1a87-49a1-ab18-5c286fb77c76-299.js (sourcemap at 3362.js.map, debug id b343288d-1a87-49a1-ab18-5c286fb77c76)
    ~/b3480ebc-06be-4407-b9b7-daff899caea9-227.js (sourcemap at route.js.map, debug id b3480ebc-06be-4407-b9b7-daff899caea9)
    ~/b37cd0d5-31b4-4836-8180-0c0bf472ac2a-173.js (sourcemap at route.js.map, debug id b37cd0d5-31b4-4836-8180-0c0bf472ac2a)
    ~/b37ce764-296f-4ba9-9192-2d6bdcf81c4d-0.js (sourcemap at page.js.map, debug id b37ce764-296f-4ba9-9192-2d6bdcf81c4d)
    ~/b508b1e7-17e6-44bf-97ec-2465bc89ab0a-12.js (sourcemap at page.js.map, debug id b508b1e7-17e6-44bf-97ec-2465bc89ab0a)
    ~/b522b6ec-2bfd-4778-955e-954da6244372-262.js (sourcemap at route.js.map, debug id b522b6ec-2bfd-4778-955e-954da6244372)
    ~/b56cf487-18b3-4a70-a163-ff2223d6420a-92.js (sourcemap at route.js.map, debug id b56cf487-18b3-4a70-a163-ff2223d6420a)
    ~/b7938d8c-b10c-44b4-baf0-81433d29461c-271.js (sourcemap at route.js.map, debug id b7938d8c-b10c-44b4-baf0-81433d29461c)
    ~/b86b567b-34bd-4711-8689-d3794d30a0ea-199.js (sourcemap at route.js.map, debug id b86b567b-34bd-4711-8689-d3794d30a0ea)
    ~/b8ba6547-bddd-457b-878f-724960372f0c-153.js (sourcemap at route.js.map, debug id b8ba6547-bddd-457b-878f-724960372f0c)
    ~/b907b5a1-209c-4483-a8d3-2284c609bea5-201.js (sourcemap at route.js.map, debug id b907b5a1-209c-4483-a8d3-2284c609bea5)
    ~/b9e69f51-1075-4b36-b3d5-c4a05996101c-168.js (sourcemap at route.js.map, debug id b9e69f51-1075-4b36-b3d5-c4a05996101c)
    ~/ba247230-cf23-4c8b-9695-6caaf95f7938-52.js (sourcemap at page.js.map, debug id ba247230-cf23-4c8b-9695-6caaf95f7938)
    ~/ba76bacb-2208-4b6a-a3eb-a453cfb4a0b1-7.js (sourcemap at page.js.map, debug id ba76bacb-2208-4b6a-a3eb-a453cfb4a0b1)
    ~/bc9197a4-a7c2-41ce-94be-6b0628080812-346.js (sourcemap at 9017.js.map, debug id bc9197a4-a7c2-41ce-94be-6b0628080812)
    ~/bd8ac9da-2117-4fcf-a273-495413a7cb28-291.js (sourcemap at 2577.js.map, debug id bd8ac9da-2117-4fcf-a273-495413a7cb28)
    ~/bda663db-4dce-4721-b42b-a279b4b80e7b-81.js (sourcemap at route.js.map, debug id bda663db-4dce-4721-b42b-a279b4b80e7b)
    ~/be017847-0bbe-4c72-a1c5-b1d290aa7599-323.js (sourcemap at 637.js.map, debug id be017847-0bbe-4c72-a1c5-b1d290aa7599)
    ~/bead1f0f-5fe0-4334-a272-cc5d27dc86f9-115.js (sourcemap at route.js.map, debug id bead1f0f-5fe0-4334-a272-cc5d27dc86f9)
    ~/c010c6e8-6a34-4e85-9446-a7eb61822c20-22.js (sourcemap at page.js.map, debug id c010c6e8-6a34-4e85-9446-a7eb61822c20)
    ~/c06d7f31-8f86-4879-a6f2-09f9c98d3146-285.js (sourcemap at 2363.js.map, debug id c06d7f31-8f86-4879-a6f2-09f9c98d3146)
    ~/c289d9d9-3307-44ac-9646-1462d461426e-347.js (sourcemap at 9085.js.map, debug id c289d9d9-3307-44ac-9646-1462d461426e)
    ~/c2a8225a-7b88-4059-9760-85e0a9d8d237-232.js (sourcemap at route.js.map, debug id c2a8225a-7b88-4059-9760-85e0a9d8d237)
    ~/c37a9809-485d-42ed-b69f-262c2b6ac0c7-243.js (sourcemap at route.js.map, debug id c37a9809-485d-42ed-b69f-262c2b6ac0c7)
    ~/c3f730ff-379b-461c-8479-85f7d10f8909-82.js (sourcemap at route.js.map, debug id c3f730ff-379b-461c-8479-85f7d10f8909)
    ~/c4ccdf3c-20a9-49e8-b11a-b48d98cea83c-114.js (sourcemap at route.js.map, debug id c4ccdf3c-20a9-49e8-b11a-b48d98cea83c)
    ~/c52816c5-300e-45c3-b373-7c5a7017c307-355.js (no sourcemap found, debug id c52816c5-300e-45c3-b373-7c5a7017c307)
      - warning: could not determine a source map reference (Could not auto-detect referenced sourcemap for ~/c52816c5-300e-45c3-b373-7c5a7017c307-355.js)
    ~/c7059003-1dd0-43ad-afba-448c04bb3510-215.js (sourcemap at route.js.map, debug id c7059003-1dd0-43ad-afba-448c04bb3510)
    ~/c774a1ff-a361-4b6d-be70-db2fd41c9467-130.js (sourcemap at route.js.map, debug id c774a1ff-a361-4b6d-be70-db2fd41c9467)
    ~/c7a12693-8974-47ab-b3ed-52323f4d2d38-132.js (sourcemap at route.js.map, debug id c7a12693-8974-47ab-b3ed-52323f4d2d38)
    ~/c7e5680f-2a71-4903-999a-d11644a4248c-76.js (sourcemap at route.js.map, debug id c7e5680f-2a71-4903-999a-d11644a4248c)
    ~/c8c7f835-b360-4dce-bd6b-95e463148d99-74.js (sourcemap at page.js.map, debug id c8c7f835-b360-4dce-bd6b-95e463148d99)
    ~/c9275c58-f005-432e-aced-825737ce8b2e-322.js (sourcemap at 6291.js.map, debug id c9275c58-f005-432e-aced-825737ce8b2e)
    ~/c9ad2858-e55b-4772-bcca-bec86db438bc-171.js (sourcemap at route.js.map, debug id c9ad2858-e55b-4772-bcca-bec86db438bc)
    ~/c9f0a0db-2cc5-406c-b3a6-0083a2797a88-24.js (sourcemap at page.js.map, debug id c9f0a0db-2cc5-406c-b3a6-0083a2797a88)
    ~/cadf4a46-5615-49ab-8227-2023db6126aa-273.js (sourcemap at route.js.map, debug id cadf4a46-5615-49ab-8227-2023db6126aa)
    ~/ccc44477-6810-42ee-830f-ac29c98fbb26-63.js (sourcemap at page.js.map, debug id ccc44477-6810-42ee-830f-ac29c98fbb26)
    ~/ccdce3be-be60-4d2e-9363-42e694a5917a-228.js (sourcemap at route.js.map, debug id ccdce3be-be60-4d2e-9363-42e694a5917a)
    ~/cce9aba3-36f6-4ab9-84c0-332ba0b8257e-213.js (sourcemap at route.js.map, debug id cce9aba3-36f6-4ab9-84c0-332ba0b8257e)
    ~/cd6e44fb-f905-4691-bce4-ae53b71718e1-354.js (sourcemap at _app.js.map, debug id cd6e44fb-f905-4691-bce4-ae53b71718e1)
    ~/ce67a796-70ae-499f-9c6b-6bc20e3d8b40-260.js (sourcemap at route.js.map, debug id ce67a796-70ae-499f-9c6b-6bc20e3d8b40)
    ~/cf1df05b-7937-4307-990b-76b8db65a12c-345.js (sourcemap at 8810.js.map, debug id cf1df05b-7937-4307-990b-76b8db65a12c)
    ~/cf363b62-dae3-4985-bc91-16f15b594abf-339.js (sourcemap at 8270.js.map, debug id cf363b62-dae3-4985-bc91-16f15b594abf)
    ~/cfc7653e-32c3-41fb-a61d-2fcdb818a302-342.js (sourcemap at 8534.js.map, debug id cfc7653e-32c3-41fb-a61d-2fcdb818a302)
    ~/d01aed0d-4020-4fe9-a406-5688c18bf01c-256.js (sourcemap at route.js.map, debug id d01aed0d-4020-4fe9-a406-5688c18bf01c)
    ~/d0d6eec6-b9c3-4ebb-844a-f27a72847588-274.js (sourcemap at route.js.map, debug id d0d6eec6-b9c3-4ebb-844a-f27a72847588)
    ~/d0fec1bd-13c7-4fa0-bf9d-8bc00c893fa3-352.js (sourcemap at 9996.js.map, debug id d0fec1bd-13c7-4fa0-bf9d-8bc00c893fa3)
    ~/d2a2df34-f84d-42e0-bfdd-332162c14cbc-214.js (sourcemap at route.js.map, debug id d2a2df34-f84d-42e0-bfdd-332162c14cbc)
    ~/d2cd0e6d-828c-4bc9-9731-02d10873459e-249.js (sourcemap at route.js.map, debug id d2cd0e6d-828c-4bc9-9731-02d10873459e)
    ~/d5190e73-2662-48fb-8d91-08af35aa4163-129.js (sourcemap at route.js.map, debug id d5190e73-2662-48fb-8d91-08af35aa4163)
    ~/d5426ba0-3f05-4c58-b69e-f13b3155df7d-211.js (sourcemap at route.js.map, debug id d5426ba0-3f05-4c58-b69e-f13b3155df7d)
    ~/d56fab95-74b4-46c0-a55a-e6eedcaf8579-154.js (sourcemap at route.js.map, debug id d56fab95-74b4-46c0-a55a-e6eedcaf8579)
    ~/d6083c47-0602-482f-9c95-596ef2cb1618-69.js (sourcemap at page.js.map, debug id d6083c47-0602-482f-9c95-596ef2cb1618)
    ~/d6e78816-b5b4-49af-a90a-4f332b3162ef-80.js (sourcemap at route.js.map, debug id d6e78816-b5b4-49af-a90a-4f332b3162ef)
    ~/d7434e78-a644-44b4-8b61-4fb18086e816-264.js (sourcemap at route.js.map, debug id d7434e78-a644-44b4-8b61-4fb18086e816)
    ~/d74a9ac4-9840-483b-a436-141b1dbe86ea-167.js (sourcemap at route.js.map, debug id d74a9ac4-9840-483b-a436-141b1dbe86ea)
    ~/d9198263-6e13-40d1-9ee3-961755743c4e-185.js (sourcemap at route.js.map, debug id d9198263-6e13-40d1-9ee3-961755743c4e)
    ~/d9b5c227-2885-403e-ac65-45e63e7c86cf-135.js (sourcemap at route.js.map, debug id d9b5c227-2885-403e-ac65-45e63e7c86cf)
    ~/da51476b-c654-45ea-a1c0-c08257cdf483-351.js (sourcemap at 947.js.map, debug id da51476b-c654-45ea-a1c0-c08257cdf483)
    ~/da69acbb-d1c1-4f67-9e6b-0f070bbd82ae-229.js (sourcemap at route.js.map, debug id da69acbb-d1c1-4f67-9e6b-0f070bbd82ae)
    ~/da95a2a4-4844-44ad-8e24-1db22d771dce-236.js (sourcemap at route.js.map, debug id da95a2a4-4844-44ad-8e24-1db22d771dce)
    ~/dacf3a24-28e3-44a7-8dc2-41af9688f4fc-35.js (sourcemap at page.js.map, debug id dacf3a24-28e3-44a7-8dc2-41af9688f4fc)
    ~/dba9714b-4e26-4478-af75-2191d08189db-293.js (sourcemap at 2856.js.map, debug id dba9714b-4e26-4478-af75-2191d08189db)
    ~/dbb25199-cb78-46d2-901e-9574ed4c64a3-116.js (sourcemap at route.js.map, debug id dbb25199-cb78-46d2-901e-9574ed4c64a3)
    ~/dc25ab5d-183b-48ea-b316-0c086e890f82-53.js (sourcemap at page.js.map, debug id dc25ab5d-183b-48ea-b316-0c086e890f82)
    ~/dc350301-17fa-4654-be4c-bef7ddf9af4c-204.js (sourcemap at route.js.map, debug id dc350301-17fa-4654-be4c-bef7ddf9af4c)
    ~/de4db3b7-5865-4269-8f43-7daedf68283d-326.js (sourcemap at 6772.js.map, debug id de4db3b7-5865-4269-8f43-7daedf68283d)
    ~/e05a309e-0390-488b-8b74-8ebf23c397cd-39.js (sourcemap at page.js.map, debug id e05a309e-0390-488b-8b74-8ebf23c397cd)
    ~/e0775e0b-50f1-434a-a494-61db8f9f7bbe-332.js (sourcemap at 759.js.map, debug id e0775e0b-50f1-434a-a494-61db8f9f7bbe)
    ~/e0ae7b20-8bd2-453a-8c1f-4bb53a79ea7f-107.js (sourcemap at route.js.map, debug id e0ae7b20-8bd2-453a-8c1f-4bb53a79ea7f)
    ~/e1f0a928-849b-4549-86e0-6f682123977a-343.js (sourcemap at 8568.js.map, debug id e1f0a928-849b-4549-86e0-6f682123977a)
    ~/e2760440-5fc9-4d8e-87c8-a4ba1d5be7eb-316.js (sourcemap at 6035.js.map, debug id e2760440-5fc9-4d8e-87c8-a4ba1d5be7eb)
    ~/e347dcbd-45fc-436e-a3f1-04dae467f8bb-205.js (sourcemap at route.js.map, debug id e347dcbd-45fc-436e-a3f1-04dae467f8bb)
    ~/e4f55c5a-27fc-4812-a270-d7e9dfb3817e-208.js (sourcemap at route.js.map, debug id e4f55c5a-27fc-4812-a270-d7e9dfb3817e)
    ~/e56c5939-6bff-4612-96d1-96d6081a00c3-62.js (sourcemap at page.js.map, debug id e56c5939-6bff-4612-96d1-96d6081a00c3)
    ~/e5911d8b-5882-4e94-907e-1370c4dc92eb-103.js (sourcemap at route.js.map, debug id e5911d8b-5882-4e94-907e-1370c4dc92eb)
    ~/e5c1fdd2-b686-4a89-a298-ef31ecc8a531-178.js (sourcemap at route.js.map, debug id e5c1fdd2-b686-4a89-a298-ef31ecc8a531)
    ~/e662f7fa-2183-4d0d-8af8-0ddfc4fc863d-306.js (sourcemap at 4441.js.map, debug id e662f7fa-2183-4d0d-8af8-0ddfc4fc863d)
    ~/e6d5bd07-6134-4c1d-b401-fea3146929e7-196.js (sourcemap at route.js.map, debug id e6d5bd07-6134-4c1d-b401-fea3146929e7)
    ~/e7049c94-9a12-40ec-a77e-2b8fe2ce8903-350.js (sourcemap at 9435.js.map, debug id e7049c94-9a12-40ec-a77e-2b8fe2ce8903)
    ~/e75a2e7f-2630-43d8-a530-669961a33f32-93.js (sourcemap at route.js.map, debug id e75a2e7f-2630-43d8-a530-669961a33f32)
    ~/e8a79694-62ec-42d9-aec6-a19945acc152-159.js (sourcemap at route.js.map, debug id e8a79694-62ec-42d9-aec6-a19945acc152)
    ~/e8d81e02-c838-4147-ba82-7dd7b6237edd-251.js (sourcemap at route.js.map, debug id e8d81e02-c838-4147-ba82-7dd7b6237edd)
    ~/e9b94cc2-4f71-4193-9567-a241f3be8532-11.js (sourcemap at page.js.map, debug id e9b94cc2-4f71-4193-9567-a241f3be8532)
    ~/eb4fea0c-9802-4960-8ff7-952f7ab5240a-209.js (sourcemap at route.js.map, debug id eb4fea0c-9802-4960-8ff7-952f7ab5240a)
    ~/eba1523e-a017-4c7f-ad4a-b60b83ac0612-203.js (sourcemap at route.js.map, debug id eba1523e-a017-4c7f-ad4a-b60b83ac0612)
    ~/eba5597c-2c47-446f-860b-e830e3efa8b4-14.js (sourcemap at page.js.map, debug id eba5597c-2c47-446f-860b-e830e3efa8b4)
    ~/ebc487f0-c476-4233-93eb-87839146ff16-207.js (sourcemap at route.js.map, debug id ebc487f0-c476-4233-93eb-87839146ff16)
    ~/ebc499c4-1cad-4480-9884-b26db41efb9d-198.js (sourcemap at route.js.map, debug id ebc499c4-1cad-4480-9884-b26db41efb9d)
    ~/ebecfe44-06f7-4125-aea7-1a34d72b52b1-149.js (sourcemap at route.js.map, debug id ebecfe44-06f7-4125-aea7-1a34d72b52b1)
    ~/ec69a509-20c5-4f73-aac9-b539af1085d2-60.js (sourcemap at page.js.map, debug id ec69a509-20c5-4f73-aac9-b539af1085d2)
    ~/ed9610ee-8a62-4ee1-99f4-ea8012af5f49-94.js (sourcemap at route.js.map, debug id ed9610ee-8a62-4ee1-99f4-ea8012af5f49)
    ~/f0330fb7-0bb2-412c-ad54-f03cbcf0f86e-137.js (sourcemap at route.js.map, debug id f0330fb7-0bb2-412c-ad54-f03cbcf0f86e)
    ~/f063cd19-84cf-42c3-8677-11c5fb55c9aa-279.js (sourcemap at 1242.js.map, debug id f063cd19-84cf-42c3-8677-11c5fb55c9aa)
    ~/f0e12621-0258-4ffd-841e-498b60558fc8-237.js (sourcemap at route.js.map, debug id f0e12621-0258-4ffd-841e-498b60558fc8)
    ~/f274538e-e1b5-4b18-b1c3-b40a5d3a0bae-36.js (sourcemap at page.js.map, debug id f274538e-e1b5-4b18-b1c3-b40a5d3a0bae)
    ~/f2753083-a069-4907-92a4-78128b319de1-9.js (sourcemap at page.js.map, debug id f2753083-a069-4907-92a4-78128b319de1)
    ~/f2f63997-276e-4139-984f-9ed4aeac71f8-50.js (sourcemap at page.js.map, debug id f2f63997-276e-4139-984f-9ed4aeac71f8)
    ~/f31520db-f7d1-489b-a89f-48982fbaf573-37.js (sourcemap at page.js.map, debug id f31520db-f7d1-489b-a89f-48982fbaf573)
    ~/f39feb2a-a4dc-4376-96f0-5f70c71fdbb3-41.js (sourcemap at page.js.map, debug id f39feb2a-a4dc-4376-96f0-5f70c71fdbb3)
    ~/f5519e32-1b45-44ec-825c-72c01822dc45-180.js (sourcemap at route.js.map, debug id f5519e32-1b45-44ec-825c-72c01822dc45)
    ~/f662e3d9-1e68-4fc4-86ce-ae5a7e13207e-177.js (sourcemap at route.js.map, debug id f662e3d9-1e68-4fc4-86ce-ae5a7e13207e)
    ~/f8548985-2e7b-4a7f-8242-cecdf77264a2-172.js (sourcemap at route.js.map, debug id f8548985-2e7b-4a7f-8242-cecdf77264a2)
    ~/f9d12a30-7983-4e7a-ac44-3a7a5001b77a-312.js (sourcemap at 5017.js.map, debug id f9d12a30-7983-4e7a-ac44-3a7a5001b77a)
    ~/fa77cf24-d76a-48e7-b9f4-0448467bc751-258.js (sourcemap at route.js.map, debug id fa77cf24-d76a-48e7-b9f4-0448467bc751)
    ~/fb4b8d23-a6e3-4774-9d29-d617247962f4-138.js (sourcemap at route.js.map, debug id fb4b8d23-a6e3-4774-9d29-d617247962f4)
    ~/fbe29711-b102-4457-9756-6378c341b5d5-217.js (sourcemap at route.js.map, debug id fbe29711-b102-4457-9756-6378c341b5d5)
    ~/fc4aaa24-f145-425a-a12d-068dd06fd56d-294.js (sourcemap at 2880.js.map, debug id fc4aaa24-f145-425a-a12d-068dd06fd56d)
    ~/fd45c86a-1247-4c84-8c27-70ac087f1777-341.js (sourcemap at 8431.js.map, debug id fd45c86a-1247-4c84-8c27-70ac087f1777)
    ~/fd7ada32-31d3-43a3-b0e1-eb9b84c874da-187.js (sourcemap at route.js.map, debug id fd7ada32-31d3-43a3-b0e1-eb9b84c874da)
    ~/fd7fb524-c3d8-46d4-8f31-99470932052e-123.js (sourcemap at route.js.map, debug id fd7fb524-c3d8-46d4-8f31-99470932052e)
    ~/fe0a6e97-724a-4087-9948-3c5a193cb6d1-17.js (sourcemap at page.js.map, debug id fe0a6e97-724a-4087-9948-3c5a193cb6d1)
    ~/ff10ce25-d3df-4341-b151-2d9868ec5cb3-319.js (sourcemap at 609.js.map, debug id ff10ce25-d3df-4341-b151-2d9868ec5cb3)
    ~/ff3083cb-0119-478f-b48a-7a3a509bbb70-195.js (sourcemap at route.js.map, debug id ff3083cb-0119-478f-b48a-7a3a509bbb70)
  Source Maps
    ~/008c807b-39e6-4e7a-bd89-a489ba297206-32.js.map (debug id 008c807b-39e6-4e7a-bd89-a489ba297206)
    ~/009d5e45-3484-4b4b-871b-4676610dc08c-2.js.map (debug id 009d5e45-3484-4b4b-871b-4676610dc08c)
    ~/022ed479-0b54-40c7-afa2-ff6757c31e1d-68.js.map (debug id 022ed479-0b54-40c7-afa2-ff6757c31e1d)
    ~/04774c97-2047-4460-aa80-f3bf05b34f38-67.js.map (debug id 04774c97-2047-4460-aa80-f3bf05b34f38)
    ~/055190bc-b6a5-46ee-b81e-830688b032ef-356.js.map (debug id 055190bc-b6a5-46ee-b81e-830688b032ef)
    ~/06ca735c-04c1-4ee8-b1bb-a4b9f0de99e8-197.js.map (debug id 06ca735c-04c1-4ee8-b1bb-a4b9f0de99e8)
    ~/0788a7b6-cf83-494b-a29a-19ebe5e844f6-126.js.map (debug id 0788a7b6-cf83-494b-a29a-19ebe5e844f6)
    ~/0bd186b6-7004-4751-97c6-2fdd4ebcbb12-200.js.map (debug id 0bd186b6-7004-4751-97c6-2fdd4ebcbb12)
    ~/0be7d7f4-b505-4ea3-a0fa-fff72dbcdc83-221.js.map (debug id 0be7d7f4-b505-4ea3-a0fa-fff72dbcdc83)
    ~/0c58eeba-da98-4d13-8780-4ba8d82636bc-247.js.map (debug id 0c58eeba-da98-4d13-8780-4ba8d82636bc)
    ~/0cbe7234-a553-4fcd-bb44-b05c400c044f-27.js.map (debug id 0cbe7234-a553-4fcd-bb44-b05c400c044f)
    ~/0d23dc9d-09b6-422f-9479-f1377db3f380-295.js.map (debug id 0d23dc9d-09b6-422f-9479-f1377db3f380)
    ~/0d779bc7-2c9d-4438-acf8-c1a70b94149e-276.js.map (debug id 0d779bc7-2c9d-4438-acf8-c1a70b94149e)
    ~/0dbef386-17b5-4678-9d69-5e8b2d18476f-186.js.map (debug id 0dbef386-17b5-4678-9d69-5e8b2d18476f)
    ~/0ddba372-3a80-4896-87be-16590c2c09e2-30.js.map (debug id 0ddba372-3a80-4896-87be-16590c2c09e2)
    ~/0e89f4b1-29e1-4617-8d41-17634b59a1da-216.js.map (debug id 0e89f4b1-29e1-4617-8d41-17634b59a1da)
    ~/0ef8c5d6-eb88-42f2-bd23-6e7c467d4145-51.js.map (debug id 0ef8c5d6-eb88-42f2-bd23-6e7c467d4145)
    ~/0fdc690e-e6be-4466-b848-185121aae3a9-189.js.map (debug id 0fdc690e-e6be-4466-b848-185121aae3a9)
    ~/10239462-7102-4803-944b-5086148f5684-21.js.map (debug id 10239462-7102-4803-944b-5086148f5684)
    ~/11b56657-9fdb-4872-8690-7d6d1a110bf0-106.js.map (debug id 11b56657-9fdb-4872-8690-7d6d1a110bf0)
    ~/11eda65d-301c-4c26-ae9f-3c40f6edb041-222.js.map (debug id 11eda65d-301c-4c26-ae9f-3c40f6edb041)
    ~/1275ac20-2d75-4043-93f7-126256d2089f-318.js.map (debug id 1275ac20-2d75-4043-93f7-126256d2089f)
    ~/12efa985-c4ff-47d8-9781-fdda6281b39f-46.js.map (debug id 12efa985-c4ff-47d8-9781-fdda6281b39f)
    ~/12fb79dc-a5bb-47a1-9210-7453a75d9c3f-143.js.map (debug id 12fb79dc-a5bb-47a1-9210-7453a75d9c3f)
    ~/130d15bf-d0ee-4847-b1cb-c08dbe21f683-109.js.map (debug id 130d15bf-d0ee-4847-b1cb-c08dbe21f683)
    ~/141b2976-052b-41d2-9538-4390835c2463-10.js.map (debug id 141b2976-052b-41d2-9538-4390835c2463)
    ~/1424e6f8-608e-4591-94a0-ea56392bdd52-225.js.map (debug id 1424e6f8-608e-4591-94a0-ea56392bdd52)
    ~/1438dcdc-549c-422b-9889-f844f35a20ed-122.js.map (debug id 1438dcdc-549c-422b-9889-f844f35a20ed)
    ~/15000ffc-4cd9-4e22-8fb4-ecf5c8d8f823-83.js.map (debug id 15000ffc-4cd9-4e22-8fb4-ecf5c8d8f823)
    ~/161fd4bd-65a6-4357-af92-5200929eb079-162.js.map (debug id 161fd4bd-65a6-4357-af92-5200929eb079)
    ~/1761f397-74e8-4c69-bb07-18846721edab-314.js.map (debug id 1761f397-74e8-4c69-bb07-18846721edab)
    ~/18356c6c-69ac-45a2-b202-ffc58568ea8c-220.js.map (debug id 18356c6c-69ac-45a2-b202-ffc58568ea8c)
    ~/186ab510-ac44-4864-9cbb-6a0b4c212005-16.js.map (debug id 186ab510-ac44-4864-9cbb-6a0b4c212005)
    ~/18761fae-b195-4392-a8dd-86b992214d84-13.js.map (debug id 18761fae-b195-4392-a8dd-86b992214d84)
    ~/19f38199-4183-4794-9906-02481048b308-102.js.map (debug id 19f38199-4183-4794-9906-02481048b308)
    ~/1ae42564-0183-4c08-a725-1c70400730fa-5.js.map (debug id 1ae42564-0183-4c08-a725-1c70400730fa)
    ~/1b5e8567-b6e0-4b14-9cd4-41231ec5e45b-252.js.map (debug id 1b5e8567-b6e0-4b14-9cd4-41231ec5e45b)
    ~/1c563caa-f064-4995-a632-e2563a8466d0-26.js.map (debug id 1c563caa-f064-4995-a632-e2563a8466d0)
    ~/1dc71290-4932-453e-9dfa-5c26759353aa-20.js.map (debug id 1dc71290-4932-453e-9dfa-5c26759353aa)
    ~/1de7d875-75c1-4f5a-9bed-2d72cc7e4b91-160.js.map (debug id 1de7d875-75c1-4f5a-9bed-2d72cc7e4b91)
    ~/1e28a685-0dad-47c1-8bd9-94526c1964ae-303.js.map (debug id 1e28a685-0dad-47c1-8bd9-94526c1964ae)
    ~/1f273ebd-2801-4a76-8a19-87867fc6e9c5-118.js.map (debug id 1f273ebd-2801-4a76-8a19-87867fc6e9c5)
    ~/234a2a15-61da-48fc-a62c-8529a86c06fb-101.js.map (debug id 234a2a15-61da-48fc-a62c-8529a86c06fb)
    ~/2474f290-7848-4021-8a37-e3b9e826f824-158.js.map (debug id 2474f290-7848-4021-8a37-e3b9e826f824)
    ~/25c6cfda-3629-4750-9c4d-f85ab12679cf-70.js.map (debug id 25c6cfda-3629-4750-9c4d-f85ab12679cf)
    ~/27323fbc-323b-4ba6-bb6e-8258f155eb1a-289.js.map (debug id 27323fbc-323b-4ba6-bb6e-8258f155eb1a)
    ~/2970202a-426a-4e91-9365-6acc8fa1fb7c-241.js.map (debug id 2970202a-426a-4e91-9365-6acc8fa1fb7c)
    ~/2a0a1edc-f298-4f4c-be6b-e7d37e7eade4-300.js.map (debug id 2a0a1edc-f298-4f4c-be6b-e7d37e7eade4)
    ~/2b4d9c41-d3a0-439a-8051-e7205afbffe0-192.js.map (debug id 2b4d9c41-d3a0-439a-8051-e7205afbffe0)
    ~/2b8c8616-a9ff-44b1-9909-bed76817a09a-112.js.map (debug id 2b8c8616-a9ff-44b1-9909-bed76817a09a)
    ~/2c1e995f-5050-49c0-bdde-d39bfa7a3324-270.js.map (debug id 2c1e995f-5050-49c0-bdde-d39bfa7a3324)
    ~/2ca62ca7-569f-4df1-9c22-3e39530fc3a0-310.js.map (debug id 2ca62ca7-569f-4df1-9c22-3e39530fc3a0)
    ~/2d4d2ce6-ee4a-4009-b8cd-b2871613e61a-344.js.map (debug id 2d4d2ce6-ee4a-4009-b8cd-b2871613e61a)
    ~/2d8b67bd-3f7a-4778-947a-7ecec8ea4e15-134.js.map (debug id 2d8b67bd-3f7a-4778-947a-7ecec8ea4e15)
    ~/2e4ca229-2cc9-4ecd-9f48-5dfcb675a926-278.js.map (debug id 2e4ca229-2cc9-4ecd-9f48-5dfcb675a926)
    ~/2f7c0d96-66d9-4bf7-9cf3-9721f8cab3c5-311.js.map (debug id 2f7c0d96-66d9-4bf7-9cf3-9721f8cab3c5)
    ~/2fcf99b5-4b68-48f1-86b7-324985a2eec1-253.js.map (debug id 2fcf99b5-4b68-48f1-86b7-324985a2eec1)
    ~/3148b0eb-d401-416a-b851-dcdcf86fa935-54.js.map (debug id 3148b0eb-d401-416a-b851-dcdcf86fa935)
    ~/329a1f6d-7891-423d-bf3a-1289c38d944e-307.js.map (debug id 329a1f6d-7891-423d-bf3a-1289c38d944e)
    ~/3314803a-74ae-4241-9627-70c8b4288ba2-38.js.map (debug id 3314803a-74ae-4241-9627-70c8b4288ba2)
    ~/33a62c44-b657-4965-b512-d9b4fdaeadfc-96.js.map (debug id 33a62c44-b657-4965-b512-d9b4fdaeadfc)
    ~/357e4217-c110-4c4a-ad18-693110a9b535-245.js.map (debug id 357e4217-c110-4c4a-ad18-693110a9b535)
    ~/35f6290d-e62f-4b35-a112-a381742cc781-184.js.map (debug id 35f6290d-e62f-4b35-a112-a381742cc781)
    ~/367fc8e5-2122-44b8-862d-948bccfbe94b-75.js.map (debug id 367fc8e5-2122-44b8-862d-948bccfbe94b)
    ~/36967e92-e3af-4f6a-820d-f67583c7fd60-164.js.map (debug id 36967e92-e3af-4f6a-820d-f67583c7fd60)
    ~/3709356f-61e2-42f4-8c81-ef65ac5f6982-269.js.map (debug id 3709356f-61e2-42f4-8c81-ef65ac5f6982)
    ~/3742b556-67d9-4af7-8cdc-e81cbb148ea1-49.js.map (debug id 3742b556-67d9-4af7-8cdc-e81cbb148ea1)
    ~/37bc50e7-def4-498b-9977-b225bbf69a56-338.js.map (debug id 37bc50e7-def4-498b-9977-b225bbf69a56)
    ~/37d51551-5f42-4e85-b497-ba2d1b3058c6-233.js.map (debug id 37d51551-5f42-4e85-b497-ba2d1b3058c6)
    ~/380a6a95-c845-49e7-9c63-36f94302b47a-85.js.map (debug id 380a6a95-c845-49e7-9c63-36f94302b47a)
    ~/382166e8-b673-4aca-a127-c25663cbdf43-127.js.map (debug id 382166e8-b673-4aca-a127-c25663cbdf43)
    ~/383f1b58-cc38-494d-8b38-10811b58390b-320.js.map (debug id 383f1b58-cc38-494d-8b38-10811b58390b)
    ~/38921674-47e0-4d0e-a7a3-f9e0f415fafd-97.js.map (debug id 38921674-47e0-4d0e-a7a3-f9e0f415fafd)
    ~/39164432-543e-4f91-836e-49c528911d2c-246.js.map (debug id 39164432-543e-4f91-836e-49c528911d2c)
    ~/399d508d-9bfd-41a6-9e0e-7e2458e41cac-340.js.map (debug id 399d508d-9bfd-41a6-9e0e-7e2458e41cac)
    ~/3ab9c56a-d637-4009-a950-389c3778b655-79.js.map (debug id 3ab9c56a-d637-4009-a950-389c3778b655)
    ~/3baf3b47-e6fe-4b69-93f1-6f7d16efd576-250.js.map (debug id 3baf3b47-e6fe-4b69-93f1-6f7d16efd576)
    ~/3bdc6fea-49d0-4efa-bedf-b5638fa5a0a0-34.js.map (debug id 3bdc6fea-49d0-4efa-bedf-b5638fa5a0a0)
    ~/3c5920ee-02ec-488a-87a8-7b745c720e0f-169.js.map (debug id 3c5920ee-02ec-488a-87a8-7b745c720e0f)
    ~/3c7c79e0-e97e-4df6-a918-6e4165ad3ffc-146.js.map (debug id 3c7c79e0-e97e-4df6-a918-6e4165ad3ffc)
    ~/3ca54736-89c5-4858-84fd-0de153f9e96e-353.js.map (debug id 3ca54736-89c5-4858-84fd-0de153f9e96e)
    ~/3cf11751-f834-4361-96d7-cbd02ac29685-284.js.map (debug id 3cf11751-f834-4361-96d7-cbd02ac29685)
    ~/3e6e4b37-2f0e-44a1-afb4-7b02057164f2-287.js.map (debug id 3e6e4b37-2f0e-44a1-afb4-7b02057164f2)
    ~/3ebd0549-9939-4359-97c6-1c4641b7d1b6-90.js.map (debug id 3ebd0549-9939-4359-97c6-1c4641b7d1b6)
    ~/3ed0b24e-6d68-4168-9c7a-a5fba79f27d6-263.js.map (debug id 3ed0b24e-6d68-4168-9c7a-a5fba79f27d6)
    ~/405fe9ca-e079-4ea4-bb47-a62cfc6c5f35-179.js.map (debug id 405fe9ca-e079-4ea4-bb47-a62cfc6c5f35)
    ~/406d8623-7aa3-4222-9fbf-84b6be1d33c2-193.js.map (debug id 406d8623-7aa3-4222-9fbf-84b6be1d33c2)
    ~/41107ddf-f514-483b-a4eb-05c19bd09765-84.js.map (debug id 41107ddf-f514-483b-a4eb-05c19bd09765)
    ~/41d5f132-41bc-4b6a-962b-78b722b4d453-6.js.map (debug id 41d5f132-41bc-4b6a-962b-78b722b4d453)
    ~/427ca175-3fad-4c6f-922c-e25e1c28e198-244.js.map (debug id 427ca175-3fad-4c6f-922c-e25e1c28e198)
    ~/43710ec5-6069-477e-b64d-631d7519fda9-348.js.map (debug id 43710ec5-6069-477e-b64d-631d7519fda9)
    ~/438a7040-8451-4330-b248-a606475319a6-194.js.map (debug id 438a7040-8451-4330-b248-a606475319a6)
    ~/43efd33c-aedb-4781-9857-109e8f784825-325.js.map (debug id 43efd33c-aedb-4781-9857-109e8f784825)
    ~/4406e79c-3c04-404e-be25-69122ecd2476-349.js.map (debug id 4406e79c-3c04-404e-be25-69122ecd2476)
    ~/44d28ad2-2134-423e-ab50-443ebcbebc2b-131.js.map (debug id 44d28ad2-2134-423e-ab50-443ebcbebc2b)
    ~/45cbac5d-59be-43ac-85f1-fde7417e3d53-57.js.map (debug id 45cbac5d-59be-43ac-85f1-fde7417e3d53)
    ~/46acc287-a212-456a-b19f-b27e1629fdf0-148.js.map (debug id 46acc287-a212-456a-b19f-b27e1629fdf0)
    ~/4741ca17-a2ca-437e-b5fb-8244891309cb-141.js.map (debug id 4741ca17-a2ca-437e-b5fb-8244891309cb)
    ~/4ac8e60c-9f12-43cc-953b-910dcc68a739-4.js.map (debug id 4ac8e60c-9f12-43cc-953b-910dcc68a739)
    ~/4b5903d4-779e-49ab-a9bc-f1a72691c70b-191.js.map (debug id 4b5903d4-779e-49ab-a9bc-f1a72691c70b)
    ~/4c145ea9-b9c1-4f80-822f-b2524c9fa299-150.js.map (debug id 4c145ea9-b9c1-4f80-822f-b2524c9fa299)
    ~/4c399a30-9704-4399-aae2-d063b567f2d8-238.js.map (debug id 4c399a30-9704-4399-aae2-d063b567f2d8)
    ~/4cd49dfd-cbd3-4f84-815f-1e9e4305129b-327.js.map (debug id 4cd49dfd-cbd3-4f84-815f-1e9e4305129b)
    ~/4d5936b1-bc0e-4557-aa72-45794f02e0c8-144.js.map (debug id 4d5936b1-bc0e-4557-aa72-45794f02e0c8)
    ~/4dcc0768-4838-4cb7-8c63-3b3c8cd18add-259.js.map (debug id 4dcc0768-4838-4cb7-8c63-3b3c8cd18add)
    ~/4f10a993-d6f3-4dd7-801c-2f3fac49aa81-235.js.map (debug id 4f10a993-d6f3-4dd7-801c-2f3fac49aa81)
    ~/4ff44e6a-5591-4e7c-94a1-f7bdd9c45154-125.js.map (debug id 4ff44e6a-5591-4e7c-94a1-f7bdd9c45154)
    ~/508d5dd6-43fd-4c18-b58f-1b1772070ea5-155.js.map (debug id 508d5dd6-43fd-4c18-b58f-1b1772070ea5)
    ~/53c3b7b7-2678-4455-9e6c-61a5ced8d2c2-113.js.map (debug id 53c3b7b7-2678-4455-9e6c-61a5ced8d2c2)
    ~/5400c4fb-440f-439f-a2a3-69dc42e4022e-202.js.map (debug id 5400c4fb-440f-439f-a2a3-69dc42e4022e)
    ~/54358ea9-37d0-465e-8783-7027d1d02187-147.js.map (debug id 54358ea9-37d0-465e-8783-7027d1d02187)
    ~/547e2545-18e8-40d8-9b24-f8da7c64f34f-108.js.map (debug id 547e2545-18e8-40d8-9b24-f8da7c64f34f)
    ~/55ad00ca-f97c-487c-8c96-434f6513f900-166.js.map (debug id 55ad00ca-f97c-487c-8c96-434f6513f900)
    ~/55d7cf35-e055-4310-83b2-1ccc42db21a0-219.js.map (debug id 55d7cf35-e055-4310-83b2-1ccc42db21a0)
    ~/55e05840-cc57-4e1e-8598-4f8966f7cd1e-105.js.map (debug id 55e05840-cc57-4e1e-8598-4f8966f7cd1e)
    ~/55fc84ef-7adb-4dcd-9056-41fa3ecfbf2f-121.js.map (debug id 55fc84ef-7adb-4dcd-9056-41fa3ecfbf2f)
    ~/571707fb-b033-49bb-b44a-86e735db533d-313.js.map (debug id 571707fb-b033-49bb-b44a-86e735db533d)
    ~/5847ef66-ac8a-464c-9821-eb4b279068b3-43.js.map (debug id 5847ef66-ac8a-464c-9821-eb4b279068b3)
    ~/5850d9ab-a189-48ad-8308-9cb6a90989f7-40.js.map (debug id 5850d9ab-a189-48ad-8308-9cb6a90989f7)
    ~/5899730d-5b3d-4f4a-85b1-3afdc9e734b1-156.js.map (debug id 5899730d-5b3d-4f4a-85b1-3afdc9e734b1)
    ~/596ec2af-0714-49e1-9df6-aaee43d7be6e-139.js.map (debug id 596ec2af-0714-49e1-9df6-aaee43d7be6e)
    ~/5a011dcf-6fc4-46a2-a9c5-41a265bcbf64-223.js.map (debug id 5a011dcf-6fc4-46a2-a9c5-41a265bcbf64)
    ~/5bd9f431-c848-434c-9bb8-2b0676fd9ee3-48.js.map (debug id 5bd9f431-c848-434c-9bb8-2b0676fd9ee3)
    ~/5e39b739-8934-4127-a476-357c2b267192-176.js.map (debug id 5e39b739-8934-4127-a476-357c2b267192)
    ~/5f33e42b-427b-4148-814d-eaac5e3b6eb8-25.js.map (debug id 5f33e42b-427b-4148-814d-eaac5e3b6eb8)
    ~/5f6209d2-8ed9-4bc4-a540-274e595dab6c-110.js.map (debug id 5f6209d2-8ed9-4bc4-a540-274e595dab6c)
    ~/6038c4d0-77ca-4a1d-bebb-0e52659dd85c-163.js.map (debug id 6038c4d0-77ca-4a1d-bebb-0e52659dd85c)
    ~/60a75765-fad7-4d5d-9728-ecd3b23790e6-265.js.map (debug id 60a75765-fad7-4d5d-9728-ecd3b23790e6)
    ~/6106f8e8-2aaa-4efe-994e-62fd4ff4756c-87.js.map (debug id 6106f8e8-2aaa-4efe-994e-62fd4ff4756c)
    ~/624bc59d-5051-4934-87c1-cd2b773368f2-71.js.map (debug id 624bc59d-5051-4934-87c1-cd2b773368f2)
    ~/62c8e33c-caf8-4376-8a06-822d0f565dcb-288.js.map (debug id 62c8e33c-caf8-4376-8a06-822d0f565dcb)
    ~/65d67a40-c84e-47a0-9f9d-82a695cb9760-321.js.map (debug id 65d67a40-c84e-47a0-9f9d-82a695cb9760)
    ~/666282fb-87a5-4147-a6da-da3e703b5506-95.js.map (debug id 666282fb-87a5-4147-a6da-da3e703b5506)
    ~/67b7ae3d-757a-4508-a011-519d1ce9be47-281.js.map (debug id 67b7ae3d-757a-4508-a011-519d1ce9be47)
    ~/69307b49-42c2-42c3-88f3-8b7fc875aa1b-77.js.map (debug id 69307b49-42c2-42c3-88f3-8b7fc875aa1b)
    ~/6add210d-751b-4510-94bb-d063ea26f962-91.js.map (debug id 6add210d-751b-4510-94bb-d063ea26f962)
    ~/6be9165c-517e-4279-9236-0cee7ef8c68f-174.js.map (debug id 6be9165c-517e-4279-9236-0cee7ef8c68f)
    ~/6c1a1067-c297-438c-8691-d5c7376bddc8-88.js.map (debug id 6c1a1067-c297-438c-8691-d5c7376bddc8)
    ~/6e932ee1-2ac6-4538-b323-10141e9dd874-99.js.map (debug id 6e932ee1-2ac6-4538-b323-10141e9dd874)
    ~/6ecaa67d-4673-485c-89c5-70c8747b6901-268.js.map (debug id 6ecaa67d-4673-485c-89c5-70c8747b6901)
    ~/6f472f01-86ad-417e-af10-02a827caf13a-226.js.map (debug id 6f472f01-86ad-417e-af10-02a827caf13a)
    ~/6f5a50ea-6a96-4186-a086-59fa89cb8c59-188.js.map (debug id 6f5a50ea-6a96-4186-a086-59fa89cb8c59)
    ~/6fb98615-77cd-4a4f-9989-a4fd3c1b4b3a-190.js.map (debug id 6fb98615-77cd-4a4f-9989-a4fd3c1b4b3a)
    ~/70458692-ba9c-4226-847f-4cb9304194de-152.js.map (debug id 70458692-ba9c-4226-847f-4cb9304194de)
    ~/71618830-42cd-4e45-81d3-ff538f55f038-337.js.map (debug id 71618830-42cd-4e45-81d3-ff538f55f038)
    ~/738e446e-7bfb-4df5-921e-c24d6b6a7af7-309.js.map (debug id 738e446e-7bfb-4df5-921e-c24d6b6a7af7)
    ~/739c31ea-c254-49a3-a4cb-00389704b766-3.js.map (debug id 739c31ea-c254-49a3-a4cb-00389704b766)
    ~/749061c7-487a-491d-8b8c-a96833724ec3-224.js.map (debug id 749061c7-487a-491d-8b8c-a96833724ec3)
    ~/7570412a-b1c8-4e5d-87f8-9476ffd96d40-317.js.map (debug id 7570412a-b1c8-4e5d-87f8-9476ffd96d40)
    ~/75b45033-7ecd-489a-b39b-e9208a170d41-28.js.map (debug id 75b45033-7ecd-489a-b39b-e9208a170d41)
    ~/764dbd40-b126-44f4-aa45-7679a974145d-302.js.map (debug id 764dbd40-b126-44f4-aa45-7679a974145d)
    ~/77132a0a-f971-45a5-8dc8-3c43d1dadbef-89.js.map (debug id 77132a0a-f971-45a5-8dc8-3c43d1dadbef)
    ~/77d95d3a-5e28-4610-bdf1-8df63ae5ecfc-165.js.map (debug id 77d95d3a-5e28-4610-bdf1-8df63ae5ecfc)
    ~/78d75680-20f8-4ca3-98ab-a24477023d6e-304.js.map (debug id 78d75680-20f8-4ca3-98ab-a24477023d6e)
    ~/7a37859d-f0e7-4273-be74-6edbe2cc840c-331.js.map (debug id 7a37859d-f0e7-4273-be74-6edbe2cc840c)
    ~/7ad64435-2c37-4871-a687-06e0d917bd3d-286.js.map (debug id 7ad64435-2c37-4871-a687-06e0d917bd3d)
    ~/7b2cde6c-fb22-419a-92a5-8a66e0c0c83d-8.js.map (debug id 7b2cde6c-fb22-419a-92a5-8a66e0c0c83d)
    ~/7b83b234-a193-4782-8600-9f56703887fe-58.js.map (debug id 7b83b234-a193-4782-8600-9f56703887fe)
    ~/7bbc95e0-665d-4a5b-a8af-d30415d89db7-242.js.map (debug id 7bbc95e0-665d-4a5b-a8af-d30415d89db7)
    ~/7c6a1f70-92c1-49c3-a418-9c3ed67d65bd-66.js.map (debug id 7c6a1f70-92c1-49c3-a418-9c3ed67d65bd)
    ~/7d5e6f42-a1e5-424b-a06d-f9c2c02532a8-175.js.map (debug id 7d5e6f42-a1e5-424b-a06d-f9c2c02532a8)
    ~/7dbe646d-92ee-47bb-86bb-915917607d96-19.js.map (debug id 7dbe646d-92ee-47bb-86bb-915917607d96)
    ~/7dd8961c-c7fe-4c71-a2e4-a9cd9ad5209d-308.js.map (debug id 7dd8961c-c7fe-4c71-a2e4-a9cd9ad5209d)
    ~/7e3417c6-edc7-46c4-92d0-9d1b51740187-170.js.map (debug id 7e3417c6-edc7-46c4-92d0-9d1b51740187)
    ~/7ecc0721-abd1-4009-9fc4-cd46a68d411f-261.js.map (debug id 7ecc0721-abd1-4009-9fc4-cd46a68d411f)
    ~/7ee91825-1b63-4df2-bd0d-db915433e39d-290.js.map (debug id 7ee91825-1b63-4df2-bd0d-db915433e39d)
    ~/7f313584-2f36-4b22-9c52-9b16dfcac13b-23.js.map (debug id 7f313584-2f36-4b22-9c52-9b16dfcac13b)
    ~/8191155b-a106-4ca8-a7a2-30598797fe57-315.js.map (debug id 8191155b-a106-4ca8-a7a2-30598797fe57)
    ~/8213a460-e2cb-4fab-92a5-82b29ff748c3-18.js.map (debug id 8213a460-e2cb-4fab-92a5-82b29ff748c3)
    ~/8221e419-1258-4b94-b4bf-b39e0c262697-328.js.map (debug id 8221e419-1258-4b94-b4bf-b39e0c262697)
    ~/83b87be2-af1d-4af4-9a85-f27324faf272-266.js.map (debug id 83b87be2-af1d-4af4-9a85-f27324faf272)
    ~/83daa0bd-c636-44c5-8e95-d43f0960105e-86.js.map (debug id 83daa0bd-c636-44c5-8e95-d43f0960105e)
    ~/847742f2-a6ee-4610-8f09-8361cdd3e60a-292.js.map (debug id 847742f2-a6ee-4610-8f09-8361cdd3e60a)
    ~/85445088-c97a-4498-9fc2-09dc5d6a8d44-210.js.map (debug id 85445088-c97a-4498-9fc2-09dc5d6a8d44)
    ~/8584ec49-1694-42d7-826a-216dfcbc4131-254.js.map (debug id 8584ec49-1694-42d7-826a-216dfcbc4131)
    ~/85a679a6-b709-4a8b-bd3b-5b82631b621e-218.js.map (debug id 85a679a6-b709-4a8b-bd3b-5b82631b621e)
    ~/85a8e9ba-3e0c-4726-a17a-81acd0b8e956-72.js.map (debug id 85a8e9ba-3e0c-4726-a17a-81acd0b8e956)
    ~/86307ac2-5f88-44d1-b4b0-676d3ecd7d11-234.js.map (debug id 86307ac2-5f88-44d1-b4b0-676d3ecd7d11)
    ~/87344a36-4484-4d8e-ac54-bb9969adba16-330.js.map (debug id 87344a36-4484-4d8e-ac54-bb9969adba16)
    ~/88e58a4e-241b-4139-90ff-4d97e1256c5d-296.js.map (debug id 88e58a4e-241b-4139-90ff-4d97e1256c5d)
    ~/893459f8-c88c-4917-8b99-158f99789365-124.js.map (debug id 893459f8-c88c-4917-8b99-158f99789365)
    ~/89bace96-45b4-43b6-80e4-002ff6e30be2-73.js.map (debug id 89bace96-45b4-43b6-80e4-002ff6e30be2)
    ~/8a4b7500-0420-4b62-875d-54ec474e2a12-98.js.map (debug id 8a4b7500-0420-4b62-875d-54ec474e2a12)
    ~/8afd378b-3596-491d-8bcb-783725216143-111.js.map (debug id 8afd378b-3596-491d-8bcb-783725216143)
    ~/8b1735d3-b88a-4317-9e45-31324aa5ea42-61.js.map (debug id 8b1735d3-b88a-4317-9e45-31324aa5ea42)
    ~/8c346820-54b7-4d0b-b27e-44c92aaec20f-65.js.map (debug id 8c346820-54b7-4d0b-b27e-44c92aaec20f)
    ~/8d95b7cf-3f4b-47da-8ab9-be917c31c826-283.js.map (debug id 8d95b7cf-3f4b-47da-8ab9-be917c31c826)
    ~/8d9e3637-338c-4835-a679-aa7d2caa3aee-31.js.map (debug id 8d9e3637-338c-4835-a679-aa7d2caa3aee)
    ~/8fad26b5-dda6-4661-a072-2205049e25f7-275.js.map (debug id 8fad26b5-dda6-4661-a072-2205049e25f7)
    ~/8faf9123-e682-4cb6-b1d4-07448a9c0ddd-305.js.map (debug id 8faf9123-e682-4cb6-b1d4-07448a9c0ddd)
    ~/8feafd1f-44e1-4046-9e74-4fbd81c924fa-240.js.map (debug id 8feafd1f-44e1-4046-9e74-4fbd81c924fa)
    ~/8ff47a52-e3f3-426c-9e29-2b5863a17ee5-282.js.map (debug id 8ff47a52-e3f3-426c-9e29-2b5863a17ee5)
    ~/9005ee89-74c2-43e7-a353-984be9a6e448-145.js.map (debug id 9005ee89-74c2-43e7-a353-984be9a6e448)
    ~/9083f96d-939a-4ac4-bd47-70d2197bcb57-104.js.map (debug id 9083f96d-939a-4ac4-bd47-70d2197bcb57)
    ~/9112f97a-c3af-4d04-8d0c-7004f0660a9a-206.js.map (debug id 9112f97a-c3af-4d04-8d0c-7004f0660a9a)
    ~/91e0753c-1c84-4bfa-baf7-35214edb227f-297.js.map (debug id 91e0753c-1c84-4bfa-baf7-35214edb227f)
    ~/924b1f7e-b8e3-4029-814e-6e8d4ba4e65a-45.js.map (debug id 924b1f7e-b8e3-4029-814e-6e8d4ba4e65a)
    ~/92aa6568-7029-418d-abde-e4b08d81ea4a-29.js.map (debug id 92aa6568-7029-418d-abde-e4b08d81ea4a)
    ~/938cd57e-251b-498d-adca-42be6873d139-255.js.map (debug id 938cd57e-251b-498d-adca-42be6873d139)
    ~/93e9bbf9-daca-4a6c-8a14-61de87cb2662-280.js.map (debug id 93e9bbf9-daca-4a6c-8a14-61de87cb2662)
    ~/95edbe47-e57a-411b-9a7c-40344537da2a-44.js.map (debug id 95edbe47-e57a-411b-9a7c-40344537da2a)
    ~/97bb3797-fde5-4412-ba6b-7e40103e40a0-33.js.map (debug id 97bb3797-fde5-4412-ba6b-7e40103e40a0)
    ~/97c01a47-5cba-4adf-ae08-988de44431b3-42.js.map (debug id 97c01a47-5cba-4adf-ae08-988de44431b3)
    ~/97e3d981-b290-4182-a859-9fef09aaf421-117.js.map (debug id 97e3d981-b290-4182-a859-9fef09aaf421)
    ~/990d2fa9-52e3-4c4c-9444-dd01cee48590-78.js.map (debug id 990d2fa9-52e3-4c4c-9444-dd01cee48590)
    ~/996f2436-950f-4e02-8892-850368fef3e4-15.js.map (debug id 996f2436-950f-4e02-8892-850368fef3e4)
    ~/9c572d2d-bae9-4c81-9622-dfca9077eeaf-142.js.map (debug id 9c572d2d-bae9-4c81-9622-dfca9077eeaf)
    ~/9d857a0b-d832-4076-811d-5bd0893b9c20-1.js.map (debug id 9d857a0b-d832-4076-811d-5bd0893b9c20)
    ~/9d910d1c-045b-4c6f-9580-749831270fe3-161.js.map (debug id 9d910d1c-045b-4c6f-9580-749831270fe3)
    ~/9da3d9f1-baf0-4d7d-983a-79d0d4060e76-333.js.map (debug id 9da3d9f1-baf0-4d7d-983a-79d0d4060e76)
    ~/9df59702-f182-457a-9df3-17d3665cce76-181.js.map (debug id 9df59702-f182-457a-9df3-17d3665cce76)
    ~/9e0abc71-3153-40a0-bbc1-e8b7ca95d042-336.js.map (debug id 9e0abc71-3153-40a0-bbc1-e8b7ca95d042)
    ~/9e6ceafe-68b2-468a-9172-fffb053f3f59-140.js.map (debug id 9e6ceafe-68b2-468a-9172-fffb053f3f59)
    ~/a0716ae3-09da-4db1-916a-1b5799d9a5b2-157.js.map (debug id a0716ae3-09da-4db1-916a-1b5799d9a5b2)
    ~/a0bddf33-f1ee-4a2c-9ac0-91f2bab9da94-128.js.map (debug id a0bddf33-f1ee-4a2c-9ac0-91f2bab9da94)
    ~/a0e555f8-a82e-4f34-979d-2d54eebb1c5d-301.js.map (debug id a0e555f8-a82e-4f34-979d-2d54eebb1c5d)
    ~/a141e2b3-03de-473c-afd4-7f46bffc6202-47.js.map (debug id a141e2b3-03de-473c-afd4-7f46bffc6202)
    ~/a1d5d3ec-b1c5-4f87-a2f5-1b13813eb162-136.js.map (debug id a1d5d3ec-b1c5-4f87-a2f5-1b13813eb162)
    ~/a2633930-49e5-44cc-a4f7-04cd0c03dfe3-231.js.map (debug id a2633930-49e5-44cc-a4f7-04cd0c03dfe3)
    ~/a3b3f135-d1aa-4757-95b5-9b2413893c68-334.js.map (debug id a3b3f135-d1aa-4757-95b5-9b2413893c68)
    ~/a3be81c1-1902-4d53-93fe-4705a744e332-100.js.map (debug id a3be81c1-1902-4d53-93fe-4705a744e332)
    ~/a41854fa-888c-4a88-b8d6-728ce1e82d30-267.js.map (debug id a41854fa-888c-4a88-b8d6-728ce1e82d30)
    ~/a45fb381-a918-4f6c-b81d-94ba64c379f2-56.js.map (debug id a45fb381-a918-4f6c-b81d-94ba64c379f2)
    ~/a48bfbac-b761-424a-97ae-5f16c7b2630b-119.js.map (debug id a48bfbac-b761-424a-97ae-5f16c7b2630b)
    ~/a53bf812-fc2a-4959-81bf-79c33a9f95f0-64.js.map (debug id a53bf812-fc2a-4959-81bf-79c33a9f95f0)
    ~/a5c3dd62-d72c-4bb2-bb3c-dea9add5858b-230.js.map (debug id a5c3dd62-d72c-4bb2-bb3c-dea9add5858b)
    ~/a6d4279d-c814-4974-b420-3f2a477fd080-120.js.map (debug id a6d4279d-c814-4974-b420-3f2a477fd080)
    ~/a6dcf160-83f4-42b6-b00e-41438e496fa9-257.js.map (debug id a6dcf160-83f4-42b6-b00e-41438e496fa9)
    ~/a7fcc378-adbc-4886-a58e-44304c818912-183.js.map (debug id a7fcc378-adbc-4886-a58e-44304c818912)
    ~/a9723884-8772-44db-9e3c-06c19b7eceef-248.js.map (debug id a9723884-8772-44db-9e3c-06c19b7eceef)
    ~/a9a97d4a-fc90-45bb-9c24-d105bce72c0f-133.js.map (debug id a9a97d4a-fc90-45bb-9c24-d105bce72c0f)
    ~/ab93e6eb-68ba-4d87-8076-92d899a2cf35-59.js.map (debug id ab93e6eb-68ba-4d87-8076-92d899a2cf35)
    ~/abe8322b-2d45-47db-bc15-6fc23b81647b-324.js.map (debug id abe8322b-2d45-47db-bc15-6fc23b81647b)
    ~/ac4f8f73-f7df-4763-9783-15afdf00cfc7-239.js.map (debug id ac4f8f73-f7df-4763-9783-15afdf00cfc7)
    ~/ac6cd2ff-6b68-4360-8502-47662c0bfad1-182.js.map (debug id ac6cd2ff-6b68-4360-8502-47662c0bfad1)
    ~/ad2e6937-f1c9-4d8f-9d34-04a0cfe35bf0-151.js.map (debug id ad2e6937-f1c9-4d8f-9d34-04a0cfe35bf0)
    ~/ad35a33a-fd5d-4e22-8730-45dc504fe683-329.js.map (debug id ad35a33a-fd5d-4e22-8730-45dc504fe683)
    ~/adc7ba86-054c-45fc-bb4d-03ebfed9542c-277.js.map (debug id adc7ba86-054c-45fc-bb4d-03ebfed9542c)
    ~/b125f86a-e428-4a21-bc16-b6dc6da8a44d-298.js.map (debug id b125f86a-e428-4a21-bc16-b6dc6da8a44d)
    ~/b1773e16-2259-41fc-967b-beab6acc1de6-212.js.map (debug id b1773e16-2259-41fc-967b-beab6acc1de6)
    ~/b2a06a35-ffa0-4039-9b0e-7f8ce99fcbee-55.js.map (debug id b2a06a35-ffa0-4039-9b0e-7f8ce99fcbee)
    ~/b2e66143-1a47-4f77-a49a-dbc6298697ee-272.js.map (debug id b2e66143-1a47-4f77-a49a-dbc6298697ee)
    ~/b2facfc5-e7dc-4411-bacd-eed2f318009f-335.js.map (debug id b2facfc5-e7dc-4411-bacd-eed2f318009f)
    ~/b343288d-1a87-49a1-ab18-5c286fb77c76-299.js.map (debug id b343288d-1a87-49a1-ab18-5c286fb77c76)
    ~/b3480ebc-06be-4407-b9b7-daff899caea9-227.js.map (debug id b3480ebc-06be-4407-b9b7-daff899caea9)
    ~/b37cd0d5-31b4-4836-8180-0c0bf472ac2a-173.js.map (debug id b37cd0d5-31b4-4836-8180-0c0bf472ac2a)
    ~/b37ce764-296f-4ba9-9192-2d6bdcf81c4d-0.js.map (debug id b37ce764-296f-4ba9-9192-2d6bdcf81c4d)
    ~/b508b1e7-17e6-44bf-97ec-2465bc89ab0a-12.js.map (debug id b508b1e7-17e6-44bf-97ec-2465bc89ab0a)
    ~/b522b6ec-2bfd-4778-955e-954da6244372-262.js.map (debug id b522b6ec-2bfd-4778-955e-954da6244372)
    ~/b56cf487-18b3-4a70-a163-ff2223d6420a-92.js.map (debug id b56cf487-18b3-4a70-a163-ff2223d6420a)
    ~/b7938d8c-b10c-44b4-baf0-81433d29461c-271.js.map (debug id b7938d8c-b10c-44b4-baf0-81433d29461c)
    ~/b86b567b-34bd-4711-8689-d3794d30a0ea-199.js.map (debug id b86b567b-34bd-4711-8689-d3794d30a0ea)
    ~/b8ba6547-bddd-457b-878f-724960372f0c-153.js.map (debug id b8ba6547-bddd-457b-878f-724960372f0c)
    ~/b907b5a1-209c-4483-a8d3-2284c609bea5-201.js.map (debug id b907b5a1-209c-4483-a8d3-2284c609bea5)
    ~/b9e69f51-1075-4b36-b3d5-c4a05996101c-168.js.map (debug id b9e69f51-1075-4b36-b3d5-c4a05996101c)
    ~/ba247230-cf23-4c8b-9695-6caaf95f7938-52.js.map (debug id ba247230-cf23-4c8b-9695-6caaf95f7938)
    ~/ba76bacb-2208-4b6a-a3eb-a453cfb4a0b1-7.js.map (debug id ba76bacb-2208-4b6a-a3eb-a453cfb4a0b1)
    ~/bc9197a4-a7c2-41ce-94be-6b0628080812-346.js.map (debug id bc9197a4-a7c2-41ce-94be-6b0628080812)
    ~/bd8ac9da-2117-4fcf-a273-495413a7cb28-291.js.map (debug id bd8ac9da-2117-4fcf-a273-495413a7cb28)
    ~/bda663db-4dce-4721-b42b-a279b4b80e7b-81.js.map (debug id bda663db-4dce-4721-b42b-a279b4b80e7b)
    ~/be017847-0bbe-4c72-a1c5-b1d290aa7599-323.js.map (debug id be017847-0bbe-4c72-a1c5-b1d290aa7599)
    ~/bead1f0f-5fe0-4334-a272-cc5d27dc86f9-115.js.map (debug id bead1f0f-5fe0-4334-a272-cc5d27dc86f9)
    ~/c010c6e8-6a34-4e85-9446-a7eb61822c20-22.js.map (debug id c010c6e8-6a34-4e85-9446-a7eb61822c20)
    ~/c06d7f31-8f86-4879-a6f2-09f9c98d3146-285.js.map (debug id c06d7f31-8f86-4879-a6f2-09f9c98d3146)
    ~/c289d9d9-3307-44ac-9646-1462d461426e-347.js.map (debug id c289d9d9-3307-44ac-9646-1462d461426e)
    ~/c2a8225a-7b88-4059-9760-85e0a9d8d237-232.js.map (debug id c2a8225a-7b88-4059-9760-85e0a9d8d237)
    ~/c37a9809-485d-42ed-b69f-262c2b6ac0c7-243.js.map (debug id c37a9809-485d-42ed-b69f-262c2b6ac0c7)
    ~/c3f730ff-379b-461c-8479-85f7d10f8909-82.js.map (debug id c3f730ff-379b-461c-8479-85f7d10f8909)
    ~/c4ccdf3c-20a9-49e8-b11a-b48d98cea83c-114.js.map (debug id c4ccdf3c-20a9-49e8-b11a-b48d98cea83c)
    ~/c7059003-1dd0-43ad-afba-448c04bb3510-215.js.map (debug id c7059003-1dd0-43ad-afba-448c04bb3510)
    ~/c774a1ff-a361-4b6d-be70-db2fd41c9467-130.js.map (debug id c774a1ff-a361-4b6d-be70-db2fd41c9467)
    ~/c7a12693-8974-47ab-b3ed-52323f4d2d38-132.js.map (debug id c7a12693-8974-47ab-b3ed-52323f4d2d38)
    ~/c7e5680f-2a71-4903-999a-d11644a4248c-76.js.map (debug id c7e5680f-2a71-4903-999a-d11644a4248c)
    ~/c8c7f835-b360-4dce-bd6b-95e463148d99-74.js.map (debug id c8c7f835-b360-4dce-bd6b-95e463148d99)
    ~/c9275c58-f005-432e-aced-825737ce8b2e-322.js.map (debug id c9275c58-f005-432e-aced-825737ce8b2e)
    ~/c9ad2858-e55b-4772-bcca-bec86db438bc-171.js.map (debug id c9ad2858-e55b-4772-bcca-bec86db438bc)
    ~/c9f0a0db-2cc5-406c-b3a6-0083a2797a88-24.js.map (debug id c9f0a0db-2cc5-406c-b3a6-0083a2797a88)
    ~/cadf4a46-5615-49ab-8227-2023db6126aa-273.js.map (debug id cadf4a46-5615-49ab-8227-2023db6126aa)
    ~/ccc44477-6810-42ee-830f-ac29c98fbb26-63.js.map (debug id ccc44477-6810-42ee-830f-ac29c98fbb26)
    ~/ccdce3be-be60-4d2e-9363-42e694a5917a-228.js.map (debug id ccdce3be-be60-4d2e-9363-42e694a5917a)
    ~/cce9aba3-36f6-4ab9-84c0-332ba0b8257e-213.js.map (debug id cce9aba3-36f6-4ab9-84c0-332ba0b8257e)
    ~/cd6e44fb-f905-4691-bce4-ae53b71718e1-354.js.map (debug id cd6e44fb-f905-4691-bce4-ae53b71718e1)
    ~/ce67a796-70ae-499f-9c6b-6bc20e3d8b40-260.js.map (debug id ce67a796-70ae-499f-9c6b-6bc20e3d8b40)
    ~/cf1df05b-7937-4307-990b-76b8db65a12c-345.js.map (debug id cf1df05b-7937-4307-990b-76b8db65a12c)
    ~/cf363b62-dae3-4985-bc91-16f15b594abf-339.js.map (debug id cf363b62-dae3-4985-bc91-16f15b594abf)
    ~/cfc7653e-32c3-41fb-a61d-2fcdb818a302-342.js.map (debug id cfc7653e-32c3-41fb-a61d-2fcdb818a302)
    ~/d01aed0d-4020-4fe9-a406-5688c18bf01c-256.js.map (debug id d01aed0d-4020-4fe9-a406-5688c18bf01c)
    ~/d0d6eec6-b9c3-4ebb-844a-f27a72847588-274.js.map (debug id d0d6eec6-b9c3-4ebb-844a-f27a72847588)
    ~/d0fec1bd-13c7-4fa0-bf9d-8bc00c893fa3-352.js.map (debug id d0fec1bd-13c7-4fa0-bf9d-8bc00c893fa3)
    ~/d2a2df34-f84d-42e0-bfdd-332162c14cbc-214.js.map (debug id d2a2df34-f84d-42e0-bfdd-332162c14cbc)
    ~/d2cd0e6d-828c-4bc9-9731-02d10873459e-249.js.map (debug id d2cd0e6d-828c-4bc9-9731-02d10873459e)
    ~/d5190e73-2662-48fb-8d91-08af35aa4163-129.js.map (debug id d5190e73-2662-48fb-8d91-08af35aa4163)
    ~/d5426ba0-3f05-4c58-b69e-f13b3155df7d-211.js.map (debug id d5426ba0-3f05-4c58-b69e-f13b3155df7d)
    ~/d56fab95-74b4-46c0-a55a-e6eedcaf8579-154.js.map (debug id d56fab95-74b4-46c0-a55a-e6eedcaf8579)
    ~/d6083c47-0602-482f-9c95-596ef2cb1618-69.js.map (debug id d6083c47-0602-482f-9c95-596ef2cb1618)
    ~/d6e78816-b5b4-49af-a90a-4f332b3162ef-80.js.map (debug id d6e78816-b5b4-49af-a90a-4f332b3162ef)
    ~/d7434e78-a644-44b4-8b61-4fb18086e816-264.js.map (debug id d7434e78-a644-44b4-8b61-4fb18086e816)
    ~/d74a9ac4-9840-483b-a436-141b1dbe86ea-167.js.map (debug id d74a9ac4-9840-483b-a436-141b1dbe86ea)
    ~/d9198263-6e13-40d1-9ee3-961755743c4e-185.js.map (debug id d9198263-6e13-40d1-9ee3-961755743c4e)
    ~/d9b5c227-2885-403e-ac65-45e63e7c86cf-135.js.map (debug id d9b5c227-2885-403e-ac65-45e63e7c86cf)
    ~/da51476b-c654-45ea-a1c0-c08257cdf483-351.js.map (debug id da51476b-c654-45ea-a1c0-c08257cdf483)
    ~/da69acbb-d1c1-4f67-9e6b-0f070bbd82ae-229.js.map (debug id da69acbb-d1c1-4f67-9e6b-0f070bbd82ae)
    ~/da95a2a4-4844-44ad-8e24-1db22d771dce-236.js.map (debug id da95a2a4-4844-44ad-8e24-1db22d771dce)
    ~/dacf3a24-28e3-44a7-8dc2-41af9688f4fc-35.js.map (debug id dacf3a24-28e3-44a7-8dc2-41af9688f4fc)
    ~/dba9714b-4e26-4478-af75-2191d08189db-293.js.map (debug id dba9714b-4e26-4478-af75-2191d08189db)
    ~/dbb25199-cb78-46d2-901e-9574ed4c64a3-116.js.map (debug id dbb25199-cb78-46d2-901e-9574ed4c64a3)
    ~/dc25ab5d-183b-48ea-b316-0c086e890f82-53.js.map (debug id dc25ab5d-183b-48ea-b316-0c086e890f82)
    ~/dc350301-17fa-4654-be4c-bef7ddf9af4c-204.js.map (debug id dc350301-17fa-4654-be4c-bef7ddf9af4c)
    ~/de4db3b7-5865-4269-8f43-7daedf68283d-326.js.map (debug id de4db3b7-5865-4269-8f43-7daedf68283d)
    ~/e05a309e-0390-488b-8b74-8ebf23c397cd-39.js.map (debug id e05a309e-0390-488b-8b74-8ebf23c397cd)
    ~/e0775e0b-50f1-434a-a494-61db8f9f7bbe-332.js.map (debug id e0775e0b-50f1-434a-a494-61db8f9f7bbe)
    ~/e0ae7b20-8bd2-453a-8c1f-4bb53a79ea7f-107.js.map (debug id e0ae7b20-8bd2-453a-8c1f-4bb53a79ea7f)
    ~/e1f0a928-849b-4549-86e0-6f682123977a-343.js.map (debug id e1f0a928-849b-4549-86e0-6f682123977a)
    ~/e2760440-5fc9-4d8e-87c8-a4ba1d5be7eb-316.js.map (debug id e2760440-5fc9-4d8e-87c8-a4ba1d5be7eb)
    ~/e347dcbd-45fc-436e-a3f1-04dae467f8bb-205.js.map (debug id e347dcbd-45fc-436e-a3f1-04dae467f8bb)
    ~/e4f55c5a-27fc-4812-a270-d7e9dfb3817e-208.js.map (debug id e4f55c5a-27fc-4812-a270-d7e9dfb3817e)
    ~/e56c5939-6bff-4612-96d1-96d6081a00c3-62.js.map (debug id e56c5939-6bff-4612-96d1-96d6081a00c3)
    ~/e5911d8b-5882-4e94-907e-1370c4dc92eb-103.js.map (debug id e5911d8b-5882-4e94-907e-1370c4dc92eb)
    ~/e5c1fdd2-b686-4a89-a298-ef31ecc8a531-178.js.map (debug id e5c1fdd2-b686-4a89-a298-ef31ecc8a531)
    ~/e662f7fa-2183-4d0d-8af8-0ddfc4fc863d-306.js.map (debug id e662f7fa-2183-4d0d-8af8-0ddfc4fc863d)
    ~/e6d5bd07-6134-4c1d-b401-fea3146929e7-196.js.map (debug id e6d5bd07-6134-4c1d-b401-fea3146929e7)
    ~/e7049c94-9a12-40ec-a77e-2b8fe2ce8903-350.js.map (debug id e7049c94-9a12-40ec-a77e-2b8fe2ce8903)
    ~/e75a2e7f-2630-43d8-a530-669961a33f32-93.js.map (debug id e75a2e7f-2630-43d8-a530-669961a33f32)
    ~/e8a79694-62ec-42d9-aec6-a19945acc152-159.js.map (debug id e8a79694-62ec-42d9-aec6-a19945acc152)
    ~/e8d81e02-c838-4147-ba82-7dd7b6237edd-251.js.map (debug id e8d81e02-c838-4147-ba82-7dd7b6237edd)
    ~/e9b94cc2-4f71-4193-9567-a241f3be8532-11.js.map (debug id e9b94cc2-4f71-4193-9567-a241f3be8532)
    ~/eb4fea0c-9802-4960-8ff7-952f7ab5240a-209.js.map (debug id eb4fea0c-9802-4960-8ff7-952f7ab5240a)
    ~/eba1523e-a017-4c7f-ad4a-b60b83ac0612-203.js.map (debug id eba1523e-a017-4c7f-ad4a-b60b83ac0612)
    ~/eba5597c-2c47-446f-860b-e830e3efa8b4-14.js.map (debug id eba5597c-2c47-446f-860b-e830e3efa8b4)
    ~/ebc487f0-c476-4233-93eb-87839146ff16-207.js.map (debug id ebc487f0-c476-4233-93eb-87839146ff16)
    ~/ebc499c4-1cad-4480-9884-b26db41efb9d-198.js.map (debug id ebc499c4-1cad-4480-9884-b26db41efb9d)
    ~/ebecfe44-06f7-4125-aea7-1a34d72b52b1-149.js.map (debug id ebecfe44-06f7-4125-aea7-1a34d72b52b1)
    ~/ec69a509-20c5-4f73-aac9-b539af1085d2-60.js.map (debug id ec69a509-20c5-4f73-aac9-b539af1085d2)
    ~/ed9610ee-8a62-4ee1-99f4-ea8012af5f49-94.js.map (debug id ed9610ee-8a62-4ee1-99f4-ea8012af5f49)
    ~/f0330fb7-0bb2-412c-ad54-f03cbcf0f86e-137.js.map (debug id f0330fb7-0bb2-412c-ad54-f03cbcf0f86e)
    ~/f063cd19-84cf-42c3-8677-11c5fb55c9aa-279.js.map (debug id f063cd19-84cf-42c3-8677-11c5fb55c9aa)
    ~/f0e12621-0258-4ffd-841e-498b60558fc8-237.js.map (debug id f0e12621-0258-4ffd-841e-498b60558fc8)
    ~/f274538e-e1b5-4b18-b1c3-b40a5d3a0bae-36.js.map (debug id f274538e-e1b5-4b18-b1c3-b40a5d3a0bae)
    ~/f2753083-a069-4907-92a4-78128b319de1-9.js.map (debug id f2753083-a069-4907-92a4-78128b319de1)
    ~/f2f63997-276e-4139-984f-9ed4aeac71f8-50.js.map (debug id f2f63997-276e-4139-984f-9ed4aeac71f8)
    ~/f31520db-f7d1-489b-a89f-48982fbaf573-37.js.map (debug id f31520db-f7d1-489b-a89f-48982fbaf573)
    ~/f39feb2a-a4dc-4376-96f0-5f70c71fdbb3-41.js.map (debug id f39feb2a-a4dc-4376-96f0-5f70c71fdbb3)
    ~/f5519e32-1b45-44ec-825c-72c01822dc45-180.js.map (debug id f5519e32-1b45-44ec-825c-72c01822dc45)
    ~/f662e3d9-1e68-4fc4-86ce-ae5a7e13207e-177.js.map (debug id f662e3d9-1e68-4fc4-86ce-ae5a7e13207e)
    ~/f8548985-2e7b-4a7f-8242-cecdf77264a2-172.js.map (debug id f8548985-2e7b-4a7f-8242-cecdf77264a2)
    ~/f9d12a30-7983-4e7a-ac44-3a7a5001b77a-312.js.map (debug id f9d12a30-7983-4e7a-ac44-3a7a5001b77a)
    ~/fa77cf24-d76a-48e7-b9f4-0448467bc751-258.js.map (debug id fa77cf24-d76a-48e7-b9f4-0448467bc751)
    ~/fb4b8d23-a6e3-4774-9d29-d617247962f4-138.js.map (debug id fb4b8d23-a6e3-4774-9d29-d617247962f4)
    ~/fbe29711-b102-4457-9756-6378c341b5d5-217.js.map (debug id fbe29711-b102-4457-9756-6378c341b5d5)
    ~/fc4aaa24-f145-425a-a12d-068dd06fd56d-294.js.map (debug id fc4aaa24-f145-425a-a12d-068dd06fd56d)
    ~/fd45c86a-1247-4c84-8c27-70ac087f1777-341.js.map (debug id fd45c86a-1247-4c84-8c27-70ac087f1777)
    ~/fd7ada32-31d3-43a3-b0e1-eb9b84c874da-187.js.map (debug id fd7ada32-31d3-43a3-b0e1-eb9b84c874da)
    ~/fd7fb524-c3d8-46d4-8f31-99470932052e-123.js.map (debug id fd7fb524-c3d8-46d4-8f31-99470932052e)
    ~/fe0a6e97-724a-4087-9948-3c5a193cb6d1-17.js.map (debug id fe0a6e97-724a-4087-9948-3c5a193cb6d1)
    ~/ff10ce25-d3df-4341-b151-2d9868ec5cb3-319.js.map (debug id ff10ce25-d3df-4341-b151-2d9868ec5cb3)
    ~/ff3083cb-0119-478f-b48a-7a3a509bbb70-195.js.map (debug id ff3083cb-0119-478f-b48a-7a3a509bbb70)
[@sentry/nextjs - Node.js] Info: Successfully uploaded source maps to Sentry
[@sentry/nextjs - Edge] Info: Sending telemetry data on issues and performance to Sentry. To disable telemetry, set `options.telemetry` to `false`.
> Found 720 files
> Analyzing 720 sources
> Analyzing completed in 0.061s
> Adding source map references
> Bundling completed in 1.342s
> Bundled 720 files for upload
> Bundle ID: f85fa935-29c4-54af-b7fe-4a9e01417fd5
> Optimizing completed in 0.033s
> Uploading completed in 2.008s
> Uploaded files to Sentry
> Processing completed in 0.202s
> File upload complete (processing pending on server)
> Organization: 3rdplace
> Projects: 3rdplace-web
> Release: 68fa2ab4ddbdf656121398d51958162524e691a2
> Dist: None
> Upload type: artifact bundle

Source Map Upload Report
  Scripts
    ~/008c807b-39e6-4e7a-bd89-a489ba297206-32.js (sourcemap at page.js.map, debug id 008c807b-39e6-4e7a-bd89-a489ba297206)
    ~/009d5e45-3484-4b4b-871b-4676610dc08c-2.js (sourcemap at page.js.map, debug id 009d5e45-3484-4b4b-871b-4676610dc08c)
    ~/022ed479-0b54-40c7-afa2-ff6757c31e1d-68.js (sourcemap at page.js.map, debug id 022ed479-0b54-40c7-afa2-ff6757c31e1d)
    ~/04774c97-2047-4460-aa80-f3bf05b34f38-67.js (sourcemap at page.js.map, debug id 04774c97-2047-4460-aa80-f3bf05b34f38)
    ~/055190bc-b6a5-46ee-b81e-830688b032ef-359.js (sourcemap at _error.js.map, debug id 055190bc-b6a5-46ee-b81e-830688b032ef)
    ~/06ca735c-04c1-4ee8-b1bb-a4b9f0de99e8-197.js (sourcemap at route.js.map, debug id 06ca735c-04c1-4ee8-b1bb-a4b9f0de99e8)
    ~/0788a7b6-cf83-494b-a29a-19ebe5e844f6-126.js (sourcemap at route.js.map, debug id 0788a7b6-cf83-494b-a29a-19ebe5e844f6)
    ~/0bd186b6-7004-4751-97c6-2fdd4ebcbb12-200.js (sourcemap at route.js.map, debug id 0bd186b6-7004-4751-97c6-2fdd4ebcbb12)
    ~/0be7d7f4-b505-4ea3-a0fa-fff72dbcdc83-221.js (sourcemap at route.js.map, debug id 0be7d7f4-b505-4ea3-a0fa-fff72dbcdc83)
    ~/0c58eeba-da98-4d13-8780-4ba8d82636bc-247.js (sourcemap at route.js.map, debug id 0c58eeba-da98-4d13-8780-4ba8d82636bc)
    ~/0cbe7234-a553-4fcd-bb44-b05c400c044f-27.js (sourcemap at page.js.map, debug id 0cbe7234-a553-4fcd-bb44-b05c400c044f)
    ~/0d23dc9d-09b6-422f-9479-f1377db3f380-295.js (sourcemap at 2941.js.map, debug id 0d23dc9d-09b6-422f-9479-f1377db3f380)
    ~/0d779bc7-2c9d-4438-acf8-c1a70b94149e-276.js (sourcemap at page.js.map, debug id 0d779bc7-2c9d-4438-acf8-c1a70b94149e)
    ~/0dbef386-17b5-4678-9d69-5e8b2d18476f-186.js (sourcemap at route.js.map, debug id 0dbef386-17b5-4678-9d69-5e8b2d18476f)
    ~/0ddba372-3a80-4896-87be-16590c2c09e2-30.js (sourcemap at page.js.map, debug id 0ddba372-3a80-4896-87be-16590c2c09e2)
    ~/0e89f4b1-29e1-4617-8d41-17634b59a1da-216.js (sourcemap at route.js.map, debug id 0e89f4b1-29e1-4617-8d41-17634b59a1da)
    ~/0ef8c5d6-eb88-42f2-bd23-6e7c467d4145-51.js (sourcemap at page.js.map, debug id 0ef8c5d6-eb88-42f2-bd23-6e7c467d4145)
    ~/0fdc690e-e6be-4466-b848-185121aae3a9-189.js (sourcemap at route.js.map, debug id 0fdc690e-e6be-4466-b848-185121aae3a9)
    ~/10239462-7102-4803-944b-5086148f5684-21.js (sourcemap at page.js.map, debug id 10239462-7102-4803-944b-5086148f5684)
    ~/11b56657-9fdb-4872-8690-7d6d1a110bf0-106.js (sourcemap at route.js.map, debug id 11b56657-9fdb-4872-8690-7d6d1a110bf0)
    ~/11eda65d-301c-4c26-ae9f-3c40f6edb041-222.js (sourcemap at route.js.map, debug id 11eda65d-301c-4c26-ae9f-3c40f6edb041)
    ~/1275ac20-2d75-4043-93f7-126256d2089f-318.js (sourcemap at 6077.js.map, debug id 1275ac20-2d75-4043-93f7-126256d2089f)
    ~/12efa985-c4ff-47d8-9781-fdda6281b39f-46.js (sourcemap at page.js.map, debug id 12efa985-c4ff-47d8-9781-fdda6281b39f)
    ~/12fb79dc-a5bb-47a1-9210-7453a75d9c3f-143.js (sourcemap at route.js.map, debug id 12fb79dc-a5bb-47a1-9210-7453a75d9c3f)
    ~/130d15bf-d0ee-4847-b1cb-c08dbe21f683-109.js (sourcemap at route.js.map, debug id 130d15bf-d0ee-4847-b1cb-c08dbe21f683)
    ~/141b2976-052b-41d2-9538-4390835c2463-10.js (sourcemap at page.js.map, debug id 141b2976-052b-41d2-9538-4390835c2463)
    ~/1424e6f8-608e-4591-94a0-ea56392bdd52-225.js (sourcemap at route.js.map, debug id 1424e6f8-608e-4591-94a0-ea56392bdd52)
    ~/1438dcdc-549c-422b-9889-f844f35a20ed-122.js (sourcemap at route.js.map, debug id 1438dcdc-549c-422b-9889-f844f35a20ed)
    ~/15000ffc-4cd9-4e22-8fb4-ecf5c8d8f823-83.js (sourcemap at route.js.map, debug id 15000ffc-4cd9-4e22-8fb4-ecf5c8d8f823)
    ~/161fd4bd-65a6-4357-af92-5200929eb079-162.js (sourcemap at route.js.map, debug id 161fd4bd-65a6-4357-af92-5200929eb079)
    ~/1761f397-74e8-4c69-bb07-18846721edab-314.js (sourcemap at 5363.js.map, debug id 1761f397-74e8-4c69-bb07-18846721edab)
    ~/18356c6c-69ac-45a2-b202-ffc58568ea8c-220.js (sourcemap at route.js.map, debug id 18356c6c-69ac-45a2-b202-ffc58568ea8c)
    ~/186ab510-ac44-4864-9cbb-6a0b4c212005-16.js (sourcemap at page.js.map, debug id 186ab510-ac44-4864-9cbb-6a0b4c212005)
    ~/18761fae-b195-4392-a8dd-86b992214d84-13.js (sourcemap at page.js.map, debug id 18761fae-b195-4392-a8dd-86b992214d84)
    ~/19f38199-4183-4794-9906-02481048b308-102.js (sourcemap at route.js.map, debug id 19f38199-4183-4794-9906-02481048b308)
    ~/1ae42564-0183-4c08-a725-1c70400730fa-5.js (sourcemap at page.js.map, debug id 1ae42564-0183-4c08-a725-1c70400730fa)
    ~/1b5e8567-b6e0-4b14-9cd4-41231ec5e45b-252.js (sourcemap at route.js.map, debug id 1b5e8567-b6e0-4b14-9cd4-41231ec5e45b)
    ~/1c563caa-f064-4995-a632-e2563a8466d0-26.js (sourcemap at page.js.map, debug id 1c563caa-f064-4995-a632-e2563a8466d0)
    ~/1dc71290-4932-453e-9dfa-5c26759353aa-20.js (sourcemap at page.js.map, debug id 1dc71290-4932-453e-9dfa-5c26759353aa)
    ~/1de7d875-75c1-4f5a-9bed-2d72cc7e4b91-160.js (sourcemap at route.js.map, debug id 1de7d875-75c1-4f5a-9bed-2d72cc7e4b91)
    ~/1e28a685-0dad-47c1-8bd9-94526c1964ae-303.js (sourcemap at 4345.js.map, debug id 1e28a685-0dad-47c1-8bd9-94526c1964ae)
    ~/1f273ebd-2801-4a76-8a19-87867fc6e9c5-118.js (sourcemap at route.js.map, debug id 1f273ebd-2801-4a76-8a19-87867fc6e9c5)
    ~/234a2a15-61da-48fc-a62c-8529a86c06fb-101.js (sourcemap at route.js.map, debug id 234a2a15-61da-48fc-a62c-8529a86c06fb)
    ~/23db4900-995d-4f84-9a4e-8bb5a333309c-353.js (sourcemap at edge-instrumentation.js.map, debug id 23db4900-995d-4f84-9a4e-8bb5a333309c)
    ~/2474f290-7848-4021-8a37-e3b9e826f824-158.js (sourcemap at route.js.map, debug id 2474f290-7848-4021-8a37-e3b9e826f824)
    ~/25c6cfda-3629-4750-9c4d-f85ab12679cf-70.js (sourcemap at page.js.map, debug id 25c6cfda-3629-4750-9c4d-f85ab12679cf)
    ~/27323fbc-323b-4ba6-bb6e-8258f155eb1a-289.js (sourcemap at 2459.js.map, debug id 27323fbc-323b-4ba6-bb6e-8258f155eb1a)
    ~/2970202a-426a-4e91-9365-6acc8fa1fb7c-241.js (sourcemap at route.js.map, debug id 2970202a-426a-4e91-9365-6acc8fa1fb7c)
    ~/2a0a1edc-f298-4f4c-be6b-e7d37e7eade4-300.js (sourcemap at 3611.js.map, debug id 2a0a1edc-f298-4f4c-be6b-e7d37e7eade4)
    ~/2b4d9c41-d3a0-439a-8051-e7205afbffe0-192.js (sourcemap at route.js.map, debug id 2b4d9c41-d3a0-439a-8051-e7205afbffe0)
    ~/2b8c8616-a9ff-44b1-9909-bed76817a09a-112.js (sourcemap at route.js.map, debug id 2b8c8616-a9ff-44b1-9909-bed76817a09a)
    ~/2c1e995f-5050-49c0-bdde-d39bfa7a3324-270.js (sourcemap at route.js.map, debug id 2c1e995f-5050-49c0-bdde-d39bfa7a3324)
    ~/2ca62ca7-569f-4df1-9c22-3e39530fc3a0-310.js (sourcemap at 4891.js.map, debug id 2ca62ca7-569f-4df1-9c22-3e39530fc3a0)
    ~/2d4d2ce6-ee4a-4009-b8cd-b2871613e61a-344.js (sourcemap at 8612.js.map, debug id 2d4d2ce6-ee4a-4009-b8cd-b2871613e61a)
    ~/2d8b67bd-3f7a-4778-947a-7ecec8ea4e15-134.js (sourcemap at route.js.map, debug id 2d8b67bd-3f7a-4778-947a-7ecec8ea4e15)
    ~/2e4ca229-2cc9-4ecd-9f48-5dfcb675a926-278.js (sourcemap at 1164.js.map, debug id 2e4ca229-2cc9-4ecd-9f48-5dfcb675a926)
    ~/2f7c0d96-66d9-4bf7-9cf3-9721f8cab3c5-311.js (sourcemap at 4894.js.map, debug id 2f7c0d96-66d9-4bf7-9cf3-9721f8cab3c5)
    ~/2fcf99b5-4b68-48f1-86b7-324985a2eec1-253.js (sourcemap at route.js.map, debug id 2fcf99b5-4b68-48f1-86b7-324985a2eec1)
    ~/3148b0eb-d401-416a-b851-dcdcf86fa935-54.js (sourcemap at page.js.map, debug id 3148b0eb-d401-416a-b851-dcdcf86fa935)
    ~/329a1f6d-7891-423d-bf3a-1289c38d944e-307.js (sourcemap at 463.js.map, debug id 329a1f6d-7891-423d-bf3a-1289c38d944e)
    ~/3314803a-74ae-4241-9627-70c8b4288ba2-38.js (sourcemap at page.js.map, debug id 3314803a-74ae-4241-9627-70c8b4288ba2)
    ~/33a62c44-b657-4965-b512-d9b4fdaeadfc-96.js (sourcemap at route.js.map, debug id 33a62c44-b657-4965-b512-d9b4fdaeadfc)
    ~/357e4217-c110-4c4a-ad18-693110a9b535-245.js (sourcemap at route.js.map, debug id 357e4217-c110-4c4a-ad18-693110a9b535)
    ~/35f6290d-e62f-4b35-a112-a381742cc781-184.js (sourcemap at route.js.map, debug id 35f6290d-e62f-4b35-a112-a381742cc781)
    ~/367fc8e5-2122-44b8-862d-948bccfbe94b-75.js (sourcemap at route.js.map, debug id 367fc8e5-2122-44b8-862d-948bccfbe94b)
    ~/36967e92-e3af-4f6a-820d-f67583c7fd60-164.js (sourcemap at route.js.map, debug id 36967e92-e3af-4f6a-820d-f67583c7fd60)
    ~/3709356f-61e2-42f4-8c81-ef65ac5f6982-269.js (sourcemap at route.js.map, debug id 3709356f-61e2-42f4-8c81-ef65ac5f6982)
    ~/3742b556-67d9-4af7-8cdc-e81cbb148ea1-49.js (sourcemap at page.js.map, debug id 3742b556-67d9-4af7-8cdc-e81cbb148ea1)
    ~/37bc50e7-def4-498b-9977-b225bbf69a56-338.js (sourcemap at 821.js.map, debug id 37bc50e7-def4-498b-9977-b225bbf69a56)
    ~/37d51551-5f42-4e85-b497-ba2d1b3058c6-233.js (sourcemap at route.js.map, debug id 37d51551-5f42-4e85-b497-ba2d1b3058c6)
    ~/380a6a95-c845-49e7-9c63-36f94302b47a-85.js (sourcemap at route.js.map, debug id 380a6a95-c845-49e7-9c63-36f94302b47a)
    ~/382166e8-b673-4aca-a127-c25663cbdf43-127.js (sourcemap at route.js.map, debug id 382166e8-b673-4aca-a127-c25663cbdf43)
    ~/383f1b58-cc38-494d-8b38-10811b58390b-320.js (sourcemap at 6157.js.map, debug id 383f1b58-cc38-494d-8b38-10811b58390b)
    ~/38921674-47e0-4d0e-a7a3-f9e0f415fafd-97.js (sourcemap at route.js.map, debug id 38921674-47e0-4d0e-a7a3-f9e0f415fafd)
    ~/39164432-543e-4f91-836e-49c528911d2c-246.js (sourcemap at route.js.map, debug id 39164432-543e-4f91-836e-49c528911d2c)
    ~/399d508d-9bfd-41a6-9e0e-7e2458e41cac-340.js (sourcemap at 8387.js.map, debug id 399d508d-9bfd-41a6-9e0e-7e2458e41cac)
    ~/3ab9c56a-d637-4009-a950-389c3778b655-79.js (sourcemap at route.js.map, debug id 3ab9c56a-d637-4009-a950-389c3778b655)
    ~/3baf3b47-e6fe-4b69-93f1-6f7d16efd576-250.js (sourcemap at route.js.map, debug id 3baf3b47-e6fe-4b69-93f1-6f7d16efd576)
    ~/3bdc6fea-49d0-4efa-bedf-b5638fa5a0a0-34.js (sourcemap at page.js.map, debug id 3bdc6fea-49d0-4efa-bedf-b5638fa5a0a0)
    ~/3c5920ee-02ec-488a-87a8-7b745c720e0f-169.js (sourcemap at route.js.map, debug id 3c5920ee-02ec-488a-87a8-7b745c720e0f)
    ~/3c7c79e0-e97e-4df6-a918-6e4165ad3ffc-146.js (sourcemap at route.js.map, debug id 3c7c79e0-e97e-4df6-a918-6e4165ad3ffc)
    ~/3ca54736-89c5-4858-84fd-0de153f9e96e-355.js (sourcemap at instrumentation.js.map, debug id 3ca54736-89c5-4858-84fd-0de153f9e96e)
    ~/3cf11751-f834-4361-96d7-cbd02ac29685-284.js (sourcemap at 2275.js.map, debug id 3cf11751-f834-4361-96d7-cbd02ac29685)
    ~/3e6e4b37-2f0e-44a1-afb4-7b02057164f2-287.js (sourcemap at 2435.js.map, debug id 3e6e4b37-2f0e-44a1-afb4-7b02057164f2)
    ~/3ebd0549-9939-4359-97c6-1c4641b7d1b6-90.js (sourcemap at route.js.map, debug id 3ebd0549-9939-4359-97c6-1c4641b7d1b6)
    ~/3ed0b24e-6d68-4168-9c7a-a5fba79f27d6-263.js (sourcemap at route.js.map, debug id 3ed0b24e-6d68-4168-9c7a-a5fba79f27d6)
    ~/405fe9ca-e079-4ea4-bb47-a62cfc6c5f35-179.js (sourcemap at route.js.map, debug id 405fe9ca-e079-4ea4-bb47-a62cfc6c5f35)
    ~/406d8623-7aa3-4222-9fbf-84b6be1d33c2-193.js (sourcemap at route.js.map, debug id 406d8623-7aa3-4222-9fbf-84b6be1d33c2)
    ~/41107ddf-f514-483b-a4eb-05c19bd09765-84.js (sourcemap at route.js.map, debug id 41107ddf-f514-483b-a4eb-05c19bd09765)
    ~/41d5f132-41bc-4b6a-962b-78b722b4d453-6.js (sourcemap at page.js.map, debug id 41d5f132-41bc-4b6a-962b-78b722b4d453)
    ~/427ca175-3fad-4c6f-922c-e25e1c28e198-244.js (sourcemap at route.js.map, debug id 427ca175-3fad-4c6f-922c-e25e1c28e198)
    ~/43710ec5-6069-477e-b64d-631d7519fda9-348.js (sourcemap at 9291.js.map, debug id 43710ec5-6069-477e-b64d-631d7519fda9)
    ~/438a7040-8451-4330-b248-a606475319a6-194.js (sourcemap at route.js.map, debug id 438a7040-8451-4330-b248-a606475319a6)
    ~/43efd33c-aedb-4781-9857-109e8f784825-325.js (sourcemap at 6621.js.map, debug id 43efd33c-aedb-4781-9857-109e8f784825)
    ~/4406e79c-3c04-404e-be25-69122ecd2476-349.js (sourcemap at 939.js.map, debug id 4406e79c-3c04-404e-be25-69122ecd2476)
    ~/44d28ad2-2134-423e-ab50-443ebcbebc2b-131.js (sourcemap at route.js.map, debug id 44d28ad2-2134-423e-ab50-443ebcbebc2b)
    ~/45cbac5d-59be-43ac-85f1-fde7417e3d53-57.js (sourcemap at page.js.map, debug id 45cbac5d-59be-43ac-85f1-fde7417e3d53)
    ~/46acc287-a212-456a-b19f-b27e1629fdf0-148.js (sourcemap at route.js.map, debug id 46acc287-a212-456a-b19f-b27e1629fdf0)
    ~/4741ca17-a2ca-437e-b5fb-8244891309cb-141.js (sourcemap at route.js.map, debug id 4741ca17-a2ca-437e-b5fb-8244891309cb)
    ~/4ac8e60c-9f12-43cc-953b-910dcc68a739-4.js (sourcemap at page.js.map, debug id 4ac8e60c-9f12-43cc-953b-910dcc68a739)
    ~/4b5903d4-779e-49ab-a9bc-f1a72691c70b-191.js (sourcemap at route.js.map, debug id 4b5903d4-779e-49ab-a9bc-f1a72691c70b)
    ~/4c145ea9-b9c1-4f80-822f-b2524c9fa299-150.js (sourcemap at route.js.map, debug id 4c145ea9-b9c1-4f80-822f-b2524c9fa299)
    ~/4c399a30-9704-4399-aae2-d063b567f2d8-238.js (sourcemap at route.js.map, debug id 4c399a30-9704-4399-aae2-d063b567f2d8)
    ~/4cd49dfd-cbd3-4f84-815f-1e9e4305129b-327.js (sourcemap at 7037.js.map, debug id 4cd49dfd-cbd3-4f84-815f-1e9e4305129b)
    ~/4d5936b1-bc0e-4557-aa72-45794f02e0c8-144.js (sourcemap at route.js.map, debug id 4d5936b1-bc0e-4557-aa72-45794f02e0c8)
    ~/4dcc0768-4838-4cb7-8c63-3b3c8cd18add-259.js (sourcemap at route.js.map, debug id 4dcc0768-4838-4cb7-8c63-3b3c8cd18add)
    ~/4f10a993-d6f3-4dd7-801c-2f3fac49aa81-235.js (sourcemap at route.js.map, debug id 4f10a993-d6f3-4dd7-801c-2f3fac49aa81)
    ~/4ff44e6a-5591-4e7c-94a1-f7bdd9c45154-125.js (sourcemap at route.js.map, debug id 4ff44e6a-5591-4e7c-94a1-f7bdd9c45154)
    ~/508d5dd6-43fd-4c18-b58f-1b1772070ea5-155.js (sourcemap at route.js.map, debug id 508d5dd6-43fd-4c18-b58f-1b1772070ea5)
    ~/53c3b7b7-2678-4455-9e6c-61a5ced8d2c2-113.js (sourcemap at route.js.map, debug id 53c3b7b7-2678-4455-9e6c-61a5ced8d2c2)
    ~/5400c4fb-440f-439f-a2a3-69dc42e4022e-202.js (sourcemap at route.js.map, debug id 5400c4fb-440f-439f-a2a3-69dc42e4022e)
    ~/54358ea9-37d0-465e-8783-7027d1d02187-147.js (sourcemap at route.js.map, debug id 54358ea9-37d0-465e-8783-7027d1d02187)
    ~/547e2545-18e8-40d8-9b24-f8da7c64f34f-108.js (sourcemap at route.js.map, debug id 547e2545-18e8-40d8-9b24-f8da7c64f34f)
    ~/55ad00ca-f97c-487c-8c96-434f6513f900-166.js (sourcemap at route.js.map, debug id 55ad00ca-f97c-487c-8c96-434f6513f900)
    ~/55d7cf35-e055-4310-83b2-1ccc42db21a0-219.js (sourcemap at route.js.map, debug id 55d7cf35-e055-4310-83b2-1ccc42db21a0)
    ~/55e05840-cc57-4e1e-8598-4f8966f7cd1e-105.js (sourcemap at route.js.map, debug id 55e05840-cc57-4e1e-8598-4f8966f7cd1e)
    ~/55fc84ef-7adb-4dcd-9056-41fa3ecfbf2f-121.js (sourcemap at route.js.map, debug id 55fc84ef-7adb-4dcd-9056-41fa3ecfbf2f)
    ~/571707fb-b033-49bb-b44a-86e735db533d-313.js (sourcemap at 5145.js.map, debug id 571707fb-b033-49bb-b44a-86e735db533d)
    ~/5847ef66-ac8a-464c-9821-eb4b279068b3-43.js (sourcemap at page.js.map, debug id 5847ef66-ac8a-464c-9821-eb4b279068b3)
    ~/5850d9ab-a189-48ad-8308-9cb6a90989f7-40.js (sourcemap at page.js.map, debug id 5850d9ab-a189-48ad-8308-9cb6a90989f7)
    ~/5899730d-5b3d-4f4a-85b1-3afdc9e734b1-156.js (sourcemap at route.js.map, debug id 5899730d-5b3d-4f4a-85b1-3afdc9e734b1)
    ~/596ec2af-0714-49e1-9df6-aaee43d7be6e-139.js (sourcemap at route.js.map, debug id 596ec2af-0714-49e1-9df6-aaee43d7be6e)
    ~/5a011dcf-6fc4-46a2-a9c5-41a265bcbf64-223.js (sourcemap at route.js.map, debug id 5a011dcf-6fc4-46a2-a9c5-41a265bcbf64)
    ~/5bd9f431-c848-434c-9bb8-2b0676fd9ee3-48.js (sourcemap at page.js.map, debug id 5bd9f431-c848-434c-9bb8-2b0676fd9ee3)
    ~/5e39b739-8934-4127-a476-357c2b267192-176.js (sourcemap at route.js.map, debug id 5e39b739-8934-4127-a476-357c2b267192)
    ~/5f33e42b-427b-4148-814d-eaac5e3b6eb8-25.js (sourcemap at page.js.map, debug id 5f33e42b-427b-4148-814d-eaac5e3b6eb8)
    ~/5f6209d2-8ed9-4bc4-a540-274e595dab6c-110.js (sourcemap at route.js.map, debug id 5f6209d2-8ed9-4bc4-a540-274e595dab6c)
    ~/6038c4d0-77ca-4a1d-bebb-0e52659dd85c-163.js (sourcemap at route.js.map, debug id 6038c4d0-77ca-4a1d-bebb-0e52659dd85c)
    ~/60a75765-fad7-4d5d-9728-ecd3b23790e6-265.js (sourcemap at route.js.map, debug id 60a75765-fad7-4d5d-9728-ecd3b23790e6)
    ~/6106f8e8-2aaa-4efe-994e-62fd4ff4756c-87.js (sourcemap at route.js.map, debug id 6106f8e8-2aaa-4efe-994e-62fd4ff4756c)
    ~/624bc59d-5051-4934-87c1-cd2b773368f2-71.js (sourcemap at page.js.map, debug id 624bc59d-5051-4934-87c1-cd2b773368f2)
    ~/62c8e33c-caf8-4376-8a06-822d0f565dcb-288.js (sourcemap at 2438.js.map, debug id 62c8e33c-caf8-4376-8a06-822d0f565dcb)
    ~/65d67a40-c84e-47a0-9f9d-82a695cb9760-321.js (sourcemap at 6242.js.map, debug id 65d67a40-c84e-47a0-9f9d-82a695cb9760)
    ~/666282fb-87a5-4147-a6da-da3e703b5506-95.js (sourcemap at route.js.map, debug id 666282fb-87a5-4147-a6da-da3e703b5506)
    ~/67b7ae3d-757a-4508-a011-519d1ce9be47-281.js (sourcemap at 1419.js.map, debug id 67b7ae3d-757a-4508-a011-519d1ce9be47)
    ~/69307b49-42c2-42c3-88f3-8b7fc875aa1b-77.js (sourcemap at route.js.map, debug id 69307b49-42c2-42c3-88f3-8b7fc875aa1b)
    ~/6add210d-751b-4510-94bb-d063ea26f962-91.js (sourcemap at route.js.map, debug id 6add210d-751b-4510-94bb-d063ea26f962)
    ~/6be9165c-517e-4279-9236-0cee7ef8c68f-174.js (sourcemap at route.js.map, debug id 6be9165c-517e-4279-9236-0cee7ef8c68f)
    ~/6c1a1067-c297-438c-8691-d5c7376bddc8-88.js (sourcemap at route.js.map, debug id 6c1a1067-c297-438c-8691-d5c7376bddc8)
    ~/6e932ee1-2ac6-4538-b323-10141e9dd874-99.js (sourcemap at route.js.map, debug id 6e932ee1-2ac6-4538-b323-10141e9dd874)
    ~/6ecaa67d-4673-485c-89c5-70c8747b6901-268.js (sourcemap at route.js.map, debug id 6ecaa67d-4673-485c-89c5-70c8747b6901)
    ~/6f472f01-86ad-417e-af10-02a827caf13a-226.js (sourcemap at route.js.map, debug id 6f472f01-86ad-417e-af10-02a827caf13a)
    ~/6f5a50ea-6a96-4186-a086-59fa89cb8c59-188.js (sourcemap at route.js.map, debug id 6f5a50ea-6a96-4186-a086-59fa89cb8c59)
    ~/6fb98615-77cd-4a4f-9989-a4fd3c1b4b3a-190.js (sourcemap at route.js.map, debug id 6fb98615-77cd-4a4f-9989-a4fd3c1b4b3a)
    ~/70458692-ba9c-4226-847f-4cb9304194de-152.js (sourcemap at route.js.map, debug id 70458692-ba9c-4226-847f-4cb9304194de)
    ~/71618830-42cd-4e45-81d3-ff538f55f038-337.js (sourcemap at 8025.js.map, debug id 71618830-42cd-4e45-81d3-ff538f55f038)
    ~/738e446e-7bfb-4df5-921e-c24d6b6a7af7-309.js (sourcemap at 4704.js.map, debug id 738e446e-7bfb-4df5-921e-c24d6b6a7af7)
    ~/739c31ea-c254-49a3-a4cb-00389704b766-3.js (sourcemap at page.js.map, debug id 739c31ea-c254-49a3-a4cb-00389704b766)
    ~/749061c7-487a-491d-8b8c-a96833724ec3-224.js (sourcemap at route.js.map, debug id 749061c7-487a-491d-8b8c-a96833724ec3)
    ~/7543ae03-9b92-4fff-8127-699a2b21727f-360.js (no sourcemap found, debug id 7543ae03-9b92-4fff-8127-699a2b21727f)
      - warning: could not determine a source map reference (Could not auto-detect referenced sourcemap for ~/7543ae03-9b92-4fff-8127-699a2b21727f-360.js)
    ~/7570412a-b1c8-4e5d-87f8-9476ffd96d40-317.js (sourcemap at 6074.js.map, debug id 7570412a-b1c8-4e5d-87f8-9476ffd96d40)
    ~/75b45033-7ecd-489a-b39b-e9208a170d41-28.js (sourcemap at page.js.map, debug id 75b45033-7ecd-489a-b39b-e9208a170d41)
    ~/764dbd40-b126-44f4-aa45-7679a974145d-302.js (sourcemap at 4293.js.map, debug id 764dbd40-b126-44f4-aa45-7679a974145d)
    ~/77132a0a-f971-45a5-8dc8-3c43d1dadbef-89.js (sourcemap at route.js.map, debug id 77132a0a-f971-45a5-8dc8-3c43d1dadbef)
    ~/77d95d3a-5e28-4610-bdf1-8df63ae5ecfc-165.js (sourcemap at route.js.map, debug id 77d95d3a-5e28-4610-bdf1-8df63ae5ecfc)
    ~/78d75680-20f8-4ca3-98ab-a24477023d6e-304.js (sourcemap at 4422.js.map, debug id 78d75680-20f8-4ca3-98ab-a24477023d6e)
    ~/7a37859d-f0e7-4273-be74-6edbe2cc840c-331.js (sourcemap at 7386.js.map, debug id 7a37859d-f0e7-4273-be74-6edbe2cc840c)
    ~/7ad64435-2c37-4871-a687-06e0d917bd3d-286.js (sourcemap at 2428.js.map, debug id 7ad64435-2c37-4871-a687-06e0d917bd3d)
    ~/7b2cde6c-fb22-419a-92a5-8a66e0c0c83d-8.js (sourcemap at page.js.map, debug id 7b2cde6c-fb22-419a-92a5-8a66e0c0c83d)
    ~/7b83b234-a193-4782-8600-9f56703887fe-58.js (sourcemap at page.js.map, debug id 7b83b234-a193-4782-8600-9f56703887fe)
    ~/7bbc95e0-665d-4a5b-a8af-d30415d89db7-242.js (sourcemap at route.js.map, debug id 7bbc95e0-665d-4a5b-a8af-d30415d89db7)
    ~/7c6a1f70-92c1-49c3-a418-9c3ed67d65bd-66.js (sourcemap at page.js.map, debug id 7c6a1f70-92c1-49c3-a418-9c3ed67d65bd)
    ~/7d5e6f42-a1e5-424b-a06d-f9c2c02532a8-175.js (sourcemap at route.js.map, debug id 7d5e6f42-a1e5-424b-a06d-f9c2c02532a8)
    ~/7dbe646d-92ee-47bb-86bb-915917607d96-19.js (sourcemap at page.js.map, debug id 7dbe646d-92ee-47bb-86bb-915917607d96)
    ~/7dd8961c-c7fe-4c71-a2e4-a9cd9ad5209d-308.js (sourcemap at 4693.js.map, debug id 7dd8961c-c7fe-4c71-a2e4-a9cd9ad5209d)
    ~/7e3417c6-edc7-46c4-92d0-9d1b51740187-170.js (sourcemap at route.js.map, debug id 7e3417c6-edc7-46c4-92d0-9d1b51740187)
    ~/7ecc0721-abd1-4009-9fc4-cd46a68d411f-261.js (sourcemap at route.js.map, debug id 7ecc0721-abd1-4009-9fc4-cd46a68d411f)
    ~/7ee91825-1b63-4df2-bd0d-db915433e39d-290.js (sourcemap at 2509.js.map, debug id 7ee91825-1b63-4df2-bd0d-db915433e39d)
    ~/7f313584-2f36-4b22-9c52-9b16dfcac13b-23.js (sourcemap at page.js.map, debug id 7f313584-2f36-4b22-9c52-9b16dfcac13b)
    ~/8191155b-a106-4ca8-a7a2-30598797fe57-315.js (sourcemap at 5846.js.map, debug id 8191155b-a106-4ca8-a7a2-30598797fe57)
    ~/8213a460-e2cb-4fab-92a5-82b29ff748c3-18.js (sourcemap at page.js.map, debug id 8213a460-e2cb-4fab-92a5-82b29ff748c3)
    ~/821e3fb1-588b-4bb9-b17c-1862e13addff-356.js (sourcemap at middleware.js.map, debug id 821e3fb1-588b-4bb9-b17c-1862e13addff)
    ~/8221e419-1258-4b94-b4bf-b39e0c262697-328.js (sourcemap at 7082.js.map, debug id 8221e419-1258-4b94-b4bf-b39e0c262697)
    ~/83b87be2-af1d-4af4-9a85-f27324faf272-266.js (sourcemap at route.js.map, debug id 83b87be2-af1d-4af4-9a85-f27324faf272)
    ~/83daa0bd-c636-44c5-8e95-d43f0960105e-86.js (sourcemap at route.js.map, debug id 83daa0bd-c636-44c5-8e95-d43f0960105e)
    ~/847742f2-a6ee-4610-8f09-8361cdd3e60a-292.js (sourcemap at 2773.js.map, debug id 847742f2-a6ee-4610-8f09-8361cdd3e60a)
    ~/85445088-c97a-4498-9fc2-09dc5d6a8d44-210.js (sourcemap at route.js.map, debug id 85445088-c97a-4498-9fc2-09dc5d6a8d44)
    ~/8584ec49-1694-42d7-826a-216dfcbc4131-254.js (sourcemap at route.js.map, debug id 8584ec49-1694-42d7-826a-216dfcbc4131)
    ~/85a679a6-b709-4a8b-bd3b-5b82631b621e-218.js (sourcemap at route.js.map, debug id 85a679a6-b709-4a8b-bd3b-5b82631b621e)
    ~/85a8e9ba-3e0c-4726-a17a-81acd0b8e956-72.js (sourcemap at page.js.map, debug id 85a8e9ba-3e0c-4726-a17a-81acd0b8e956)
    ~/86307ac2-5f88-44d1-b4b0-676d3ecd7d11-234.js (sourcemap at route.js.map, debug id 86307ac2-5f88-44d1-b4b0-676d3ecd7d11)
    ~/87344a36-4484-4d8e-ac54-bb9969adba16-330.js (sourcemap at 7208.js.map, debug id 87344a36-4484-4d8e-ac54-bb9969adba16)
    ~/88e58a4e-241b-4139-90ff-4d97e1256c5d-296.js (sourcemap at 2999.js.map, debug id 88e58a4e-241b-4139-90ff-4d97e1256c5d)
    ~/893459f8-c88c-4917-8b99-158f99789365-124.js (sourcemap at route.js.map, debug id 893459f8-c88c-4917-8b99-158f99789365)
    ~/89bace96-45b4-43b6-80e4-002ff6e30be2-73.js (sourcemap at page.js.map, debug id 89bace96-45b4-43b6-80e4-002ff6e30be2)
    ~/8a4b7500-0420-4b62-875d-54ec474e2a12-98.js (sourcemap at route.js.map, debug id 8a4b7500-0420-4b62-875d-54ec474e2a12)
    ~/8afd378b-3596-491d-8bcb-783725216143-111.js (sourcemap at route.js.map, debug id 8afd378b-3596-491d-8bcb-783725216143)
    ~/8b1735d3-b88a-4317-9e45-31324aa5ea42-61.js (sourcemap at page.js.map, debug id 8b1735d3-b88a-4317-9e45-31324aa5ea42)
    ~/8c346820-54b7-4d0b-b27e-44c92aaec20f-65.js (sourcemap at page.js.map, debug id 8c346820-54b7-4d0b-b27e-44c92aaec20f)
    ~/8d95b7cf-3f4b-47da-8ab9-be917c31c826-283.js (sourcemap at 2006.js.map, debug id 8d95b7cf-3f4b-47da-8ab9-be917c31c826)
    ~/8d9e3637-338c-4835-a679-aa7d2caa3aee-31.js (sourcemap at page.js.map, debug id 8d9e3637-338c-4835-a679-aa7d2caa3aee)
    ~/8fad26b5-dda6-4661-a072-2205049e25f7-275.js (sourcemap at route.js.map, debug id 8fad26b5-dda6-4661-a072-2205049e25f7)
    ~/8faf9123-e682-4cb6-b1d4-07448a9c0ddd-305.js (sourcemap at 4438.js.map, debug id 8faf9123-e682-4cb6-b1d4-07448a9c0ddd)
    ~/8feafd1f-44e1-4046-9e74-4fbd81c924fa-240.js (sourcemap at route.js.map, debug id 8feafd1f-44e1-4046-9e74-4fbd81c924fa)
    ~/8ff47a52-e3f3-426c-9e29-2b5863a17ee5-282.js (sourcemap at 1606.js.map, debug id 8ff47a52-e3f3-426c-9e29-2b5863a17ee5)
    ~/9005ee89-74c2-43e7-a353-984be9a6e448-145.js (sourcemap at route.js.map, debug id 9005ee89-74c2-43e7-a353-984be9a6e448)
    ~/9083f96d-939a-4ac4-bd47-70d2197bcb57-104.js (sourcemap at route.js.map, debug id 9083f96d-939a-4ac4-bd47-70d2197bcb57)
    ~/9112f97a-c3af-4d04-8d0c-7004f0660a9a-206.js (sourcemap at route.js.map, debug id 9112f97a-c3af-4d04-8d0c-7004f0660a9a)
    ~/91e0753c-1c84-4bfa-baf7-35214edb227f-297.js (sourcemap at 3146.js.map, debug id 91e0753c-1c84-4bfa-baf7-35214edb227f)
    ~/924b1f7e-b8e3-4029-814e-6e8d4ba4e65a-45.js (sourcemap at page.js.map, debug id 924b1f7e-b8e3-4029-814e-6e8d4ba4e65a)
    ~/92aa6568-7029-418d-abde-e4b08d81ea4a-29.js (sourcemap at page.js.map, debug id 92aa6568-7029-418d-abde-e4b08d81ea4a)
    ~/938cd57e-251b-498d-adca-42be6873d139-255.js (sourcemap at route.js.map, debug id 938cd57e-251b-498d-adca-42be6873d139)
    ~/93e9bbf9-daca-4a6c-8a14-61de87cb2662-280.js (sourcemap at 1359.js.map, debug id 93e9bbf9-daca-4a6c-8a14-61de87cb2662)
    ~/95edbe47-e57a-411b-9a7c-40344537da2a-44.js (sourcemap at page.js.map, debug id 95edbe47-e57a-411b-9a7c-40344537da2a)
    ~/97bb3797-fde5-4412-ba6b-7e40103e40a0-33.js (sourcemap at page.js.map, debug id 97bb3797-fde5-4412-ba6b-7e40103e40a0)
    ~/97c01a47-5cba-4adf-ae08-988de44431b3-42.js (sourcemap at page.js.map, debug id 97c01a47-5cba-4adf-ae08-988de44431b3)
    ~/97e3d981-b290-4182-a859-9fef09aaf421-117.js (sourcemap at route.js.map, debug id 97e3d981-b290-4182-a859-9fef09aaf421)
    ~/990d2fa9-52e3-4c4c-9444-dd01cee48590-78.js (sourcemap at route.js.map, debug id 990d2fa9-52e3-4c4c-9444-dd01cee48590)
    ~/996f2436-950f-4e02-8892-850368fef3e4-15.js (sourcemap at page.js.map, debug id 996f2436-950f-4e02-8892-850368fef3e4)
    ~/9c572d2d-bae9-4c81-9622-dfca9077eeaf-142.js (sourcemap at route.js.map, debug id 9c572d2d-bae9-4c81-9622-dfca9077eeaf)
    ~/9d857a0b-d832-4076-811d-5bd0893b9c20-1.js (sourcemap at page.js.map, debug id 9d857a0b-d832-4076-811d-5bd0893b9c20)
    ~/9d910d1c-045b-4c6f-9580-749831270fe3-161.js (sourcemap at route.js.map, debug id 9d910d1c-045b-4c6f-9580-749831270fe3)
    ~/9da3d9f1-baf0-4d7d-983a-79d0d4060e76-333.js (sourcemap at 7821.js.map, debug id 9da3d9f1-baf0-4d7d-983a-79d0d4060e76)
    ~/9df59702-f182-457a-9df3-17d3665cce76-181.js (sourcemap at route.js.map, debug id 9df59702-f182-457a-9df3-17d3665cce76)
    ~/9e0abc71-3153-40a0-bbc1-e8b7ca95d042-336.js (sourcemap at 8002.js.map, debug id 9e0abc71-3153-40a0-bbc1-e8b7ca95d042)
    ~/9e6ceafe-68b2-468a-9172-fffb053f3f59-140.js (sourcemap at route.js.map, debug id 9e6ceafe-68b2-468a-9172-fffb053f3f59)
    ~/a0716ae3-09da-4db1-916a-1b5799d9a5b2-157.js (sourcemap at route.js.map, debug id a0716ae3-09da-4db1-916a-1b5799d9a5b2)
    ~/a0bddf33-f1ee-4a2c-9ac0-91f2bab9da94-128.js (sourcemap at route.js.map, debug id a0bddf33-f1ee-4a2c-9ac0-91f2bab9da94)
    ~/a0e555f8-a82e-4f34-979d-2d54eebb1c5d-301.js (sourcemap at 389.js.map, debug id a0e555f8-a82e-4f34-979d-2d54eebb1c5d)
    ~/a141e2b3-03de-473c-afd4-7f46bffc6202-47.js (sourcemap at page.js.map, debug id a141e2b3-03de-473c-afd4-7f46bffc6202)
    ~/a1d5d3ec-b1c5-4f87-a2f5-1b13813eb162-136.js (sourcemap at route.js.map, debug id a1d5d3ec-b1c5-4f87-a2f5-1b13813eb162)
    ~/a2633930-49e5-44cc-a4f7-04cd0c03dfe3-231.js (sourcemap at route.js.map, debug id a2633930-49e5-44cc-a4f7-04cd0c03dfe3)
    ~/a3b3f135-d1aa-4757-95b5-9b2413893c68-334.js (sourcemap at 7825.js.map, debug id a3b3f135-d1aa-4757-95b5-9b2413893c68)
    ~/a3be81c1-1902-4d53-93fe-4705a744e332-100.js (sourcemap at route.js.map, debug id a3be81c1-1902-4d53-93fe-4705a744e332)
    ~/a41854fa-888c-4a88-b8d6-728ce1e82d30-267.js (sourcemap at route.js.map, debug id a41854fa-888c-4a88-b8d6-728ce1e82d30)
    ~/a45fb381-a918-4f6c-b81d-94ba64c379f2-56.js (sourcemap at page.js.map, debug id a45fb381-a918-4f6c-b81d-94ba64c379f2)
    ~/a48bfbac-b761-424a-97ae-5f16c7b2630b-119.js (sourcemap at route.js.map, debug id a48bfbac-b761-424a-97ae-5f16c7b2630b)
    ~/a53bf812-fc2a-4959-81bf-79c33a9f95f0-64.js (sourcemap at page.js.map, debug id a53bf812-fc2a-4959-81bf-79c33a9f95f0)
    ~/a5c3dd62-d72c-4bb2-bb3c-dea9add5858b-230.js (sourcemap at route.js.map, debug id a5c3dd62-d72c-4bb2-bb3c-dea9add5858b)
    ~/a6d4279d-c814-4974-b420-3f2a477fd080-120.js (sourcemap at route.js.map, debug id a6d4279d-c814-4974-b420-3f2a477fd080)
    ~/a6dcf160-83f4-42b6-b00e-41438e496fa9-257.js (sourcemap at route.js.map, debug id a6dcf160-83f4-42b6-b00e-41438e496fa9)
    ~/a7fcc378-adbc-4886-a58e-44304c818912-183.js (sourcemap at route.js.map, debug id a7fcc378-adbc-4886-a58e-44304c818912)
    ~/a9723884-8772-44db-9e3c-06c19b7eceef-248.js (sourcemap at route.js.map, debug id a9723884-8772-44db-9e3c-06c19b7eceef)
    ~/a9a97d4a-fc90-45bb-9c24-d105bce72c0f-133.js (sourcemap at route.js.map, debug id a9a97d4a-fc90-45bb-9c24-d105bce72c0f)
    ~/ab93e6eb-68ba-4d87-8076-92d899a2cf35-59.js (sourcemap at page.js.map, debug id ab93e6eb-68ba-4d87-8076-92d899a2cf35)
    ~/abe8322b-2d45-47db-bc15-6fc23b81647b-324.js (sourcemap at 6387.js.map, debug id abe8322b-2d45-47db-bc15-6fc23b81647b)
    ~/ac4f8f73-f7df-4763-9783-15afdf00cfc7-239.js (sourcemap at route.js.map, debug id ac4f8f73-f7df-4763-9783-15afdf00cfc7)
    ~/ac6cd2ff-6b68-4360-8502-47662c0bfad1-182.js (sourcemap at route.js.map, debug id ac6cd2ff-6b68-4360-8502-47662c0bfad1)
    ~/ad2e6937-f1c9-4d8f-9d34-04a0cfe35bf0-151.js (sourcemap at route.js.map, debug id ad2e6937-f1c9-4d8f-9d34-04a0cfe35bf0)
    ~/ad35a33a-fd5d-4e22-8730-45dc504fe683-329.js (sourcemap at 714.js.map, debug id ad35a33a-fd5d-4e22-8730-45dc504fe683)
    ~/adc7ba86-054c-45fc-bb4d-03ebfed9542c-277.js (sourcemap at page.js.map, debug id adc7ba86-054c-45fc-bb4d-03ebfed9542c)
    ~/b125f86a-e428-4a21-bc16-b6dc6da8a44d-298.js (sourcemap at 3242.js.map, debug id b125f86a-e428-4a21-bc16-b6dc6da8a44d)
    ~/b1773e16-2259-41fc-967b-beab6acc1de6-212.js (sourcemap at route.js.map, debug id b1773e16-2259-41fc-967b-beab6acc1de6)
    ~/b2a06a35-ffa0-4039-9b0e-7f8ce99fcbee-55.js (sourcemap at page.js.map, debug id b2a06a35-ffa0-4039-9b0e-7f8ce99fcbee)
    ~/b2e66143-1a47-4f77-a49a-dbc6298697ee-272.js (sourcemap at route.js.map, debug id b2e66143-1a47-4f77-a49a-dbc6298697ee)
    ~/b2facfc5-e7dc-4411-bacd-eed2f318009f-335.js (sourcemap at 7947.js.map, debug id b2facfc5-e7dc-4411-bacd-eed2f318009f)
    ~/b343288d-1a87-49a1-ab18-5c286fb77c76-299.js (sourcemap at 3362.js.map, debug id b343288d-1a87-49a1-ab18-5c286fb77c76)
    ~/b3480ebc-06be-4407-b9b7-daff899caea9-227.js (sourcemap at route.js.map, debug id b3480ebc-06be-4407-b9b7-daff899caea9)
    ~/b37cd0d5-31b4-4836-8180-0c0bf472ac2a-173.js (sourcemap at route.js.map, debug id b37cd0d5-31b4-4836-8180-0c0bf472ac2a)
    ~/b37ce764-296f-4ba9-9192-2d6bdcf81c4d-0.js (sourcemap at page.js.map, debug id b37ce764-296f-4ba9-9192-2d6bdcf81c4d)
    ~/b508b1e7-17e6-44bf-97ec-2465bc89ab0a-12.js (sourcemap at page.js.map, debug id b508b1e7-17e6-44bf-97ec-2465bc89ab0a)
    ~/b522b6ec-2bfd-4778-955e-954da6244372-262.js (sourcemap at route.js.map, debug id b522b6ec-2bfd-4778-955e-954da6244372)
    ~/b56cf487-18b3-4a70-a163-ff2223d6420a-92.js (sourcemap at route.js.map, debug id b56cf487-18b3-4a70-a163-ff2223d6420a)
    ~/b7938d8c-b10c-44b4-baf0-81433d29461c-271.js (sourcemap at route.js.map, debug id b7938d8c-b10c-44b4-baf0-81433d29461c)
    ~/b86b567b-34bd-4711-8689-d3794d30a0ea-199.js (sourcemap at route.js.map, debug id b86b567b-34bd-4711-8689-d3794d30a0ea)
    ~/b8ba6547-bddd-457b-878f-724960372f0c-153.js (sourcemap at route.js.map, debug id b8ba6547-bddd-457b-878f-724960372f0c)
    ~/b907b5a1-209c-4483-a8d3-2284c609bea5-201.js (sourcemap at route.js.map, debug id b907b5a1-209c-4483-a8d3-2284c609bea5)
    ~/b9e69f51-1075-4b36-b3d5-c4a05996101c-168.js (sourcemap at route.js.map, debug id b9e69f51-1075-4b36-b3d5-c4a05996101c)
    ~/ba247230-cf23-4c8b-9695-6caaf95f7938-52.js (sourcemap at page.js.map, debug id ba247230-cf23-4c8b-9695-6caaf95f7938)
    ~/ba76bacb-2208-4b6a-a3eb-a453cfb4a0b1-7.js (sourcemap at page.js.map, debug id ba76bacb-2208-4b6a-a3eb-a453cfb4a0b1)
    ~/bc9197a4-a7c2-41ce-94be-6b0628080812-346.js (sourcemap at 9017.js.map, debug id bc9197a4-a7c2-41ce-94be-6b0628080812)
    ~/bd8ac9da-2117-4fcf-a273-495413a7cb28-291.js (sourcemap at 2577.js.map, debug id bd8ac9da-2117-4fcf-a273-495413a7cb28)
    ~/bda663db-4dce-4721-b42b-a279b4b80e7b-81.js (sourcemap at route.js.map, debug id bda663db-4dce-4721-b42b-a279b4b80e7b)
    ~/be017847-0bbe-4c72-a1c5-b1d290aa7599-323.js (sourcemap at 637.js.map, debug id be017847-0bbe-4c72-a1c5-b1d290aa7599)
    ~/bead1f0f-5fe0-4334-a272-cc5d27dc86f9-115.js (sourcemap at route.js.map, debug id bead1f0f-5fe0-4334-a272-cc5d27dc86f9)
    ~/c010c6e8-6a34-4e85-9446-a7eb61822c20-22.js (sourcemap at page.js.map, debug id c010c6e8-6a34-4e85-9446-a7eb61822c20)
    ~/c06d7f31-8f86-4879-a6f2-09f9c98d3146-285.js (sourcemap at 2363.js.map, debug id c06d7f31-8f86-4879-a6f2-09f9c98d3146)
    ~/c289d9d9-3307-44ac-9646-1462d461426e-347.js (sourcemap at 9085.js.map, debug id c289d9d9-3307-44ac-9646-1462d461426e)
    ~/c2a8225a-7b88-4059-9760-85e0a9d8d237-232.js (sourcemap at route.js.map, debug id c2a8225a-7b88-4059-9760-85e0a9d8d237)
    ~/c37a9809-485d-42ed-b69f-262c2b6ac0c7-243.js (sourcemap at route.js.map, debug id c37a9809-485d-42ed-b69f-262c2b6ac0c7)
    ~/c3f730ff-379b-461c-8479-85f7d10f8909-82.js (sourcemap at route.js.map, debug id c3f730ff-379b-461c-8479-85f7d10f8909)
    ~/c4ccdf3c-20a9-49e8-b11a-b48d98cea83c-114.js (sourcemap at route.js.map, debug id c4ccdf3c-20a9-49e8-b11a-b48d98cea83c)
    ~/c52816c5-300e-45c3-b373-7c5a7017c307-358.js (no sourcemap found, debug id c52816c5-300e-45c3-b373-7c5a7017c307)
      - warning: could not determine a source map reference (Could not auto-detect referenced sourcemap for ~/c52816c5-300e-45c3-b373-7c5a7017c307-358.js)
    ~/c7059003-1dd0-43ad-afba-448c04bb3510-215.js (sourcemap at route.js.map, debug id c7059003-1dd0-43ad-afba-448c04bb3510)
    ~/c774a1ff-a361-4b6d-be70-db2fd41c9467-130.js (sourcemap at route.js.map, debug id c774a1ff-a361-4b6d-be70-db2fd41c9467)
    ~/c7a12693-8974-47ab-b3ed-52323f4d2d38-132.js (sourcemap at route.js.map, debug id c7a12693-8974-47ab-b3ed-52323f4d2d38)
    ~/c7e5680f-2a71-4903-999a-d11644a4248c-76.js (sourcemap at route.js.map, debug id c7e5680f-2a71-4903-999a-d11644a4248c)
    ~/c8c7f835-b360-4dce-bd6b-95e463148d99-74.js (sourcemap at page.js.map, debug id c8c7f835-b360-4dce-bd6b-95e463148d99)
    ~/c9275c58-f005-432e-aced-825737ce8b2e-322.js (sourcemap at 6291.js.map, debug id c9275c58-f005-432e-aced-825737ce8b2e)
    ~/c9ad2858-e55b-4772-bcca-bec86db438bc-171.js (sourcemap at route.js.map, debug id c9ad2858-e55b-4772-bcca-bec86db438bc)
    ~/c9f0a0db-2cc5-406c-b3a6-0083a2797a88-24.js (sourcemap at page.js.map, debug id c9f0a0db-2cc5-406c-b3a6-0083a2797a88)
    ~/cadf4a46-5615-49ab-8227-2023db6126aa-273.js (sourcemap at route.js.map, debug id cadf4a46-5615-49ab-8227-2023db6126aa)
    ~/ccc44477-6810-42ee-830f-ac29c98fbb26-63.js (sourcemap at page.js.map, debug id ccc44477-6810-42ee-830f-ac29c98fbb26)
    ~/ccdce3be-be60-4d2e-9363-42e694a5917a-228.js (sourcemap at route.js.map, debug id ccdce3be-be60-4d2e-9363-42e694a5917a)
    ~/cce9aba3-36f6-4ab9-84c0-332ba0b8257e-213.js (sourcemap at route.js.map, debug id cce9aba3-36f6-4ab9-84c0-332ba0b8257e)
    ~/cd6e44fb-f905-4691-bce4-ae53b71718e1-357.js (sourcemap at _app.js.map, debug id cd6e44fb-f905-4691-bce4-ae53b71718e1)
    ~/ce67a796-70ae-499f-9c6b-6bc20e3d8b40-260.js (sourcemap at route.js.map, debug id ce67a796-70ae-499f-9c6b-6bc20e3d8b40)
    ~/cf1df05b-7937-4307-990b-76b8db65a12c-345.js (sourcemap at 8810.js.map, debug id cf1df05b-7937-4307-990b-76b8db65a12c)
    ~/cf363b62-dae3-4985-bc91-16f15b594abf-339.js (sourcemap at 8270.js.map, debug id cf363b62-dae3-4985-bc91-16f15b594abf)
    ~/cfc7653e-32c3-41fb-a61d-2fcdb818a302-342.js (sourcemap at 8534.js.map, debug id cfc7653e-32c3-41fb-a61d-2fcdb818a302)
    ~/d01aed0d-4020-4fe9-a406-5688c18bf01c-256.js (sourcemap at route.js.map, debug id d01aed0d-4020-4fe9-a406-5688c18bf01c)
    ~/d0d6eec6-b9c3-4ebb-844a-f27a72847588-274.js (sourcemap at route.js.map, debug id d0d6eec6-b9c3-4ebb-844a-f27a72847588)
    ~/d0fec1bd-13c7-4fa0-bf9d-8bc00c893fa3-352.js (sourcemap at 9996.js.map, debug id d0fec1bd-13c7-4fa0-bf9d-8bc00c893fa3)
    ~/d2a2df34-f84d-42e0-bfdd-332162c14cbc-214.js (sourcemap at route.js.map, debug id d2a2df34-f84d-42e0-bfdd-332162c14cbc)
    ~/d2cd0e6d-828c-4bc9-9731-02d10873459e-249.js (sourcemap at route.js.map, debug id d2cd0e6d-828c-4bc9-9731-02d10873459e)
    ~/d5190e73-2662-48fb-8d91-08af35aa4163-129.js (sourcemap at route.js.map, debug id d5190e73-2662-48fb-8d91-08af35aa4163)
    ~/d5426ba0-3f05-4c58-b69e-f13b3155df7d-211.js (sourcemap at route.js.map, debug id d5426ba0-3f05-4c58-b69e-f13b3155df7d)
    ~/d56fab95-74b4-46c0-a55a-e6eedcaf8579-154.js (sourcemap at route.js.map, debug id d56fab95-74b4-46c0-a55a-e6eedcaf8579)
    ~/d6083c47-0602-482f-9c95-596ef2cb1618-69.js (sourcemap at page.js.map, debug id d6083c47-0602-482f-9c95-596ef2cb1618)
    ~/d6e78816-b5b4-49af-a90a-4f332b3162ef-80.js (sourcemap at route.js.map, debug id d6e78816-b5b4-49af-a90a-4f332b3162ef)
    ~/d7434e78-a644-44b4-8b61-4fb18086e816-264.js (sourcemap at route.js.map, debug id d7434e78-a644-44b4-8b61-4fb18086e816)
    ~/d74a9ac4-9840-483b-a436-141b1dbe86ea-167.js (sourcemap at route.js.map, debug id d74a9ac4-9840-483b-a436-141b1dbe86ea)
    ~/d9198263-6e13-40d1-9ee3-961755743c4e-185.js (sourcemap at route.js.map, debug id d9198263-6e13-40d1-9ee3-961755743c4e)
    ~/d9b5c227-2885-403e-ac65-45e63e7c86cf-135.js (sourcemap at route.js.map, debug id d9b5c227-2885-403e-ac65-45e63e7c86cf)
    ~/da51476b-c654-45ea-a1c0-c08257cdf483-351.js (sourcemap at 947.js.map, debug id da51476b-c654-45ea-a1c0-c08257cdf483)
    ~/da69acbb-d1c1-4f67-9e6b-0f070bbd82ae-229.js (sourcemap at route.js.map, debug id da69acbb-d1c1-4f67-9e6b-0f070bbd82ae)
    ~/da95a2a4-4844-44ad-8e24-1db22d771dce-236.js (sourcemap at route.js.map, debug id da95a2a4-4844-44ad-8e24-1db22d771dce)
    ~/dacf3a24-28e3-44a7-8dc2-41af9688f4fc-35.js (sourcemap at page.js.map, debug id dacf3a24-28e3-44a7-8dc2-41af9688f4fc)
    ~/dba9714b-4e26-4478-af75-2191d08189db-293.js (sourcemap at 2856.js.map, debug id dba9714b-4e26-4478-af75-2191d08189db)
    ~/dbb25199-cb78-46d2-901e-9574ed4c64a3-116.js (sourcemap at route.js.map, debug id dbb25199-cb78-46d2-901e-9574ed4c64a3)
    ~/dc25ab5d-183b-48ea-b316-0c086e890f82-53.js (sourcemap at page.js.map, debug id dc25ab5d-183b-48ea-b316-0c086e890f82)
    ~/dc350301-17fa-4654-be4c-bef7ddf9af4c-204.js (sourcemap at route.js.map, debug id dc350301-17fa-4654-be4c-bef7ddf9af4c)
    ~/de4db3b7-5865-4269-8f43-7daedf68283d-326.js (sourcemap at 6772.js.map, debug id de4db3b7-5865-4269-8f43-7daedf68283d)
    ~/e05a309e-0390-488b-8b74-8ebf23c397cd-39.js (sourcemap at page.js.map, debug id e05a309e-0390-488b-8b74-8ebf23c397cd)
    ~/e0775e0b-50f1-434a-a494-61db8f9f7bbe-332.js (sourcemap at 759.js.map, debug id e0775e0b-50f1-434a-a494-61db8f9f7bbe)
    ~/e0ae7b20-8bd2-453a-8c1f-4bb53a79ea7f-107.js (sourcemap at route.js.map, debug id e0ae7b20-8bd2-453a-8c1f-4bb53a79ea7f)
    ~/e1f0a928-849b-4549-86e0-6f682123977a-343.js (sourcemap at 8568.js.map, debug id e1f0a928-849b-4549-86e0-6f682123977a)
    ~/e2760440-5fc9-4d8e-87c8-a4ba1d5be7eb-316.js (sourcemap at 6035.js.map, debug id e2760440-5fc9-4d8e-87c8-a4ba1d5be7eb)
    ~/e347dcbd-45fc-436e-a3f1-04dae467f8bb-205.js (sourcemap at route.js.map, debug id e347dcbd-45fc-436e-a3f1-04dae467f8bb)
    ~/e37a27bc-42c2-4181-9670-1325905db163-354.js (sourcemap at edge-runtime-webpack.js.map, debug id e37a27bc-42c2-4181-9670-1325905db163)
    ~/e4f55c5a-27fc-4812-a270-d7e9dfb3817e-208.js (sourcemap at route.js.map, debug id e4f55c5a-27fc-4812-a270-d7e9dfb3817e)
    ~/e56c5939-6bff-4612-96d1-96d6081a00c3-62.js (sourcemap at page.js.map, debug id e56c5939-6bff-4612-96d1-96d6081a00c3)
    ~/e5911d8b-5882-4e94-907e-1370c4dc92eb-103.js (sourcemap at route.js.map, debug id e5911d8b-5882-4e94-907e-1370c4dc92eb)
    ~/e5c1fdd2-b686-4a89-a298-ef31ecc8a531-178.js (sourcemap at route.js.map, debug id e5c1fdd2-b686-4a89-a298-ef31ecc8a531)
    ~/e662f7fa-2183-4d0d-8af8-0ddfc4fc863d-306.js (sourcemap at 4441.js.map, debug id e662f7fa-2183-4d0d-8af8-0ddfc4fc863d)
    ~/e6d5bd07-6134-4c1d-b401-fea3146929e7-196.js (sourcemap at route.js.map, debug id e6d5bd07-6134-4c1d-b401-fea3146929e7)
    ~/e7049c94-9a12-40ec-a77e-2b8fe2ce8903-350.js (sourcemap at 9435.js.map, debug id e7049c94-9a12-40ec-a77e-2b8fe2ce8903)
    ~/e75a2e7f-2630-43d8-a530-669961a33f32-93.js (sourcemap at route.js.map, debug id e75a2e7f-2630-43d8-a530-669961a33f32)
    ~/e8a79694-62ec-42d9-aec6-a19945acc152-159.js (sourcemap at route.js.map, debug id e8a79694-62ec-42d9-aec6-a19945acc152)
    ~/e8d81e02-c838-4147-ba82-7dd7b6237edd-251.js (sourcemap at route.js.map, debug id e8d81e02-c838-4147-ba82-7dd7b6237edd)
    ~/e9b94cc2-4f71-4193-9567-a241f3be8532-11.js (sourcemap at page.js.map, debug id e9b94cc2-4f71-4193-9567-a241f3be8532)
    ~/eb4fea0c-9802-4960-8ff7-952f7ab5240a-209.js (sourcemap at route.js.map, debug id eb4fea0c-9802-4960-8ff7-952f7ab5240a)
    ~/eba1523e-a017-4c7f-ad4a-b60b83ac0612-203.js (sourcemap at route.js.map, debug id eba1523e-a017-4c7f-ad4a-b60b83ac0612)
    ~/eba5597c-2c47-446f-860b-e830e3efa8b4-14.js (sourcemap at page.js.map, debug id eba5597c-2c47-446f-860b-e830e3efa8b4)
    ~/ebc487f0-c476-4233-93eb-87839146ff16-207.js (sourcemap at route.js.map, debug id ebc487f0-c476-4233-93eb-87839146ff16)
    ~/ebc499c4-1cad-4480-9884-b26db41efb9d-198.js (sourcemap at route.js.map, debug id ebc499c4-1cad-4480-9884-b26db41efb9d)
    ~/ebecfe44-06f7-4125-aea7-1a34d72b52b1-149.js (sourcemap at route.js.map, debug id ebecfe44-06f7-4125-aea7-1a34d72b52b1)
    ~/ec69a509-20c5-4f73-aac9-b539af1085d2-60.js (sourcemap at page.js.map, debug id ec69a509-20c5-4f73-aac9-b539af1085d2)
    ~/ed9610ee-8a62-4ee1-99f4-ea8012af5f49-94.js (sourcemap at route.js.map, debug id ed9610ee-8a62-4ee1-99f4-ea8012af5f49)
    ~/f0330fb7-0bb2-412c-ad54-f03cbcf0f86e-137.js (sourcemap at route.js.map, debug id f0330fb7-0bb2-412c-ad54-f03cbcf0f86e)
    ~/f063cd19-84cf-42c3-8677-11c5fb55c9aa-279.js (sourcemap at 1242.js.map, debug id f063cd19-84cf-42c3-8677-11c5fb55c9aa)
    ~/f0e12621-0258-4ffd-841e-498b60558fc8-237.js (sourcemap at route.js.map, debug id f0e12621-0258-4ffd-841e-498b60558fc8)
    ~/f274538e-e1b5-4b18-b1c3-b40a5d3a0bae-36.js (sourcemap at page.js.map, debug id f274538e-e1b5-4b18-b1c3-b40a5d3a0bae)
    ~/f2753083-a069-4907-92a4-78128b319de1-9.js (sourcemap at page.js.map, debug id f2753083-a069-4907-92a4-78128b319de1)
    ~/f2f63997-276e-4139-984f-9ed4aeac71f8-50.js (sourcemap at page.js.map, debug id f2f63997-276e-4139-984f-9ed4aeac71f8)
    ~/f31520db-f7d1-489b-a89f-48982fbaf573-37.js (sourcemap at page.js.map, debug id f31520db-f7d1-489b-a89f-48982fbaf573)
    ~/f39feb2a-a4dc-4376-96f0-5f70c71fdbb3-41.js (sourcemap at page.js.map, debug id f39feb2a-a4dc-4376-96f0-5f70c71fdbb3)
    ~/f5519e32-1b45-44ec-825c-72c01822dc45-180.js (sourcemap at route.js.map, debug id f5519e32-1b45-44ec-825c-72c01822dc45)
    ~/f662e3d9-1e68-4fc4-86ce-ae5a7e13207e-177.js (sourcemap at route.js.map, debug id f662e3d9-1e68-4fc4-86ce-ae5a7e13207e)
    ~/f8548985-2e7b-4a7f-8242-cecdf77264a2-172.js (sourcemap at route.js.map, debug id f8548985-2e7b-4a7f-8242-cecdf77264a2)
    ~/f9d12a30-7983-4e7a-ac44-3a7a5001b77a-312.js (sourcemap at 5017.js.map, debug id f9d12a30-7983-4e7a-ac44-3a7a5001b77a)
    ~/fa77cf24-d76a-48e7-b9f4-0448467bc751-258.js (sourcemap at route.js.map, debug id fa77cf24-d76a-48e7-b9f4-0448467bc751)
    ~/fb4b8d23-a6e3-4774-9d29-d617247962f4-138.js (sourcemap at route.js.map, debug id fb4b8d23-a6e3-4774-9d29-d617247962f4)
    ~/fbe29711-b102-4457-9756-6378c341b5d5-217.js (sourcemap at route.js.map, debug id fbe29711-b102-4457-9756-6378c341b5d5)
    ~/fc4aaa24-f145-425a-a12d-068dd06fd56d-294.js (sourcemap at 2880.js.map, debug id fc4aaa24-f145-425a-a12d-068dd06fd56d)
    ~/fd45c86a-1247-4c84-8c27-70ac087f1777-341.js (sourcemap at 8431.js.map, debug id fd45c86a-1247-4c84-8c27-70ac087f1777)
    ~/fd7ada32-31d3-43a3-b0e1-eb9b84c874da-187.js (sourcemap at route.js.map, debug id fd7ada32-31d3-43a3-b0e1-eb9b84c874da)
    ~/fd7fb524-c3d8-46d4-8f31-99470932052e-123.js (sourcemap at route.js.map, debug id fd7fb524-c3d8-46d4-8f31-99470932052e)
    ~/fe0a6e97-724a-4087-9948-3c5a193cb6d1-17.js (sourcemap at page.js.map, debug id fe0a6e97-724a-4087-9948-3c5a193cb6d1)
    ~/ff10ce25-d3df-4341-b151-2d9868ec5cb3-319.js (sourcemap at 609.js.map, debug id ff10ce25-d3df-4341-b151-2d9868ec5cb3)
    ~/ff3083cb-0119-478f-b48a-7a3a509bbb70-195.js (sourcemap at route.js.map, debug id ff3083cb-0119-478f-b48a-7a3a509bbb70)
  Source Maps
    ~/008c807b-39e6-4e7a-bd89-a489ba297206-32.js.map (debug id 008c807b-39e6-4e7a-bd89-a489ba297206)
    ~/009d5e45-3484-4b4b-871b-4676610dc08c-2.js.map (debug id 009d5e45-3484-4b4b-871b-4676610dc08c)
    ~/022ed479-0b54-40c7-afa2-ff6757c31e1d-68.js.map (debug id 022ed479-0b54-40c7-afa2-ff6757c31e1d)
    ~/04774c97-2047-4460-aa80-f3bf05b34f38-67.js.map (debug id 04774c97-2047-4460-aa80-f3bf05b34f38)
    ~/055190bc-b6a5-46ee-b81e-830688b032ef-359.js.map (debug id 055190bc-b6a5-46ee-b81e-830688b032ef)
    ~/06ca735c-04c1-4ee8-b1bb-a4b9f0de99e8-197.js.map (debug id 06ca735c-04c1-4ee8-b1bb-a4b9f0de99e8)
    ~/0788a7b6-cf83-494b-a29a-19ebe5e844f6-126.js.map (debug id 0788a7b6-cf83-494b-a29a-19ebe5e844f6)
    ~/0bd186b6-7004-4751-97c6-2fdd4ebcbb12-200.js.map (debug id 0bd186b6-7004-4751-97c6-2fdd4ebcbb12)
    ~/0be7d7f4-b505-4ea3-a0fa-fff72dbcdc83-221.js.map (debug id 0be7d7f4-b505-4ea3-a0fa-fff72dbcdc83)
    ~/0c58eeba-da98-4d13-8780-4ba8d82636bc-247.js.map (debug id 0c58eeba-da98-4d13-8780-4ba8d82636bc)
    ~/0cbe7234-a553-4fcd-bb44-b05c400c044f-27.js.map (debug id 0cbe7234-a553-4fcd-bb44-b05c400c044f)
    ~/0d23dc9d-09b6-422f-9479-f1377db3f380-295.js.map (debug id 0d23dc9d-09b6-422f-9479-f1377db3f380)
    ~/0d779bc7-2c9d-4438-acf8-c1a70b94149e-276.js.map (debug id 0d779bc7-2c9d-4438-acf8-c1a70b94149e)
    ~/0dbef386-17b5-4678-9d69-5e8b2d18476f-186.js.map (debug id 0dbef386-17b5-4678-9d69-5e8b2d18476f)
    ~/0ddba372-3a80-4896-87be-16590c2c09e2-30.js.map (debug id 0ddba372-3a80-4896-87be-16590c2c09e2)
    ~/0e89f4b1-29e1-4617-8d41-17634b59a1da-216.js.map (debug id 0e89f4b1-29e1-4617-8d41-17634b59a1da)
    ~/0ef8c5d6-eb88-42f2-bd23-6e7c467d4145-51.js.map (debug id 0ef8c5d6-eb88-42f2-bd23-6e7c467d4145)
    ~/0fdc690e-e6be-4466-b848-185121aae3a9-189.js.map (debug id 0fdc690e-e6be-4466-b848-185121aae3a9)
    ~/10239462-7102-4803-944b-5086148f5684-21.js.map (debug id 10239462-7102-4803-944b-5086148f5684)
    ~/11b56657-9fdb-4872-8690-7d6d1a110bf0-106.js.map (debug id 11b56657-9fdb-4872-8690-7d6d1a110bf0)
    ~/11eda65d-301c-4c26-ae9f-3c40f6edb041-222.js.map (debug id 11eda65d-301c-4c26-ae9f-3c40f6edb041)
    ~/1275ac20-2d75-4043-93f7-126256d2089f-318.js.map (debug id 1275ac20-2d75-4043-93f7-126256d2089f)
    ~/12efa985-c4ff-47d8-9781-fdda6281b39f-46.js.map (debug id 12efa985-c4ff-47d8-9781-fdda6281b39f)
    ~/12fb79dc-a5bb-47a1-9210-7453a75d9c3f-143.js.map (debug id 12fb79dc-a5bb-47a1-9210-7453a75d9c3f)
    ~/130d15bf-d0ee-4847-b1cb-c08dbe21f683-109.js.map (debug id 130d15bf-d0ee-4847-b1cb-c08dbe21f683)
    ~/141b2976-052b-41d2-9538-4390835c2463-10.js.map (debug id 141b2976-052b-41d2-9538-4390835c2463)
    ~/1424e6f8-608e-4591-94a0-ea56392bdd52-225.js.map (debug id 1424e6f8-608e-4591-94a0-ea56392bdd52)
    ~/1438dcdc-549c-422b-9889-f844f35a20ed-122.js.map (debug id 1438dcdc-549c-422b-9889-f844f35a20ed)
    ~/15000ffc-4cd9-4e22-8fb4-ecf5c8d8f823-83.js.map (debug id 15000ffc-4cd9-4e22-8fb4-ecf5c8d8f823)
    ~/161fd4bd-65a6-4357-af92-5200929eb079-162.js.map (debug id 161fd4bd-65a6-4357-af92-5200929eb079)
    ~/1761f397-74e8-4c69-bb07-18846721edab-314.js.map (debug id 1761f397-74e8-4c69-bb07-18846721edab)
    ~/18356c6c-69ac-45a2-b202-ffc58568ea8c-220.js.map (debug id 18356c6c-69ac-45a2-b202-ffc58568ea8c)
    ~/186ab510-ac44-4864-9cbb-6a0b4c212005-16.js.map (debug id 186ab510-ac44-4864-9cbb-6a0b4c212005)
    ~/18761fae-b195-4392-a8dd-86b992214d84-13.js.map (debug id 18761fae-b195-4392-a8dd-86b992214d84)
    ~/19f38199-4183-4794-9906-02481048b308-102.js.map (debug id 19f38199-4183-4794-9906-02481048b308)
    ~/1ae42564-0183-4c08-a725-1c70400730fa-5.js.map (debug id 1ae42564-0183-4c08-a725-1c70400730fa)
    ~/1b5e8567-b6e0-4b14-9cd4-41231ec5e45b-252.js.map (debug id 1b5e8567-b6e0-4b14-9cd4-41231ec5e45b)
    ~/1c563caa-f064-4995-a632-e2563a8466d0-26.js.map (debug id 1c563caa-f064-4995-a632-e2563a8466d0)
    ~/1dc71290-4932-453e-9dfa-5c26759353aa-20.js.map (debug id 1dc71290-4932-453e-9dfa-5c26759353aa)
    ~/1de7d875-75c1-4f5a-9bed-2d72cc7e4b91-160.js.map (debug id 1de7d875-75c1-4f5a-9bed-2d72cc7e4b91)
    ~/1e28a685-0dad-47c1-8bd9-94526c1964ae-303.js.map (debug id 1e28a685-0dad-47c1-8bd9-94526c1964ae)
    ~/1f273ebd-2801-4a76-8a19-87867fc6e9c5-118.js.map (debug id 1f273ebd-2801-4a76-8a19-87867fc6e9c5)
    ~/234a2a15-61da-48fc-a62c-8529a86c06fb-101.js.map (debug id 234a2a15-61da-48fc-a62c-8529a86c06fb)
    ~/23db4900-995d-4f84-9a4e-8bb5a333309c-353.js.map (debug id 23db4900-995d-4f84-9a4e-8bb5a333309c)
    ~/2474f290-7848-4021-8a37-e3b9e826f824-158.js.map (debug id 2474f290-7848-4021-8a37-e3b9e826f824)
    ~/25c6cfda-3629-4750-9c4d-f85ab12679cf-70.js.map (debug id 25c6cfda-3629-4750-9c4d-f85ab12679cf)
    ~/27323fbc-323b-4ba6-bb6e-8258f155eb1a-289.js.map (debug id 27323fbc-323b-4ba6-bb6e-8258f155eb1a)
    ~/2970202a-426a-4e91-9365-6acc8fa1fb7c-241.js.map (debug id 2970202a-426a-4e91-9365-6acc8fa1fb7c)
    ~/2a0a1edc-f298-4f4c-be6b-e7d37e7eade4-300.js.map (debug id 2a0a1edc-f298-4f4c-be6b-e7d37e7eade4)
    ~/2b4d9c41-d3a0-439a-8051-e7205afbffe0-192.js.map (debug id 2b4d9c41-d3a0-439a-8051-e7205afbffe0)
    ~/2b8c8616-a9ff-44b1-9909-bed76817a09a-112.js.map (debug id 2b8c8616-a9ff-44b1-9909-bed76817a09a)
    ~/2c1e995f-5050-49c0-bdde-d39bfa7a3324-270.js.map (debug id 2c1e995f-5050-49c0-bdde-d39bfa7a3324)
    ~/2ca62ca7-569f-4df1-9c22-3e39530fc3a0-310.js.map (debug id 2ca62ca7-569f-4df1-9c22-3e39530fc3a0)
    ~/2d4d2ce6-ee4a-4009-b8cd-b2871613e61a-344.js.map (debug id 2d4d2ce6-ee4a-4009-b8cd-b2871613e61a)
    ~/2d8b67bd-3f7a-4778-947a-7ecec8ea4e15-134.js.map (debug id 2d8b67bd-3f7a-4778-947a-7ecec8ea4e15)
    ~/2e4ca229-2cc9-4ecd-9f48-5dfcb675a926-278.js.map (debug id 2e4ca229-2cc9-4ecd-9f48-5dfcb675a926)
    ~/2f7c0d96-66d9-4bf7-9cf3-9721f8cab3c5-311.js.map (debug id 2f7c0d96-66d9-4bf7-9cf3-9721f8cab3c5)
    ~/2fcf99b5-4b68-48f1-86b7-324985a2eec1-253.js.map (debug id 2fcf99b5-4b68-48f1-86b7-324985a2eec1)
    ~/3148b0eb-d401-416a-b851-dcdcf86fa935-54.js.map (debug id 3148b0eb-d401-416a-b851-dcdcf86fa935)
    ~/329a1f6d-7891-423d-bf3a-1289c38d944e-307.js.map (debug id 329a1f6d-7891-423d-bf3a-1289c38d944e)
    ~/3314803a-74ae-4241-9627-70c8b4288ba2-38.js.map (debug id 3314803a-74ae-4241-9627-70c8b4288ba2)
    ~/33a62c44-b657-4965-b512-d9b4fdaeadfc-96.js.map (debug id 33a62c44-b657-4965-b512-d9b4fdaeadfc)
    ~/357e4217-c110-4c4a-ad18-693110a9b535-245.js.map (debug id 357e4217-c110-4c4a-ad18-693110a9b535)
    ~/35f6290d-e62f-4b35-a112-a381742cc781-184.js.map (debug id 35f6290d-e62f-4b35-a112-a381742cc781)
    ~/367fc8e5-2122-44b8-862d-948bccfbe94b-75.js.map (debug id 367fc8e5-2122-44b8-862d-948bccfbe94b)
    ~/36967e92-e3af-4f6a-820d-f67583c7fd60-164.js.map (debug id 36967e92-e3af-4f6a-820d-f67583c7fd60)
    ~/3709356f-61e2-42f4-8c81-ef65ac5f6982-269.js.map (debug id 3709356f-61e2-42f4-8c81-ef65ac5f6982)
    ~/3742b556-67d9-4af7-8cdc-e81cbb148ea1-49.js.map (debug id 3742b556-67d9-4af7-8cdc-e81cbb148ea1)
    ~/37bc50e7-def4-498b-9977-b225bbf69a56-338.js.map (debug id 37bc50e7-def4-498b-9977-b225bbf69a56)
    ~/37d51551-5f42-4e85-b497-ba2d1b3058c6-233.js.map (debug id 37d51551-5f42-4e85-b497-ba2d1b3058c6)
    ~/380a6a95-c845-49e7-9c63-36f94302b47a-85.js.map (debug id 380a6a95-c845-49e7-9c63-36f94302b47a)
    ~/382166e8-b673-4aca-a127-c25663cbdf43-127.js.map (debug id 382166e8-b673-4aca-a127-c25663cbdf43)
    ~/383f1b58-cc38-494d-8b38-10811b58390b-320.js.map (debug id 383f1b58-cc38-494d-8b38-10811b58390b)
    ~/38921674-47e0-4d0e-a7a3-f9e0f415fafd-97.js.map (debug id 38921674-47e0-4d0e-a7a3-f9e0f415fafd)
    ~/39164432-543e-4f91-836e-49c528911d2c-246.js.map (debug id 39164432-543e-4f91-836e-49c528911d2c)
    ~/399d508d-9bfd-41a6-9e0e-7e2458e41cac-340.js.map (debug id 399d508d-9bfd-41a6-9e0e-7e2458e41cac)
    ~/3ab9c56a-d637-4009-a950-389c3778b655-79.js.map (debug id 3ab9c56a-d637-4009-a950-389c3778b655)
    ~/3baf3b47-e6fe-4b69-93f1-6f7d16efd576-250.js.map (debug id 3baf3b47-e6fe-4b69-93f1-6f7d16efd576)
    ~/3bdc6fea-49d0-4efa-bedf-b5638fa5a0a0-34.js.map (debug id 3bdc6fea-49d0-4efa-bedf-b5638fa5a0a0)
    ~/3c5920ee-02ec-488a-87a8-7b745c720e0f-169.js.map (debug id 3c5920ee-02ec-488a-87a8-7b745c720e0f)
    ~/3c7c79e0-e97e-4df6-a918-6e4165ad3ffc-146.js.map (debug id 3c7c79e0-e97e-4df6-a918-6e4165ad3ffc)
    ~/3ca54736-89c5-4858-84fd-0de153f9e96e-355.js.map (debug id 3ca54736-89c5-4858-84fd-0de153f9e96e)
    ~/3cf11751-f834-4361-96d7-cbd02ac29685-284.js.map (debug id 3cf11751-f834-4361-96d7-cbd02ac29685)
    ~/3e6e4b37-2f0e-44a1-afb4-7b02057164f2-287.js.map (debug id 3e6e4b37-2f0e-44a1-afb4-7b02057164f2)
    ~/3ebd0549-9939-4359-97c6-1c4641b7d1b6-90.js.map (debug id 3ebd0549-9939-4359-97c6-1c4641b7d1b6)
    ~/3ed0b24e-6d68-4168-9c7a-a5fba79f27d6-263.js.map (debug id 3ed0b24e-6d68-4168-9c7a-a5fba79f27d6)
    ~/405fe9ca-e079-4ea4-bb47-a62cfc6c5f35-179.js.map (debug id 405fe9ca-e079-4ea4-bb47-a62cfc6c5f35)
    ~/406d8623-7aa3-4222-9fbf-84b6be1d33c2-193.js.map (debug id 406d8623-7aa3-4222-9fbf-84b6be1d33c2)
    ~/41107ddf-f514-483b-a4eb-05c19bd09765-84.js.map (debug id 41107ddf-f514-483b-a4eb-05c19bd09765)
    ~/41d5f132-41bc-4b6a-962b-78b722b4d453-6.js.map (debug id 41d5f132-41bc-4b6a-962b-78b722b4d453)
    ~/427ca175-3fad-4c6f-922c-e25e1c28e198-244.js.map (debug id 427ca175-3fad-4c6f-922c-e25e1c28e198)
    ~/43710ec5-6069-477e-b64d-631d7519fda9-348.js.map (debug id 43710ec5-6069-477e-b64d-631d7519fda9)
    ~/438a7040-8451-4330-b248-a606475319a6-194.js.map (debug id 438a7040-8451-4330-b248-a606475319a6)
    ~/43efd33c-aedb-4781-9857-109e8f784825-325.js.map (debug id 43efd33c-aedb-4781-9857-109e8f784825)
    ~/4406e79c-3c04-404e-be25-69122ecd2476-349.js.map (debug id 4406e79c-3c04-404e-be25-69122ecd2476)
    ~/44d28ad2-2134-423e-ab50-443ebcbebc2b-131.js.map (debug id 44d28ad2-2134-423e-ab50-443ebcbebc2b)
    ~/45cbac5d-59be-43ac-85f1-fde7417e3d53-57.js.map (debug id 45cbac5d-59be-43ac-85f1-fde7417e3d53)
    ~/46acc287-a212-456a-b19f-b27e1629fdf0-148.js.map (debug id 46acc287-a212-456a-b19f-b27e1629fdf0)
    ~/4741ca17-a2ca-437e-b5fb-8244891309cb-141.js.map (debug id 4741ca17-a2ca-437e-b5fb-8244891309cb)
    ~/4ac8e60c-9f12-43cc-953b-910dcc68a739-4.js.map (debug id 4ac8e60c-9f12-43cc-953b-910dcc68a739)
    ~/4b5903d4-779e-49ab-a9bc-f1a72691c70b-191.js.map (debug id 4b5903d4-779e-49ab-a9bc-f1a72691c70b)
    ~/4c145ea9-b9c1-4f80-822f-b2524c9fa299-150.js.map (debug id 4c145ea9-b9c1-4f80-822f-b2524c9fa299)
    ~/4c399a30-9704-4399-aae2-d063b567f2d8-238.js.map (debug id 4c399a30-9704-4399-aae2-d063b567f2d8)
    ~/4cd49dfd-cbd3-4f84-815f-1e9e4305129b-327.js.map (debug id 4cd49dfd-cbd3-4f84-815f-1e9e4305129b)
    ~/4d5936b1-bc0e-4557-aa72-45794f02e0c8-144.js.map (debug id 4d5936b1-bc0e-4557-aa72-45794f02e0c8)
    ~/4dcc0768-4838-4cb7-8c63-3b3c8cd18add-259.js.map (debug id 4dcc0768-4838-4cb7-8c63-3b3c8cd18add)
    ~/4f10a993-d6f3-4dd7-801c-2f3fac49aa81-235.js.map (debug id 4f10a993-d6f3-4dd7-801c-2f3fac49aa81)
    ~/4ff44e6a-5591-4e7c-94a1-f7bdd9c45154-125.js.map (debug id 4ff44e6a-5591-4e7c-94a1-f7bdd9c45154)
    ~/508d5dd6-43fd-4c18-b58f-1b1772070ea5-155.js.map (debug id 508d5dd6-43fd-4c18-b58f-1b1772070ea5)
    ~/53c3b7b7-2678-4455-9e6c-61a5ced8d2c2-113.js.map (debug id 53c3b7b7-2678-4455-9e6c-61a5ced8d2c2)
    ~/5400c4fb-440f-439f-a2a3-69dc42e4022e-202.js.map (debug id 5400c4fb-440f-439f-a2a3-69dc42e4022e)
    ~/54358ea9-37d0-465e-8783-7027d1d02187-147.js.map (debug id 54358ea9-37d0-465e-8783-7027d1d02187)
    ~/547e2545-18e8-40d8-9b24-f8da7c64f34f-108.js.map (debug id 547e2545-18e8-40d8-9b24-f8da7c64f34f)
    ~/55ad00ca-f97c-487c-8c96-434f6513f900-166.js.map (debug id 55ad00ca-f97c-487c-8c96-434f6513f900)
    ~/55d7cf35-e055-4310-83b2-1ccc42db21a0-219.js.map (debug id 55d7cf35-e055-4310-83b2-1ccc42db21a0)
    ~/55e05840-cc57-4e1e-8598-4f8966f7cd1e-105.js.map (debug id 55e05840-cc57-4e1e-8598-4f8966f7cd1e)
    ~/55fc84ef-7adb-4dcd-9056-41fa3ecfbf2f-121.js.map (debug id 55fc84ef-7adb-4dcd-9056-41fa3ecfbf2f)
    ~/571707fb-b033-49bb-b44a-86e735db533d-313.js.map (debug id 571707fb-b033-49bb-b44a-86e735db533d)
    ~/5847ef66-ac8a-464c-9821-eb4b279068b3-43.js.map (debug id 5847ef66-ac8a-464c-9821-eb4b279068b3)
    ~/5850d9ab-a189-48ad-8308-9cb6a90989f7-40.js.map (debug id 5850d9ab-a189-48ad-8308-9cb6a90989f7)
    ~/5899730d-5b3d-4f4a-85b1-3afdc9e734b1-156.js.map (debug id 5899730d-5b3d-4f4a-85b1-3afdc9e734b1)
    ~/596ec2af-0714-49e1-9df6-aaee43d7be6e-139.js.map (debug id 596ec2af-0714-49e1-9df6-aaee43d7be6e)
    ~/5a011dcf-6fc4-46a2-a9c5-41a265bcbf64-223.js.map (debug id 5a011dcf-6fc4-46a2-a9c5-41a265bcbf64)
    ~/5bd9f431-c848-434c-9bb8-2b0676fd9ee3-48.js.map (debug id 5bd9f431-c848-434c-9bb8-2b0676fd9ee3)
    ~/5e39b739-8934-4127-a476-357c2b267192-176.js.map (debug id 5e39b739-8934-4127-a476-357c2b267192)
    ~/5f33e42b-427b-4148-814d-eaac5e3b6eb8-25.js.map (debug id 5f33e42b-427b-4148-814d-eaac5e3b6eb8)
    ~/5f6209d2-8ed9-4bc4-a540-274e595dab6c-110.js.map (debug id 5f6209d2-8ed9-4bc4-a540-274e595dab6c)
    ~/6038c4d0-77ca-4a1d-bebb-0e52659dd85c-163.js.map (debug id 6038c4d0-77ca-4a1d-bebb-0e52659dd85c)
    ~/60a75765-fad7-4d5d-9728-ecd3b23790e6-265.js.map (debug id 60a75765-fad7-4d5d-9728-ecd3b23790e6)
    ~/6106f8e8-2aaa-4efe-994e-62fd4ff4756c-87.js.map (debug id 6106f8e8-2aaa-4efe-994e-62fd4ff4756c)
    ~/624bc59d-5051-4934-87c1-cd2b773368f2-71.js.map (debug id 624bc59d-5051-4934-87c1-cd2b773368f2)
    ~/62c8e33c-caf8-4376-8a06-822d0f565dcb-288.js.map (debug id 62c8e33c-caf8-4376-8a06-822d0f565dcb)
    ~/65d67a40-c84e-47a0-9f9d-82a695cb9760-321.js.map (debug id 65d67a40-c84e-47a0-9f9d-82a695cb9760)
    ~/666282fb-87a5-4147-a6da-da3e703b5506-95.js.map (debug id 666282fb-87a5-4147-a6da-da3e703b5506)
    ~/67b7ae3d-757a-4508-a011-519d1ce9be47-281.js.map (debug id 67b7ae3d-757a-4508-a011-519d1ce9be47)
    ~/69307b49-42c2-42c3-88f3-8b7fc875aa1b-77.js.map (debug id 69307b49-42c2-42c3-88f3-8b7fc875aa1b)
    ~/6add210d-751b-4510-94bb-d063ea26f962-91.js.map (debug id 6add210d-751b-4510-94bb-d063ea26f962)
    ~/6be9165c-517e-4279-9236-0cee7ef8c68f-174.js.map (debug id 6be9165c-517e-4279-9236-0cee7ef8c68f)
    ~/6c1a1067-c297-438c-8691-d5c7376bddc8-88.js.map (debug id 6c1a1067-c297-438c-8691-d5c7376bddc8)
    ~/6e932ee1-2ac6-4538-b323-10141e9dd874-99.js.map (debug id 6e932ee1-2ac6-4538-b323-10141e9dd874)
    ~/6ecaa67d-4673-485c-89c5-70c8747b6901-268.js.map (debug id 6ecaa67d-4673-485c-89c5-70c8747b6901)
    ~/6f472f01-86ad-417e-af10-02a827caf13a-226.js.map (debug id 6f472f01-86ad-417e-af10-02a827caf13a)
    ~/6f5a50ea-6a96-4186-a086-59fa89cb8c59-188.js.map (debug id 6f5a50ea-6a96-4186-a086-59fa89cb8c59)
    ~/6fb98615-77cd-4a4f-9989-a4fd3c1b4b3a-190.js.map (debug id 6fb98615-77cd-4a4f-9989-a4fd3c1b4b3a)
    ~/70458692-ba9c-4226-847f-4cb9304194de-152.js.map (debug id 70458692-ba9c-4226-847f-4cb9304194de)
    ~/71618830-42cd-4e45-81d3-ff538f55f038-337.js.map (debug id 71618830-42cd-4e45-81d3-ff538f55f038)
    ~/738e446e-7bfb-4df5-921e-c24d6b6a7af7-309.js.map (debug id 738e446e-7bfb-4df5-921e-c24d6b6a7af7)
    ~/739c31ea-c254-49a3-a4cb-00389704b766-3.js.map (debug id 739c31ea-c254-49a3-a4cb-00389704b766)
    ~/749061c7-487a-491d-8b8c-a96833724ec3-224.js.map (debug id 749061c7-487a-491d-8b8c-a96833724ec3)
    ~/7570412a-b1c8-4e5d-87f8-9476ffd96d40-317.js.map (debug id 7570412a-b1c8-4e5d-87f8-9476ffd96d40)
    ~/75b45033-7ecd-489a-b39b-e9208a170d41-28.js.map (debug id 75b45033-7ecd-489a-b39b-e9208a170d41)
    ~/764dbd40-b126-44f4-aa45-7679a974145d-302.js.map (debug id 764dbd40-b126-44f4-aa45-7679a974145d)
    ~/77132a0a-f971-45a5-8dc8-3c43d1dadbef-89.js.map (debug id 77132a0a-f971-45a5-8dc8-3c43d1dadbef)
    ~/77d95d3a-5e28-4610-bdf1-8df63ae5ecfc-165.js.map (debug id 77d95d3a-5e28-4610-bdf1-8df63ae5ecfc)
    ~/78d75680-20f8-4ca3-98ab-a24477023d6e-304.js.map (debug id 78d75680-20f8-4ca3-98ab-a24477023d6e)
    ~/7a37859d-f0e7-4273-be74-6edbe2cc840c-331.js.map (debug id 7a37859d-f0e7-4273-be74-6edbe2cc840c)
    ~/7ad64435-2c37-4871-a687-06e0d917bd3d-286.js.map (debug id 7ad64435-2c37-4871-a687-06e0d917bd3d)
    ~/7b2cde6c-fb22-419a-92a5-8a66e0c0c83d-8.js.map (debug id 7b2cde6c-fb22-419a-92a5-8a66e0c0c83d)
    ~/7b83b234-a193-4782-8600-9f56703887fe-58.js.map (debug id 7b83b234-a193-4782-8600-9f56703887fe)
    ~/7bbc95e0-665d-4a5b-a8af-d30415d89db7-242.js.map (debug id 7bbc95e0-665d-4a5b-a8af-d30415d89db7)
    ~/7c6a1f70-92c1-49c3-a418-9c3ed67d65bd-66.js.map (debug id 7c6a1f70-92c1-49c3-a418-9c3ed67d65bd)
    ~/7d5e6f42-a1e5-424b-a06d-f9c2c02532a8-175.js.map (debug id 7d5e6f42-a1e5-424b-a06d-f9c2c02532a8)
    ~/7dbe646d-92ee-47bb-86bb-915917607d96-19.js.map (debug id 7dbe646d-92ee-47bb-86bb-915917607d96)
    ~/7dd8961c-c7fe-4c71-a2e4-a9cd9ad5209d-308.js.map (debug id 7dd8961c-c7fe-4c71-a2e4-a9cd9ad5209d)
    ~/7e3417c6-edc7-46c4-92d0-9d1b51740187-170.js.map (debug id 7e3417c6-edc7-46c4-92d0-9d1b51740187)
    ~/7ecc0721-abd1-4009-9fc4-cd46a68d411f-261.js.map (debug id 7ecc0721-abd1-4009-9fc4-cd46a68d411f)
    ~/7ee91825-1b63-4df2-bd0d-db915433e39d-290.js.map (debug id 7ee91825-1b63-4df2-bd0d-db915433e39d)
    ~/7f313584-2f36-4b22-9c52-9b16dfcac13b-23.js.map (debug id 7f313584-2f36-4b22-9c52-9b16dfcac13b)
    ~/8191155b-a106-4ca8-a7a2-30598797fe57-315.js.map (debug id 8191155b-a106-4ca8-a7a2-30598797fe57)
    ~/8213a460-e2cb-4fab-92a5-82b29ff748c3-18.js.map (debug id 8213a460-e2cb-4fab-92a5-82b29ff748c3)
    ~/821e3fb1-588b-4bb9-b17c-1862e13addff-356.js.map (debug id 821e3fb1-588b-4bb9-b17c-1862e13addff)
    ~/8221e419-1258-4b94-b4bf-b39e0c262697-328.js.map (debug id 8221e419-1258-4b94-b4bf-b39e0c262697)
    ~/83b87be2-af1d-4af4-9a85-f27324faf272-266.js.map (debug id 83b87be2-af1d-4af4-9a85-f27324faf272)
    ~/83daa0bd-c636-44c5-8e95-d43f0960105e-86.js.map (debug id 83daa0bd-c636-44c5-8e95-d43f0960105e)
    ~/847742f2-a6ee-4610-8f09-8361cdd3e60a-292.js.map (debug id 847742f2-a6ee-4610-8f09-8361cdd3e60a)
    ~/85445088-c97a-4498-9fc2-09dc5d6a8d44-210.js.map (debug id 85445088-c97a-4498-9fc2-09dc5d6a8d44)
    ~/8584ec49-1694-42d7-826a-216dfcbc4131-254.js.map (debug id 8584ec49-1694-42d7-826a-216dfcbc4131)
    ~/85a679a6-b709-4a8b-bd3b-5b82631b621e-218.js.map (debug id 85a679a6-b709-4a8b-bd3b-5b82631b621e)
    ~/85a8e9ba-3e0c-4726-a17a-81acd0b8e956-72.js.map (debug id 85a8e9ba-3e0c-4726-a17a-81acd0b8e956)
    ~/86307ac2-5f88-44d1-b4b0-676d3ecd7d11-234.js.map (debug id 86307ac2-5f88-44d1-b4b0-676d3ecd7d11)
    ~/87344a36-4484-4d8e-ac54-bb9969adba16-330.js.map (debug id 87344a36-4484-4d8e-ac54-bb9969adba16)
    ~/88e58a4e-241b-4139-90ff-4d97e1256c5d-296.js.map (debug id 88e58a4e-241b-4139-90ff-4d97e1256c5d)
    ~/893459f8-c88c-4917-8b99-158f99789365-124.js.map (debug id 893459f8-c88c-4917-8b99-158f99789365)
    ~/89bace96-45b4-43b6-80e4-002ff6e30be2-73.js.map (debug id 89bace96-45b4-43b6-80e4-002ff6e30be2)
    ~/8a4b7500-0420-4b62-875d-54ec474e2a12-98.js.map (debug id 8a4b7500-0420-4b62-875d-54ec474e2a12)
    ~/8afd378b-3596-491d-8bcb-783725216143-111.js.map (debug id 8afd378b-3596-491d-8bcb-783725216143)
    ~/8b1735d3-b88a-4317-9e45-31324aa5ea42-61.js.map (debug id 8b1735d3-b88a-4317-9e45-31324aa5ea42)
    ~/8c346820-54b7-4d0b-b27e-44c92aaec20f-65.js.map (debug id 8c346820-54b7-4d0b-b27e-44c92aaec20f)
    ~/8d95b7cf-3f4b-47da-8ab9-be917c31c826-283.js.map (debug id 8d95b7cf-3f4b-47da-8ab9-be917c31c826)
    ~/8d9e3637-338c-4835-a679-aa7d2caa3aee-31.js.map (debug id 8d9e3637-338c-4835-a679-aa7d2caa3aee)
    ~/8fad26b5-dda6-4661-a072-2205049e25f7-275.js.map (debug id 8fad26b5-dda6-4661-a072-2205049e25f7)
    ~/8faf9123-e682-4cb6-b1d4-07448a9c0ddd-305.js.map (debug id 8faf9123-e682-4cb6-b1d4-07448a9c0ddd)
    ~/8feafd1f-44e1-4046-9e74-4fbd81c924fa-240.js.map (debug id 8feafd1f-44e1-4046-9e74-4fbd81c924fa)
    ~/8ff47a52-e3f3-426c-9e29-2b5863a17ee5-282.js.map (debug id 8ff47a52-e3f3-426c-9e29-2b5863a17ee5)
    ~/9005ee89-74c2-43e7-a353-984be9a6e448-145.js.map (debug id 9005ee89-74c2-43e7-a353-984be9a6e448)
    ~/9083f96d-939a-4ac4-bd47-70d2197bcb57-104.js.map (debug id 9083f96d-939a-4ac4-bd47-70d2197bcb57)
    ~/9112f97a-c3af-4d04-8d0c-7004f0660a9a-206.js.map (debug id 9112f97a-c3af-4d04-8d0c-7004f0660a9a)
    ~/91e0753c-1c84-4bfa-baf7-35214edb227f-297.js.map (debug id 91e0753c-1c84-4bfa-baf7-35214edb227f)
    ~/924b1f7e-b8e3-4029-814e-6e8d4ba4e65a-45.js.map (debug id 924b1f7e-b8e3-4029-814e-6e8d4ba4e65a)
    ~/92aa6568-7029-418d-abde-e4b08d81ea4a-29.js.map (debug id 92aa6568-7029-418d-abde-e4b08d81ea4a)
    ~/938cd57e-251b-498d-adca-42be6873d139-255.js.map (debug id 938cd57e-251b-498d-adca-42be6873d139)
    ~/93e9bbf9-daca-4a6c-8a14-61de87cb2662-280.js.map (debug id 93e9bbf9-daca-4a6c-8a14-61de87cb2662)
    ~/95edbe47-e57a-411b-9a7c-40344537da2a-44.js.map (debug id 95edbe47-e57a-411b-9a7c-40344537da2a)
    ~/97bb3797-fde5-4412-ba6b-7e40103e40a0-33.js.map (debug id 97bb3797-fde5-4412-ba6b-7e40103e40a0)
    ~/97c01a47-5cba-4adf-ae08-988de44431b3-42.js.map (debug id 97c01a47-5cba-4adf-ae08-988de44431b3)
    ~/97e3d981-b290-4182-a859-9fef09aaf421-117.js.map (debug id 97e3d981-b290-4182-a859-9fef09aaf421)
    ~/990d2fa9-52e3-4c4c-9444-dd01cee48590-78.js.map (debug id 990d2fa9-52e3-4c4c-9444-dd01cee48590)
    ~/996f2436-950f-4e02-8892-850368fef3e4-15.js.map (debug id 996f2436-950f-4e02-8892-850368fef3e4)
    ~/9c572d2d-bae9-4c81-9622-dfca9077eeaf-142.js.map (debug id 9c572d2d-bae9-4c81-9622-dfca9077eeaf)
    ~/9d857a0b-d832-4076-811d-5bd0893b9c20-1.js.map (debug id 9d857a0b-d832-4076-811d-5bd0893b9c20)
    ~/9d910d1c-045b-4c6f-9580-749831270fe3-161.js.map (debug id 9d910d1c-045b-4c6f-9580-749831270fe3)
    ~/9da3d9f1-baf0-4d7d-983a-79d0d4060e76-333.js.map (debug id 9da3d9f1-baf0-4d7d-983a-79d0d4060e76)
    ~/9df59702-f182-457a-9df3-17d3665cce76-181.js.map (debug id 9df59702-f182-457a-9df3-17d3665cce76)
    ~/9e0abc71-3153-40a0-bbc1-e8b7ca95d042-336.js.map (debug id 9e0abc71-3153-40a0-bbc1-e8b7ca95d042)
    ~/9e6ceafe-68b2-468a-9172-fffb053f3f59-140.js.map (debug id 9e6ceafe-68b2-468a-9172-fffb053f3f59)
    ~/a0716ae3-09da-4db1-916a-1b5799d9a5b2-157.js.map (debug id a0716ae3-09da-4db1-916a-1b5799d9a5b2)
    ~/a0bddf33-f1ee-4a2c-9ac0-91f2bab9da94-128.js.map (debug id a0bddf33-f1ee-4a2c-9ac0-91f2bab9da94)
    ~/a0e555f8-a82e-4f34-979d-2d54eebb1c5d-301.js.map (debug id a0e555f8-a82e-4f34-979d-2d54eebb1c5d)
    ~/a141e2b3-03de-473c-afd4-7f46bffc6202-47.js.map (debug id a141e2b3-03de-473c-afd4-7f46bffc6202)
    ~/a1d5d3ec-b1c5-4f87-a2f5-1b13813eb162-136.js.map (debug id a1d5d3ec-b1c5-4f87-a2f5-1b13813eb162)
    ~/a2633930-49e5-44cc-a4f7-04cd0c03dfe3-231.js.map (debug id a2633930-49e5-44cc-a4f7-04cd0c03dfe3)
    ~/a3b3f135-d1aa-4757-95b5-9b2413893c68-334.js.map (debug id a3b3f135-d1aa-4757-95b5-9b2413893c68)
    ~/a3be81c1-1902-4d53-93fe-4705a744e332-100.js.map (debug id a3be81c1-1902-4d53-93fe-4705a744e332)
    ~/a41854fa-888c-4a88-b8d6-728ce1e82d30-267.js.map (debug id a41854fa-888c-4a88-b8d6-728ce1e82d30)
    ~/a45fb381-a918-4f6c-b81d-94ba64c379f2-56.js.map (debug id a45fb381-a918-4f6c-b81d-94ba64c379f2)
    ~/a48bfbac-b761-424a-97ae-5f16c7b2630b-119.js.map (debug id a48bfbac-b761-424a-97ae-5f16c7b2630b)
    ~/a53bf812-fc2a-4959-81bf-79c33a9f95f0-64.js.map (debug id a53bf812-fc2a-4959-81bf-79c33a9f95f0)
    ~/a5c3dd62-d72c-4bb2-bb3c-dea9add5858b-230.js.map (debug id a5c3dd62-d72c-4bb2-bb3c-dea9add5858b)
    ~/a6d4279d-c814-4974-b420-3f2a477fd080-120.js.map (debug id a6d4279d-c814-4974-b420-3f2a477fd080)
    ~/a6dcf160-83f4-42b6-b00e-41438e496fa9-257.js.map (debug id a6dcf160-83f4-42b6-b00e-41438e496fa9)
    ~/a7fcc378-adbc-4886-a58e-44304c818912-183.js.map (debug id a7fcc378-adbc-4886-a58e-44304c818912)
    ~/a9723884-8772-44db-9e3c-06c19b7eceef-248.js.map (debug id a9723884-8772-44db-9e3c-06c19b7eceef)
    ~/a9a97d4a-fc90-45bb-9c24-d105bce72c0f-133.js.map (debug id a9a97d4a-fc90-45bb-9c24-d105bce72c0f)
    ~/ab93e6eb-68ba-4d87-8076-92d899a2cf35-59.js.map (debug id ab93e6eb-68ba-4d87-8076-92d899a2cf35)
    ~/abe8322b-2d45-47db-bc15-6fc23b81647b-324.js.map (debug id abe8322b-2d45-47db-bc15-6fc23b81647b)
    ~/ac4f8f73-f7df-4763-9783-15afdf00cfc7-239.js.map (debug id ac4f8f73-f7df-4763-9783-15afdf00cfc7)
    ~/ac6cd2ff-6b68-4360-8502-47662c0bfad1-182.js.map (debug id ac6cd2ff-6b68-4360-8502-47662c0bfad1)
    ~/ad2e6937-f1c9-4d8f-9d34-04a0cfe35bf0-151.js.map (debug id ad2e6937-f1c9-4d8f-9d34-04a0cfe35bf0)
    ~/ad35a33a-fd5d-4e22-8730-45dc504fe683-329.js.map (debug id ad35a33a-fd5d-4e22-8730-45dc504fe683)
    ~/adc7ba86-054c-45fc-bb4d-03ebfed9542c-277.js.map (debug id adc7ba86-054c-45fc-bb4d-03ebfed9542c)
    ~/b125f86a-e428-4a21-bc16-b6dc6da8a44d-298.js.map (debug id b125f86a-e428-4a21-bc16-b6dc6da8a44d)
    ~/b1773e16-2259-41fc-967b-beab6acc1de6-212.js.map (debug id b1773e16-2259-41fc-967b-beab6acc1de6)
    ~/b2a06a35-ffa0-4039-9b0e-7f8ce99fcbee-55.js.map (debug id b2a06a35-ffa0-4039-9b0e-7f8ce99fcbee)
    ~/b2e66143-1a47-4f77-a49a-dbc6298697ee-272.js.map (debug id b2e66143-1a47-4f77-a49a-dbc6298697ee)
    ~/b2facfc5-e7dc-4411-bacd-eed2f318009f-335.js.map (debug id b2facfc5-e7dc-4411-bacd-eed2f318009f)
    ~/b343288d-1a87-49a1-ab18-5c286fb77c76-299.js.map (debug id b343288d-1a87-49a1-ab18-5c286fb77c76)
    ~/b3480ebc-06be-4407-b9b7-daff899caea9-227.js.map (debug id b3480ebc-06be-4407-b9b7-daff899caea9)
    ~/b37cd0d5-31b4-4836-8180-0c0bf472ac2a-173.js.map (debug id b37cd0d5-31b4-4836-8180-0c0bf472ac2a)
    ~/b37ce764-296f-4ba9-9192-2d6bdcf81c4d-0.js.map (debug id b37ce764-296f-4ba9-9192-2d6bdcf81c4d)
    ~/b508b1e7-17e6-44bf-97ec-2465bc89ab0a-12.js.map (debug id b508b1e7-17e6-44bf-97ec-2465bc89ab0a)
    ~/b522b6ec-2bfd-4778-955e-954da6244372-262.js.map (debug id b522b6ec-2bfd-4778-955e-954da6244372)
    ~/b56cf487-18b3-4a70-a163-ff2223d6420a-92.js.map (debug id b56cf487-18b3-4a70-a163-ff2223d6420a)
    ~/b7938d8c-b10c-44b4-baf0-81433d29461c-271.js.map (debug id b7938d8c-b10c-44b4-baf0-81433d29461c)
    ~/b86b567b-34bd-4711-8689-d3794d30a0ea-199.js.map (debug id b86b567b-34bd-4711-8689-d3794d30a0ea)
    ~/b8ba6547-bddd-457b-878f-724960372f0c-153.js.map (debug id b8ba6547-bddd-457b-878f-724960372f0c)
    ~/b907b5a1-209c-4483-a8d3-2284c609bea5-201.js.map (debug id b907b5a1-209c-4483-a8d3-2284c609bea5)
    ~/b9e69f51-1075-4b36-b3d5-c4a05996101c-168.js.map (debug id b9e69f51-1075-4b36-b3d5-c4a05996101c)
    ~/ba247230-cf23-4c8b-9695-6caaf95f7938-52.js.map (debug id ba247230-cf23-4c8b-9695-6caaf95f7938)
    ~/ba76bacb-2208-4b6a-a3eb-a453cfb4a0b1-7.js.map (debug id ba76bacb-2208-4b6a-a3eb-a453cfb4a0b1)
    ~/bc9197a4-a7c2-41ce-94be-6b0628080812-346.js.map (debug id bc9197a4-a7c2-41ce-94be-6b0628080812)
    ~/bd8ac9da-2117-4fcf-a273-495413a7cb28-291.js.map (debug id bd8ac9da-2117-4fcf-a273-495413a7cb28)
    ~/bda663db-4dce-4721-b42b-a279b4b80e7b-81.js.map (debug id bda663db-4dce-4721-b42b-a279b4b80e7b)
    ~/be017847-0bbe-4c72-a1c5-b1d290aa7599-323.js.map (debug id be017847-0bbe-4c72-a1c5-b1d290aa7599)
    ~/bead1f0f-5fe0-4334-a272-cc5d27dc86f9-115.js.map (debug id bead1f0f-5fe0-4334-a272-cc5d27dc86f9)
    ~/c010c6e8-6a34-4e85-9446-a7eb61822c20-22.js.map (debug id c010c6e8-6a34-4e85-9446-a7eb61822c20)
    ~/c06d7f31-8f86-4879-a6f2-09f9c98d3146-285.js.map (debug id c06d7f31-8f86-4879-a6f2-09f9c98d3146)
    ~/c289d9d9-3307-44ac-9646-1462d461426e-347.js.map (debug id c289d9d9-3307-44ac-9646-1462d461426e)
    ~/c2a8225a-7b88-4059-9760-85e0a9d8d237-232.js.map (debug id c2a8225a-7b88-4059-9760-85e0a9d8d237)
    ~/c37a9809-485d-42ed-b69f-262c2b6ac0c7-243.js.map (debug id c37a9809-485d-42ed-b69f-262c2b6ac0c7)
    ~/c3f730ff-379b-461c-8479-85f7d10f8909-82.js.map (debug id c3f730ff-379b-461c-8479-85f7d10f8909)
    ~/c4ccdf3c-20a9-49e8-b11a-b48d98cea83c-114.js.map (debug id c4ccdf3c-20a9-49e8-b11a-b48d98cea83c)
    ~/c7059003-1dd0-43ad-afba-448c04bb3510-215.js.map (debug id c7059003-1dd0-43ad-afba-448c04bb3510)
    ~/c774a1ff-a361-4b6d-be70-db2fd41c9467-130.js.map (debug id c774a1ff-a361-4b6d-be70-db2fd41c9467)
    ~/c7a12693-8974-47ab-b3ed-52323f4d2d38-132.js.map (debug id c7a12693-8974-47ab-b3ed-52323f4d2d38)
    ~/c7e5680f-2a71-4903-999a-d11644a4248c-76.js.map (debug id c7e5680f-2a71-4903-999a-d11644a4248c)
    ~/c8c7f835-b360-4dce-bd6b-95e463148d99-74.js.map (debug id c8c7f835-b360-4dce-bd6b-95e463148d99)
    ~/c9275c58-f005-432e-aced-825737ce8b2e-322.js.map (debug id c9275c58-f005-432e-aced-825737ce8b2e)
    ~/c9ad2858-e55b-4772-bcca-bec86db438bc-171.js.map (debug id c9ad2858-e55b-4772-bcca-bec86db438bc)
    ~/c9f0a0db-2cc5-406c-b3a6-0083a2797a88-24.js.map (debug id c9f0a0db-2cc5-406c-b3a6-0083a2797a88)
    ~/cadf4a46-5615-49ab-8227-2023db6126aa-273.js.map (debug id cadf4a46-5615-49ab-8227-2023db6126aa)
    ~/ccc44477-6810-42ee-830f-ac29c98fbb26-63.js.map (debug id ccc44477-6810-42ee-830f-ac29c98fbb26)
    ~/ccdce3be-be60-4d2e-9363-42e694a5917a-228.js.map (debug id ccdce3be-be60-4d2e-9363-42e694a5917a)
    ~/cce9aba3-36f6-4ab9-84c0-332ba0b8257e-213.js.map (debug id cce9aba3-36f6-4ab9-84c0-332ba0b8257e)
    ~/cd6e44fb-f905-4691-bce4-ae53b71718e1-357.js.map (debug id cd6e44fb-f905-4691-bce4-ae53b71718e1)
    ~/ce67a796-70ae-499f-9c6b-6bc20e3d8b40-260.js.map (debug id ce67a796-70ae-499f-9c6b-6bc20e3d8b40)
    ~/cf1df05b-7937-4307-990b-76b8db65a12c-345.js.map (debug id cf1df05b-7937-4307-990b-76b8db65a12c)
    ~/cf363b62-dae3-4985-bc91-16f15b594abf-339.js.map (debug id cf363b62-dae3-4985-bc91-16f15b594abf)
    ~/cfc7653e-32c3-41fb-a61d-2fcdb818a302-342.js.map (debug id cfc7653e-32c3-41fb-a61d-2fcdb818a302)
    ~/d01aed0d-4020-4fe9-a406-5688c18bf01c-256.js.map (debug id d01aed0d-4020-4fe9-a406-5688c18bf01c)
    ~/d0d6eec6-b9c3-4ebb-844a-f27a72847588-274.js.map (debug id d0d6eec6-b9c3-4ebb-844a-f27a72847588)
    ~/d0fec1bd-13c7-4fa0-bf9d-8bc00c893fa3-352.js.map (debug id d0fec1bd-13c7-4fa0-bf9d-8bc00c893fa3)
    ~/d2a2df34-f84d-42e0-bfdd-332162c14cbc-214.js.map (debug id d2a2df34-f84d-42e0-bfdd-332162c14cbc)
    ~/d2cd0e6d-828c-4bc9-9731-02d10873459e-249.js.map (debug id d2cd0e6d-828c-4bc9-9731-02d10873459e)
    ~/d5190e73-2662-48fb-8d91-08af35aa4163-129.js.map (debug id d5190e73-2662-48fb-8d91-08af35aa4163)
    ~/d5426ba0-3f05-4c58-b69e-f13b3155df7d-211.js.map (debug id d5426ba0-3f05-4c58-b69e-f13b3155df7d)
    ~/d56fab95-74b4-46c0-a55a-e6eedcaf8579-154.js.map (debug id d56fab95-74b4-46c0-a55a-e6eedcaf8579)
    ~/d6083c47-0602-482f-9c95-596ef2cb1618-69.js.map (debug id d6083c47-0602-482f-9c95-596ef2cb1618)
    ~/d6e78816-b5b4-49af-a90a-4f332b3162ef-80.js.map (debug id d6e78816-b5b4-49af-a90a-4f332b3162ef)
    ~/d7434e78-a644-44b4-8b61-4fb18086e816-264.js.map (debug id d7434e78-a644-44b4-8b61-4fb18086e816)
    ~/d74a9ac4-9840-483b-a436-141b1dbe86ea-167.js.map (debug id d74a9ac4-9840-483b-a436-141b1dbe86ea)
    ~/d9198263-6e13-40d1-9ee3-961755743c4e-185.js.map (debug id d9198263-6e13-40d1-9ee3-961755743c4e)
    ~/d9b5c227-2885-403e-ac65-45e63e7c86cf-135.js.map (debug id d9b5c227-2885-403e-ac65-45e63e7c86cf)
    ~/da51476b-c654-45ea-a1c0-c08257cdf483-351.js.map (debug id da51476b-c654-45ea-a1c0-c08257cdf483)
    ~/da69acbb-d1c1-4f67-9e6b-0f070bbd82ae-229.js.map (debug id da69acbb-d1c1-4f67-9e6b-0f070bbd82ae)
    ~/da95a2a4-4844-44ad-8e24-1db22d771dce-236.js.map (debug id da95a2a4-4844-44ad-8e24-1db22d771dce)
    ~/dacf3a24-28e3-44a7-8dc2-41af9688f4fc-35.js.map (debug id dacf3a24-28e3-44a7-8dc2-41af9688f4fc)
    ~/dba9714b-4e26-4478-af75-2191d08189db-293.js.map (debug id dba9714b-4e26-4478-af75-2191d08189db)
    ~/dbb25199-cb78-46d2-901e-9574ed4c64a3-116.js.map (debug id dbb25199-cb78-46d2-901e-9574ed4c64a3)
    ~/dc25ab5d-183b-48ea-b316-0c086e890f82-53.js.map (debug id dc25ab5d-183b-48ea-b316-0c086e890f82)
    ~/dc350301-17fa-4654-be4c-bef7ddf9af4c-204.js.map (debug id dc350301-17fa-4654-be4c-bef7ddf9af4c)
    ~/de4db3b7-5865-4269-8f43-7daedf68283d-326.js.map (debug id de4db3b7-5865-4269-8f43-7daedf68283d)
    ~/e05a309e-0390-488b-8b74-8ebf23c397cd-39.js.map (debug id e05a309e-0390-488b-8b74-8ebf23c397cd)
    ~/e0775e0b-50f1-434a-a494-61db8f9f7bbe-332.js.map (debug id e0775e0b-50f1-434a-a494-61db8f9f7bbe)
    ~/e0ae7b20-8bd2-453a-8c1f-4bb53a79ea7f-107.js.map (debug id e0ae7b20-8bd2-453a-8c1f-4bb53a79ea7f)
    ~/e1f0a928-849b-4549-86e0-6f682123977a-343.js.map (debug id e1f0a928-849b-4549-86e0-6f682123977a)
    ~/e2760440-5fc9-4d8e-87c8-a4ba1d5be7eb-316.js.map (debug id e2760440-5fc9-4d8e-87c8-a4ba1d5be7eb)
    ~/e347dcbd-45fc-436e-a3f1-04dae467f8bb-205.js.map (debug id e347dcbd-45fc-436e-a3f1-04dae467f8bb)
    ~/e37a27bc-42c2-4181-9670-1325905db163-354.js.map (debug id e37a27bc-42c2-4181-9670-1325905db163)
    ~/e4f55c5a-27fc-4812-a270-d7e9dfb3817e-208.js.map (debug id e4f55c5a-27fc-4812-a270-d7e9dfb3817e)
    ~/e56c5939-6bff-4612-96d1-96d6081a00c3-62.js.map (debug id e56c5939-6bff-4612-96d1-96d6081a00c3)
    ~/e5911d8b-5882-4e94-907e-1370c4dc92eb-103.js.map (debug id e5911d8b-5882-4e94-907e-1370c4dc92eb)
    ~/e5c1fdd2-b686-4a89-a298-ef31ecc8a531-178.js.map (debug id e5c1fdd2-b686-4a89-a298-ef31ecc8a531)
    ~/e662f7fa-2183-4d0d-8af8-0ddfc4fc863d-306.js.map (debug id e662f7fa-2183-4d0d-8af8-0ddfc4fc863d)
    ~/e6d5bd07-6134-4c1d-b401-fea3146929e7-196.js.map (debug id e6d5bd07-6134-4c1d-b401-fea3146929e7)
    ~/e7049c94-9a12-40ec-a77e-2b8fe2ce8903-350.js.map (debug id e7049c94-9a12-40ec-a77e-2b8fe2ce8903)
    ~/e75a2e7f-2630-43d8-a530-669961a33f32-93.js.map (debug id e75a2e7f-2630-43d8-a530-669961a33f32)
    ~/e8a79694-62ec-42d9-aec6-a19945acc152-159.js.map (debug id e8a79694-62ec-42d9-aec6-a19945acc152)
    ~/e8d81e02-c838-4147-ba82-7dd7b6237edd-251.js.map (debug id e8d81e02-c838-4147-ba82-7dd7b6237edd)
    ~/e9b94cc2-4f71-4193-9567-a241f3be8532-11.js.map (debug id e9b94cc2-4f71-4193-9567-a241f3be8532)
    ~/eb4fea0c-9802-4960-8ff7-952f7ab5240a-209.js.map (debug id eb4fea0c-9802-4960-8ff7-952f7ab5240a)
    ~/eba1523e-a017-4c7f-ad4a-b60b83ac0612-203.js.map (debug id eba1523e-a017-4c7f-ad4a-b60b83ac0612)
    ~/eba5597c-2c47-446f-860b-e830e3efa8b4-14.js.map (debug id eba5597c-2c47-446f-860b-e830e3efa8b4)
    ~/ebc487f0-c476-4233-93eb-87839146ff16-207.js.map (debug id ebc487f0-c476-4233-93eb-87839146ff16)
    ~/ebc499c4-1cad-4480-9884-b26db41efb9d-198.js.map (debug id ebc499c4-1cad-4480-9884-b26db41efb9d)
    ~/ebecfe44-06f7-4125-aea7-1a34d72b52b1-149.js.map (debug id ebecfe44-06f7-4125-aea7-1a34d72b52b1)
    ~/ec69a509-20c5-4f73-aac9-b539af1085d2-60.js.map (debug id ec69a509-20c5-4f73-aac9-b539af1085d2)
    ~/ed9610ee-8a62-4ee1-99f4-ea8012af5f49-94.js.map (debug id ed9610ee-8a62-4ee1-99f4-ea8012af5f49)
    ~/f0330fb7-0bb2-412c-ad54-f03cbcf0f86e-137.js.map (debug id f0330fb7-0bb2-412c-ad54-f03cbcf0f86e)
    ~/f063cd19-84cf-42c3-8677-11c5fb55c9aa-279.js.map (debug id f063cd19-84cf-42c3-8677-11c5fb55c9aa)
    ~/f0e12621-0258-4ffd-841e-498b60558fc8-237.js.map (debug id f0e12621-0258-4ffd-841e-498b60558fc8)
    ~/f274538e-e1b5-4b18-b1c3-b40a5d3a0bae-36.js.map (debug id f274538e-e1b5-4b18-b1c3-b40a5d3a0bae)
    ~/f2753083-a069-4907-92a4-78128b319de1-9.js.map (debug id f2753083-a069-4907-92a4-78128b319de1)
    ~/f2f63997-276e-4139-984f-9ed4aeac71f8-50.js.map (debug id f2f63997-276e-4139-984f-9ed4aeac71f8)
    ~/f31520db-f7d1-489b-a89f-48982fbaf573-37.js.map (debug id f31520db-f7d1-489b-a89f-48982fbaf573)
    ~/f39feb2a-a4dc-4376-96f0-5f70c71fdbb3-41.js.map (debug id f39feb2a-a4dc-4376-96f0-5f70c71fdbb3)
    ~/f5519e32-1b45-44ec-825c-72c01822dc45-180.js.map (debug id f5519e32-1b45-44ec-825c-72c01822dc45)
    ~/f662e3d9-1e68-4fc4-86ce-ae5a7e13207e-177.js.map (debug id f662e3d9-1e68-4fc4-86ce-ae5a7e13207e)
    ~/f8548985-2e7b-4a7f-8242-cecdf77264a2-172.js.map (debug id f8548985-2e7b-4a7f-8242-cecdf77264a2)
    ~/f9d12a30-7983-4e7a-ac44-3a7a5001b77a-312.js.map (debug id f9d12a30-7983-4e7a-ac44-3a7a5001b77a)
    ~/fa77cf24-d76a-48e7-b9f4-0448467bc751-258.js.map (debug id fa77cf24-d76a-48e7-b9f4-0448467bc751)
    ~/fb4b8d23-a6e3-4774-9d29-d617247962f4-138.js.map (debug id fb4b8d23-a6e3-4774-9d29-d617247962f4)
    ~/fbe29711-b102-4457-9756-6378c341b5d5-217.js.map (debug id fbe29711-b102-4457-9756-6378c341b5d5)
    ~/fc4aaa24-f145-425a-a12d-068dd06fd56d-294.js.map (debug id fc4aaa24-f145-425a-a12d-068dd06fd56d)
    ~/fd45c86a-1247-4c84-8c27-70ac087f1777-341.js.map (debug id fd45c86a-1247-4c84-8c27-70ac087f1777)
    ~/fd7ada32-31d3-43a3-b0e1-eb9b84c874da-187.js.map (debug id fd7ada32-31d3-43a3-b0e1-eb9b84c874da)
    ~/fd7fb524-c3d8-46d4-8f31-99470932052e-123.js.map (debug id fd7fb524-c3d8-46d4-8f31-99470932052e)
    ~/fe0a6e97-724a-4087-9948-3c5a193cb6d1-17.js.map (debug id fe0a6e97-724a-4087-9948-3c5a193cb6d1)
    ~/ff10ce25-d3df-4341-b151-2d9868ec5cb3-319.js.map (debug id ff10ce25-d3df-4341-b151-2d9868ec5cb3)
    ~/ff3083cb-0119-478f-b48a-7a3a509bbb70-195.js.map (debug id ff3083cb-0119-478f-b48a-7a3a509bbb70)
[@sentry/nextjs - Edge] Info: Successfully uploaded source maps to Sentry
<w> [webpack.cache.PackFileCacheStrategy] Serializing big strings (127kiB) impacts deserialization performance (consider using Buffer instead and decode when needed)
<w> [webpack.cache.PackFileCacheStrategy] Serializing big strings (139kiB) impacts deserialization performance (consider using Buffer instead and decode when needed)
<w> [webpack.cache.PackFileCacheStrategy] Serializing big strings (131kiB) impacts deserialization performance (consider using Buffer instead and decode when needed)
[@sentry/nextjs - Client] Info: Sending telemetry data on issues and performance to Sentry. To disable telemetry, set `options.telemetry` to `false`.
Browserslist: browsers data (caniuse-lite) is 6 months old. Please run:
  npx update-browserslist-db@latest
  Why you should do it regularly: https://github.com/browserslist/update-db#readme
(node:18802) ExperimentalWarning: Type Stripping is an experimental feature and might change at any time
Browserslist: caniuse-lite is outdated. Please run:
  npx update-browserslist-db@latest
  Why you should do it regularly: https://github.com/browserslist/update-db#readme
> Found 284 files
> Analyzing 284 sources
> Analyzing completed in 0.021s
> Adding source map references
> Bundling completed in 0.425s
> Bundled 284 files for upload
> Bundle ID: 4ad253d4-becd-508d-a837-0b7e11b52b14
> Optimizing completed in 0.011s
> Uploading completed in 0.652s
> Uploaded files to Sentry
> Processing completed in 0.177s
> File upload complete (processing pending on server)
> Organization: 3rdplace
> Projects: 3rdplace-web
> Release: 68fa2ab4ddbdf656121398d51958162524e691a2
> Dist: None
> Upload type: artifact bundle

Source Map Upload Report
  Scripts
    ~/00bf650c-3f61-482a-9c91-c8c51ff8d448-10.js (sourcemap at 00bf650c-3f61-482a-9c91-c8c51ff8d448-10.js.map, debug id 00bf650c-3f61-482a-9c91-c8c51ff8d448)
    ~/01cffced-b61d-4e98-a23a-50fe50a5bd3b-104.js (sourcemap at 01cffced-b61d-4e98-a23a-50fe50a5bd3b-104.js.map, debug id 01cffced-b61d-4e98-a23a-50fe50a5bd3b)
    ~/0309ad22-85e0-4e47-bc03-c119085050ce-74.js (sourcemap at 0309ad22-85e0-4e47-bc03-c119085050ce-74.js.map, debug id 0309ad22-85e0-4e47-bc03-c119085050ce)
    ~/03cec71b-f481-4966-84f4-bd85e1f5f0d6-34.js (sourcemap at 03cec71b-f481-4966-84f4-bd85e1f5f0d6-34.js.map, debug id 03cec71b-f481-4966-84f4-bd85e1f5f0d6)
    ~/0413494e-374f-4388-9f1b-bfc2d62c7246-147.js (sourcemap at 0413494e-374f-4388-9f1b-bfc2d62c7246-147.js.map, debug id 0413494e-374f-4388-9f1b-bfc2d62c7246)
    ~/042e8768-185d-4a5d-ab45-25ee1bddfb43-13.js (sourcemap at 042e8768-185d-4a5d-ab45-25ee1bddfb43-13.js.map, debug id 042e8768-185d-4a5d-ab45-25ee1bddfb43)
    ~/04d927bd-fdd8-46d8-9d93-a116da2e0ac5-56.js (sourcemap at 04d927bd-fdd8-46d8-9d93-a116da2e0ac5-56.js.map, debug id 04d927bd-fdd8-46d8-9d93-a116da2e0ac5)
    ~/07ed4d43-cf9a-4c36-9e1d-3e13143e4ecb-130.js (no sourcemap found, debug id 07ed4d43-cf9a-4c36-9e1d-3e13143e4ecb)
      - warning: could not determine a source map reference (Could not auto-detect referenced sourcemap for ~/07ed4d43-cf9a-4c36-9e1d-3e13143e4ecb-130.js)
    ~/0986dd54-d3cc-4ab9-b678-0ffe4c59cecd-133.js (sourcemap at 0986dd54-d3cc-4ab9-b678-0ffe4c59cecd-133.js.map, debug id 0986dd54-d3cc-4ab9-b678-0ffe4c59cecd)
    ~/09c11d00-5dc0-41a8-a194-9a9ad04d2472-143.js (sourcemap at 09c11d00-5dc0-41a8-a194-9a9ad04d2472-143.js.map, debug id 09c11d00-5dc0-41a8-a194-9a9ad04d2472)
    ~/0c375e00-7bc3-45ab-aed0-586e4b0dd0c4-69.js (no sourcemap found, debug id 0c375e00-7bc3-45ab-aed0-586e4b0dd0c4)
      - warning: could not determine a source map reference (Could not auto-detect referenced sourcemap for ~/0c375e00-7bc3-45ab-aed0-586e4b0dd0c4-69.js)
    ~/0d793a43-c939-4d3e-95e1-2bf1d2277c6a-128.js (sourcemap at 0d793a43-c939-4d3e-95e1-2bf1d2277c6a-128.js.map, debug id 0d793a43-c939-4d3e-95e1-2bf1d2277c6a)
    ~/0eebc021-ccda-4552-a9d4-73bb4838ab5e-38.js (sourcemap at 0eebc021-ccda-4552-a9d4-73bb4838ab5e-38.js.map, debug id 0eebc021-ccda-4552-a9d4-73bb4838ab5e)
    ~/11c5a12e-cbe9-408d-9212-102a05690d88-87.js (sourcemap at 11c5a12e-cbe9-408d-9212-102a05690d88-87.js.map, debug id 11c5a12e-cbe9-408d-9212-102a05690d88)
    ~/1277e54a-c92c-4bb7-a525-c6cc34ead7f7-99.js (sourcemap at 1277e54a-c92c-4bb7-a525-c6cc34ead7f7-99.js.map, debug id 1277e54a-c92c-4bb7-a525-c6cc34ead7f7)
    ~/1702afdd-ef29-4690-b04b-dbe2eb84844a-94.js (sourcemap at 1702afdd-ef29-4690-b04b-dbe2eb84844a-94.js.map, debug id 1702afdd-ef29-4690-b04b-dbe2eb84844a)
    ~/177d6e23-5dff-4ca5-aac5-da42f9fcec4a-46.js (sourcemap at 177d6e23-5dff-4ca5-aac5-da42f9fcec4a-46.js.map, debug id 177d6e23-5dff-4ca5-aac5-da42f9fcec4a)
    ~/1a9c32d6-cc4b-4448-ad64-1fdf4c04ba6c-149.js (sourcemap at 1a9c32d6-cc4b-4448-ad64-1fdf4c04ba6c-149.js.map, debug id 1a9c32d6-cc4b-4448-ad64-1fdf4c04ba6c)
    ~/1d158a06-088f-430c-8dc5-d866b36a0ef0-80.js (no sourcemap found, debug id 1d158a06-088f-430c-8dc5-d866b36a0ef0)
      - warning: could not determine a source map reference (Could not auto-detect referenced sourcemap for ~/1d158a06-088f-430c-8dc5-d866b36a0ef0-80.js)
    ~/1fcae1fa-1ca4-4ca2-853b-78e47879ee92-121.js (sourcemap at 1fcae1fa-1ca4-4ca2-853b-78e47879ee92-121.js.map, debug id 1fcae1fa-1ca4-4ca2-853b-78e47879ee92)
    ~/207376b1-f5ec-4226-a207-05c21080d089-111.js (sourcemap at 207376b1-f5ec-4226-a207-05c21080d089-111.js.map, debug id 207376b1-f5ec-4226-a207-05c21080d089)
    ~/20f05c2c-f7e0-466d-89b1-3cbce82beaa0-64.js (sourcemap at 20f05c2c-f7e0-466d-89b1-3cbce82beaa0-64.js.map, debug id 20f05c2c-f7e0-466d-89b1-3cbce82beaa0)
    ~/21b2d472-1392-4f3b-8758-d86a06c28744-16.js (sourcemap at 21b2d472-1392-4f3b-8758-d86a06c28744-16.js.map, debug id 21b2d472-1392-4f3b-8758-d86a06c28744)
    ~/22dd978e-b8ab-4155-af45-ce5b9bcda394-40.js (sourcemap at 22dd978e-b8ab-4155-af45-ce5b9bcda394-40.js.map, debug id 22dd978e-b8ab-4155-af45-ce5b9bcda394)
    ~/265d4fc5-17de-4f18-9320-09ef63847a15-88.js (sourcemap at 265d4fc5-17de-4f18-9320-09ef63847a15-88.js.map, debug id 265d4fc5-17de-4f18-9320-09ef63847a15)
    ~/269c30aa-b310-4344-9687-4ae8976357af-119.js (sourcemap at 269c30aa-b310-4344-9687-4ae8976357af-119.js.map, debug id 269c30aa-b310-4344-9687-4ae8976357af)
    ~/28bce732-70cb-427d-9abf-11c1fc6a6c56-3.js (sourcemap at 28bce732-70cb-427d-9abf-11c1fc6a6c56-3.js.map, debug id 28bce732-70cb-427d-9abf-11c1fc6a6c56)
    ~/2b6f8139-108a-471d-90ae-dd052ee17a5f-22.js (sourcemap at 2b6f8139-108a-471d-90ae-dd052ee17a5f-22.js.map, debug id 2b6f8139-108a-471d-90ae-dd052ee17a5f)
    ~/2c0b9caa-0912-47f3-983b-51545ced123f-116.js (sourcemap at 2c0b9caa-0912-47f3-983b-51545ced123f-116.js.map, debug id 2c0b9caa-0912-47f3-983b-51545ced123f)
    ~/2d709ea0-3448-4266-b321-8139da67ac12-71.js (sourcemap at 2d709ea0-3448-4266-b321-8139da67ac12-71.js.map, debug id 2d709ea0-3448-4266-b321-8139da67ac12)
    ~/30c87b02-c872-4453-a0d1-f0cfe6fcf710-30.js (sourcemap at 30c87b02-c872-4453-a0d1-f0cfe6fcf710-30.js.map, debug id 30c87b02-c872-4453-a0d1-f0cfe6fcf710)
    ~/32f15c65-0b92-495d-841e-762b9fe2e449-19.js (sourcemap at 32f15c65-0b92-495d-841e-762b9fe2e449-19.js.map, debug id 32f15c65-0b92-495d-841e-762b9fe2e449)
    ~/334b0fda-e5fe-4cda-a238-0e2c640b2a75-17.js (sourcemap at 334b0fda-e5fe-4cda-a238-0e2c640b2a75-17.js.map, debug id 334b0fda-e5fe-4cda-a238-0e2c640b2a75)
    ~/353c5e8c-3b03-45f3-8fed-687cd745fd6b-105.js (sourcemap at 353c5e8c-3b03-45f3-8fed-687cd745fd6b-105.js.map, debug id 353c5e8c-3b03-45f3-8fed-687cd745fd6b)
    ~/369ca2d3-5d98-481c-919a-4a44e75f8063-77.js (no sourcemap found, debug id 369ca2d3-5d98-481c-919a-4a44e75f8063)
      - warning: could not determine a source map reference (Could not auto-detect referenced sourcemap for ~/369ca2d3-5d98-481c-919a-4a44e75f8063-77.js)
    ~/38ac5b8f-c502-4593-86df-9c67021a545f-140.js (no sourcemap found, debug id 38ac5b8f-c502-4593-86df-9c67021a545f)
      - warning: could not determine a source map reference (Could not auto-detect referenced sourcemap for ~/38ac5b8f-c502-4593-86df-9c67021a545f-140.js)
    ~/38bc168c-4f39-483f-b832-e500c20c9169-27.js (sourcemap at 38bc168c-4f39-483f-b832-e500c20c9169-27.js.map, debug id 38bc168c-4f39-483f-b832-e500c20c9169)
    ~/3d923ac0-9af7-441b-8d54-07729a4d5b68-7.js (sourcemap at 3d923ac0-9af7-441b-8d54-07729a4d5b68-7.js.map, debug id 3d923ac0-9af7-441b-8d54-07729a4d5b68)
    ~/3ec58768-e421-4765-9533-094096c3885f-50.js (sourcemap at 3ec58768-e421-4765-9533-094096c3885f-50.js.map, debug id 3ec58768-e421-4765-9533-094096c3885f)
    ~/3ef64317-6406-4308-ad67-3c94830876e5-24.js (sourcemap at 3ef64317-6406-4308-ad67-3c94830876e5-24.js.map, debug id 3ef64317-6406-4308-ad67-3c94830876e5)
    ~/44520df1-c5cb-4cd2-9cd3-fa731b648c2b-41.js (sourcemap at 44520df1-c5cb-4cd2-9cd3-fa731b648c2b-41.js.map, debug id 44520df1-c5cb-4cd2-9cd3-fa731b648c2b)
    ~/449e47f4-185b-423c-8dc4-9d53c2db4496-14.js (sourcemap at 449e47f4-185b-423c-8dc4-9d53c2db4496-14.js.map, debug id 449e47f4-185b-423c-8dc4-9d53c2db4496)
    ~/4a42fd28-172c-4f46-94fa-bdf1e07707db-89.js (sourcemap at 4a42fd28-172c-4f46-94fa-bdf1e07707db-89.js.map, debug id 4a42fd28-172c-4f46-94fa-bdf1e07707db)
    ~/4dbc3584-cb30-49ad-a6c1-c8a5252ba10d-53.js (no sourcemap found, debug id 4dbc3584-cb30-49ad-a6c1-c8a5252ba10d)
      - warning: could not determine a source map reference (Could not auto-detect referenced sourcemap for ~/4dbc3584-cb30-49ad-a6c1-c8a5252ba10d-53.js)
    ~/4f3f9f96-f54a-4aa7-9ab3-bc5dcdfe0e25-70.js (sourcemap at 4f3f9f96-f54a-4aa7-9ab3-bc5dcdfe0e25-70.js.map, debug id 4f3f9f96-f54a-4aa7-9ab3-bc5dcdfe0e25)
    ~/509ea8a7-c666-4772-9726-fbbb982bacea-78.js (sourcemap at 509ea8a7-c666-4772-9726-fbbb982bacea-78.js.map, debug id 509ea8a7-c666-4772-9726-fbbb982bacea)
    ~/51f3ec88-e1d1-4df9-a4f7-9dfe1cff8992-85.js (sourcemap at 51f3ec88-e1d1-4df9-a4f7-9dfe1cff8992-85.js.map, debug id 51f3ec88-e1d1-4df9-a4f7-9dfe1cff8992)
    ~/54327306-2c9a-492a-88d3-83577bc84dc3-61.js (sourcemap at 54327306-2c9a-492a-88d3-83577bc84dc3-61.js.map, debug id 54327306-2c9a-492a-88d3-83577bc84dc3)
    ~/54a3f3d2-8e55-44c5-b82e-7fed62c37a00-93.js (sourcemap at 54a3f3d2-8e55-44c5-b82e-7fed62c37a00-93.js.map, debug id 54a3f3d2-8e55-44c5-b82e-7fed62c37a00)
    ~/552ce989-8b1a-4f8a-a25f-71d8d5a7c8ce-43.js (sourcemap at 552ce989-8b1a-4f8a-a25f-71d8d5a7c8ce-43.js.map, debug id 552ce989-8b1a-4f8a-a25f-71d8d5a7c8ce)
    ~/55b7bc38-b9bd-4afe-80a7-1d1dda70443e-137.js (sourcemap at 55b7bc38-b9bd-4afe-80a7-1d1dda70443e-137.js.map, debug id 55b7bc38-b9bd-4afe-80a7-1d1dda70443e)
    ~/595f85e9-7912-4811-9616-45293623966f-66.js (sourcemap at 595f85e9-7912-4811-9616-45293623966f-66.js.map, debug id 595f85e9-7912-4811-9616-45293623966f)
    ~/5a277ff2-0ad3-4695-95ef-6ce79e50bfd8-92.js (sourcemap at 5a277ff2-0ad3-4695-95ef-6ce79e50bfd8-92.js.map, debug id 5a277ff2-0ad3-4695-95ef-6ce79e50bfd8)
    ~/5b4bb125-75b5-4d0d-b9f1-65338f28858c-58.js (no sourcemap found, debug id 5b4bb125-75b5-4d0d-b9f1-65338f28858c)
      - warning: could not determine a source map reference (Could not auto-detect referenced sourcemap for ~/5b4bb125-75b5-4d0d-b9f1-65338f28858c-58.js)
    ~/5bd84fcc-ce43-4863-88ed-b33c5325bdd4-97.js (no sourcemap found, debug id 5bd84fcc-ce43-4863-88ed-b33c5325bdd4)
      - warning: could not determine a source map reference (Could not auto-detect referenced sourcemap for ~/5bd84fcc-ce43-4863-88ed-b33c5325bdd4-97.js)
    ~/5c22da02-3360-4ee5-ae0e-a75e6331ebff-44.js (sourcemap at 5c22da02-3360-4ee5-ae0e-a75e6331ebff-44.js.map, debug id 5c22da02-3360-4ee5-ae0e-a75e6331ebff)
    ~/5f8d32a5-3a77-442d-ab03-fe204c7c40f9-95.js (sourcemap at 5f8d32a5-3a77-442d-ab03-fe204c7c40f9-95.js.map, debug id 5f8d32a5-3a77-442d-ab03-fe204c7c40f9)
    ~/61aa4b45-7420-4176-8b35-df305a4954f2-132.js (no sourcemap found, debug id 61aa4b45-7420-4176-8b35-df305a4954f2)
      - warning: could not determine a source map reference (Could not auto-detect referenced sourcemap for ~/61aa4b45-7420-4176-8b35-df305a4954f2-132.js)
    ~/61bd272b-5373-46cb-857b-a81f565b58b5-63.js (sourcemap at 61bd272b-5373-46cb-857b-a81f565b58b5-63.js.map, debug id 61bd272b-5373-46cb-857b-a81f565b58b5)
    ~/63009251-62ec-44dd-8a2f-09bdb396b230-51.js (sourcemap at 63009251-62ec-44dd-8a2f-09bdb396b230-51.js.map, debug id 63009251-62ec-44dd-8a2f-09bdb396b230)
    ~/63cfbfa6-e4fa-4890-ab35-0e1b2527f9d1-76.js (sourcemap at 63cfbfa6-e4fa-4890-ab35-0e1b2527f9d1-76.js.map, debug id 63cfbfa6-e4fa-4890-ab35-0e1b2527f9d1)
    ~/657e6b5a-eba8-4232-bf24-46833be5df02-65.js (sourcemap at 657e6b5a-eba8-4232-bf24-46833be5df02-65.js.map, debug id 657e6b5a-eba8-4232-bf24-46833be5df02)
    ~/66ea5311-3ad8-4eb6-9a1f-09a4b4501ef5-55.js (no sourcemap found, debug id 66ea5311-3ad8-4eb6-9a1f-09a4b4501ef5)
      - warning: could not determine a source map reference (Could not auto-detect referenced sourcemap for ~/66ea5311-3ad8-4eb6-9a1f-09a4b4501ef5-55.js)
    ~/6a80a903-faf4-40b2-aa6f-42a3b93f6c68-45.js (sourcemap at 6a80a903-faf4-40b2-aa6f-42a3b93f6c68-45.js.map, debug id 6a80a903-faf4-40b2-aa6f-42a3b93f6c68)
    ~/6e823428-d638-4eaf-a8fa-c3b8baec62bd-57.js (no sourcemap found, debug id 6e823428-d638-4eaf-a8fa-c3b8baec62bd)
      - warning: could not determine a source map reference (Could not auto-detect referenced sourcemap for ~/6e823428-d638-4eaf-a8fa-c3b8baec62bd-57.js)
    ~/6fe3e492-2bde-40ed-a50a-b8dc123d73ee-123.js (sourcemap at 6fe3e492-2bde-40ed-a50a-b8dc123d73ee-123.js.map, debug id 6fe3e492-2bde-40ed-a50a-b8dc123d73ee)
    ~/71b3b438-876f-409b-a67b-9e821572fc55-21.js (sourcemap at 71b3b438-876f-409b-a67b-9e821572fc55-21.js.map, debug id 71b3b438-876f-409b-a67b-9e821572fc55)
    ~/72e5a930-6fda-4a7b-b95e-f305425495bf-142.js (sourcemap at 72e5a930-6fda-4a7b-b95e-f305425495bf-142.js.map, debug id 72e5a930-6fda-4a7b-b95e-f305425495bf)
    ~/74d57b2d-ea89-4b39-b46a-f26eb2aba728-25.js (sourcemap at 74d57b2d-ea89-4b39-b46a-f26eb2aba728-25.js.map, debug id 74d57b2d-ea89-4b39-b46a-f26eb2aba728)
    ~/755bc15a-24fc-4527-9ac3-0b8070e9ec67-59.js (sourcemap at 755bc15a-24fc-4527-9ac3-0b8070e9ec67-59.js.map, debug id 755bc15a-24fc-4527-9ac3-0b8070e9ec67)
    ~/755d2dcd-4f76-45f5-8fcc-16c37642a933-134.js (sourcemap at 755d2dcd-4f76-45f5-8fcc-16c37642a933-134.js.map, debug id 755d2dcd-4f76-45f5-8fcc-16c37642a933)
    ~/7626f08f-a643-4170-94c4-8f284c21cc89-127.js (sourcemap at 7626f08f-a643-4170-94c4-8f284c21cc89-127.js.map, debug id 7626f08f-a643-4170-94c4-8f284c21cc89)
    ~/771d8f02-46cb-4ce2-98c3-1d75bfa702ab-98.js (no sourcemap found, debug id 771d8f02-46cb-4ce2-98c3-1d75bfa702ab)
      - warning: could not determine a source map reference (Could not auto-detect referenced sourcemap for ~/771d8f02-46cb-4ce2-98c3-1d75bfa702ab-98.js)
    ~/790e3732-2d6a-4892-b85b-4591f269c625-4.js (sourcemap at 790e3732-2d6a-4892-b85b-4591f269c625-4.js.map, debug id 790e3732-2d6a-4892-b85b-4591f269c625)
    ~/791c098a-a92d-4420-8962-e059300f9dca-39.js (sourcemap at 791c098a-a92d-4420-8962-e059300f9dca-39.js.map, debug id 791c098a-a92d-4420-8962-e059300f9dca)
    ~/79b2430c-9092-4363-98b9-a740d1babe55-26.js (sourcemap at 79b2430c-9092-4363-98b9-a740d1babe55-26.js.map, debug id 79b2430c-9092-4363-98b9-a740d1babe55)
    ~/800955ac-6115-4d91-8e21-56d16aae7ce2-62.js (sourcemap at 800955ac-6115-4d91-8e21-56d16aae7ce2-62.js.map, debug id 800955ac-6115-4d91-8e21-56d16aae7ce2)
    ~/800e2463-87c1-4aef-977e-2ea3791c867e-115.js (sourcemap at 800e2463-87c1-4aef-977e-2ea3791c867e-115.js.map, debug id 800e2463-87c1-4aef-977e-2ea3791c867e)
    ~/814dad46-48b4-4abb-932f-41ae7b29fd9d-2.js (sourcemap at 814dad46-48b4-4abb-932f-41ae7b29fd9d-2.js.map, debug id 814dad46-48b4-4abb-932f-41ae7b29fd9d)
    ~/823a76a9-b256-4d5d-be83-d2187adb0916-129.js (sourcemap at 823a76a9-b256-4d5d-be83-d2187adb0916-129.js.map, debug id 823a76a9-b256-4d5d-be83-d2187adb0916)
    ~/849912c9-3fee-40a1-937d-692d9a1a59e8-146.js (sourcemap at 849912c9-3fee-40a1-937d-692d9a1a59e8-146.js.map, debug id 849912c9-3fee-40a1-937d-692d9a1a59e8)
    ~/85d876f4-ff8d-4bad-b42a-21df560de831-120.js (sourcemap at 85d876f4-ff8d-4bad-b42a-21df560de831-120.js.map, debug id 85d876f4-ff8d-4bad-b42a-21df560de831)
    ~/85efe010-2bed-47ba-8fa9-50ebeda7286b-148.js (sourcemap at 85efe010-2bed-47ba-8fa9-50ebeda7286b-148.js.map, debug id 85efe010-2bed-47ba-8fa9-50ebeda7286b)
    ~/86438f82-0432-4f86-9973-93b6433b6913-102.js (sourcemap at 86438f82-0432-4f86-9973-93b6433b6913-102.js.map, debug id 86438f82-0432-4f86-9973-93b6433b6913)
    ~/8846e443-6fa5-449e-a6ac-5184460b1be2-145.js (sourcemap at 8846e443-6fa5-449e-a6ac-5184460b1be2-145.js.map, debug id 8846e443-6fa5-449e-a6ac-5184460b1be2)
    ~/8ce96cce-dd9f-404d-b940-f02f647659ab-0.js (sourcemap at 8ce96cce-dd9f-404d-b940-f02f647659ab-0.js.map, debug id 8ce96cce-dd9f-404d-b940-f02f647659ab)
    ~/8db6c1c7-3b69-49d0-ae2d-6176beb06151-47.js (sourcemap at 8db6c1c7-3b69-49d0-ae2d-6176beb06151-47.js.map, debug id 8db6c1c7-3b69-49d0-ae2d-6176beb06151)
    ~/8dc718f8-b9a2-4706-82b5-e463a183c54d-75.js (sourcemap at 8dc718f8-b9a2-4706-82b5-e463a183c54d-75.js.map, debug id 8dc718f8-b9a2-4706-82b5-e463a183c54d)
    ~/8e7793d6-61a1-4d47-9e28-0bcd09cdd4a4-33.js (sourcemap at 8e7793d6-61a1-4d47-9e28-0bcd09cdd4a4-33.js.map, debug id 8e7793d6-61a1-4d47-9e28-0bcd09cdd4a4)
    ~/8fc724d6-9cdf-46ab-87d6-00b76125fcc8-20.js (sourcemap at 8fc724d6-9cdf-46ab-87d6-00b76125fcc8-20.js.map, debug id 8fc724d6-9cdf-46ab-87d6-00b76125fcc8)
    ~/92856793-d197-4399-9b01-5a60982edb98-67.js (no sourcemap found, debug id 92856793-d197-4399-9b01-5a60982edb98)
      - warning: could not determine a source map reference (Could not auto-detect referenced sourcemap for ~/92856793-d197-4399-9b01-5a60982edb98-67.js)
    ~/92c46449-9d53-4706-9238-d38c80465c4a-106.js (sourcemap at 92c46449-9d53-4706-9238-d38c80465c4a-106.js.map, debug id 92c46449-9d53-4706-9238-d38c80465c4a)
    ~/94d14733-a370-47ff-a766-80fe069a9d19-28.js (sourcemap at 94d14733-a370-47ff-a766-80fe069a9d19-28.js.map, debug id 94d14733-a370-47ff-a766-80fe069a9d19)
    ~/9630832b-c743-4dd7-be70-f4cf59bea2a2-110.js (sourcemap at 9630832b-c743-4dd7-be70-f4cf59bea2a2-110.js.map, debug id 9630832b-c743-4dd7-be70-f4cf59bea2a2)
    ~/984dbf33-e7f1-4f97-8b3d-867884cf3f2f-73.js (no sourcemap found, debug id 984dbf33-e7f1-4f97-8b3d-867884cf3f2f)
      - warning: could not determine a source map reference (Could not auto-detect referenced sourcemap for ~/984dbf33-e7f1-4f97-8b3d-867884cf3f2f-73.js)
    ~/98be610c-9aff-4f91-a20e-7a80bd988514-35.js (sourcemap at 98be610c-9aff-4f91-a20e-7a80bd988514-35.js.map, debug id 98be610c-9aff-4f91-a20e-7a80bd988514)
    ~/9a545302-b0cc-4ace-bbdd-9b1a20f6ca53-83.js (sourcemap at 9a545302-b0cc-4ace-bbdd-9b1a20f6ca53-83.js.map, debug id 9a545302-b0cc-4ace-bbdd-9b1a20f6ca53)
    ~/9d14941d-406a-452b-9d3a-6cf3fe7b95a7-135.js (no sourcemap found, debug id 9d14941d-406a-452b-9d3a-6cf3fe7b95a7)
      - warning: could not determine a source map reference (Could not auto-detect referenced sourcemap for ~/9d14941d-406a-452b-9d3a-6cf3fe7b95a7-135.js)
    ~/a0ad510c-b744-4957-90ce-541f01bb4a6a-126.js (sourcemap at a0ad510c-b744-4957-90ce-541f01bb4a6a-126.js.map, debug id a0ad510c-b744-4957-90ce-541f01bb4a6a)
    ~/a18f61b6-0dd2-4394-86c2-fab8896a5e9a-131.js (no sourcemap found, debug id a18f61b6-0dd2-4394-86c2-fab8896a5e9a)
      - warning: could not determine a source map reference (Could not auto-detect referenced sourcemap for ~/a18f61b6-0dd2-4394-86c2-fab8896a5e9a-131.js)
    ~/a2c6a614-3314-44a0-a6cb-1dc9c6fe889d-72.js (sourcemap at a2c6a614-3314-44a0-a6cb-1dc9c6fe889d-72.js.map, debug id a2c6a614-3314-44a0-a6cb-1dc9c6fe889d)
    ~/a61e176b-07d6-48a8-ad4f-8aa86ece4f56-37.js (sourcemap at a61e176b-07d6-48a8-ad4f-8aa86ece4f56-37.js.map, debug id a61e176b-07d6-48a8-ad4f-8aa86ece4f56)
    ~/a9be844f-1029-428f-94aa-9b030df094ca-15.js (sourcemap at a9be844f-1029-428f-94aa-9b030df094ca-15.js.map, debug id a9be844f-1029-428f-94aa-9b030df094ca)
    ~/aa781ea0-785b-4ad3-9f3e-e7879cc4c8f5-1.js (sourcemap at aa781ea0-785b-4ad3-9f3e-e7879cc4c8f5-1.js.map, debug id aa781ea0-785b-4ad3-9f3e-e7879cc4c8f5)
    ~/ab07c921-37e7-4088-8547-407d7b73dcbc-136.js (no sourcemap found, debug id ab07c921-37e7-4088-8547-407d7b73dcbc)
      - warning: could not determine a source map reference (Could not auto-detect referenced sourcemap for ~/ab07c921-37e7-4088-8547-407d7b73dcbc-136.js)
    ~/abcef052-d46a-457f-a9a0-3350c1a0f611-103.js (sourcemap at abcef052-d46a-457f-a9a0-3350c1a0f611-103.js.map, debug id abcef052-d46a-457f-a9a0-3350c1a0f611)
    ~/ac699190-06ed-402c-8ade-299e943ee7dd-81.js (sourcemap at ac699190-06ed-402c-8ade-299e943ee7dd-81.js.map, debug id ac699190-06ed-402c-8ade-299e943ee7dd)
    ~/ad17fabb-52c5-4387-b962-20db4943fd09-113.js (sourcemap at ad17fabb-52c5-4387-b962-20db4943fd09-113.js.map, debug id ad17fabb-52c5-4387-b962-20db4943fd09)
    ~/b22603fa-8b40-4cf1-9f4e-a48bb4ee0aad-5.js (sourcemap at b22603fa-8b40-4cf1-9f4e-a48bb4ee0aad-5.js.map, debug id b22603fa-8b40-4cf1-9f4e-a48bb4ee0aad)
    ~/b2506e99-4f5f-4736-ae8e-04fe19dedf28-23.js (sourcemap at b2506e99-4f5f-4736-ae8e-04fe19dedf28-23.js.map, debug id b2506e99-4f5f-4736-ae8e-04fe19dedf28)
    ~/b3dff330-f7b7-4a45-b0cb-51e95da42ae8-48.js (sourcemap at b3dff330-f7b7-4a45-b0cb-51e95da42ae8-48.js.map, debug id b3dff330-f7b7-4a45-b0cb-51e95da42ae8)
    ~/b409a307-a277-43f2-a61a-e90c51cda886-6.js (sourcemap at b409a307-a277-43f2-a61a-e90c51cda886-6.js.map, debug id b409a307-a277-43f2-a61a-e90c51cda886)
    ~/b62e6883-727d-48b9-9ce4-622782c7b5bd-68.js (sourcemap at b62e6883-727d-48b9-9ce4-622782c7b5bd-68.js.map, debug id b62e6883-727d-48b9-9ce4-622782c7b5bd)
    ~/b8147b02-1e49-411c-8326-50f4439d5dfc-90.js (sourcemap at b8147b02-1e49-411c-8326-50f4439d5dfc-90.js.map, debug id b8147b02-1e49-411c-8326-50f4439d5dfc)
    ~/ba28e778-1755-473a-987c-d1468b123784-118.js (sourcemap at ba28e778-1755-473a-987c-d1468b123784-118.js.map, debug id ba28e778-1755-473a-987c-d1468b123784)
    ~/bb92e909-8edf-4dea-b76f-2781e4785cad-8.js (sourcemap at bb92e909-8edf-4dea-b76f-2781e4785cad-8.js.map, debug id bb92e909-8edf-4dea-b76f-2781e4785cad)
    ~/c13f9508-6773-4bfc-ae18-2988de93bf1d-122.js (sourcemap at c13f9508-6773-4bfc-ae18-2988de93bf1d-122.js.map, debug id c13f9508-6773-4bfc-ae18-2988de93bf1d)
    ~/c2c39bce-8918-4077-9f99-5dc435ac1197-42.js (sourcemap at c2c39bce-8918-4077-9f99-5dc435ac1197-42.js.map, debug id c2c39bce-8918-4077-9f99-5dc435ac1197)
    ~/c2f95d2f-ded6-49ca-91c2-67cf91b5342b-141.js (sourcemap at c2f95d2f-ded6-49ca-91c2-67cf91b5342b-141.js.map, debug id c2f95d2f-ded6-49ca-91c2-67cf91b5342b)
    ~/c323e530-7339-4daf-83f8-8cedfd616780-114.js (sourcemap at c323e530-7339-4daf-83f8-8cedfd616780-114.js.map, debug id c323e530-7339-4daf-83f8-8cedfd616780)
    ~/c53b42e1-0b15-4c5c-9407-28bbbc297ed6-54.js (sourcemap at c53b42e1-0b15-4c5c-9407-28bbbc297ed6-54.js.map, debug id c53b42e1-0b15-4c5c-9407-28bbbc297ed6)
    ~/c97abd6c-1323-4381-8bfe-ce63c4d6ec7d-11.js (sourcemap at c97abd6c-1323-4381-8bfe-ce63c4d6ec7d-11.js.map, debug id c97abd6c-1323-4381-8bfe-ce63c4d6ec7d)
    ~/ccef2358-12de-4568-8a99-b0059726ae9a-96.js (sourcemap at ccef2358-12de-4568-8a99-b0059726ae9a-96.js.map, debug id ccef2358-12de-4568-8a99-b0059726ae9a)
    ~/ce009704-5801-4a16-94c4-a13f3fb77730-79.js (sourcemap at ce009704-5801-4a16-94c4-a13f3fb77730-79.js.map, debug id ce009704-5801-4a16-94c4-a13f3fb77730)
    ~/ce538932-ec29-4e6a-a3fa-f23ef1555c86-117.js (sourcemap at ce538932-ec29-4e6a-a3fa-f23ef1555c86-117.js.map, debug id ce538932-ec29-4e6a-a3fa-f23ef1555c86)
    ~/cff771b1-eafd-4ae5-b2a9-fde5cd10c82f-36.js (sourcemap at cff771b1-eafd-4ae5-b2a9-fde5cd10c82f-36.js.map, debug id cff771b1-eafd-4ae5-b2a9-fde5cd10c82f)
    ~/d2fe22a6-6e91-4d4f-bbb3-ff4c5ddc4c29-101.js (sourcemap at d2fe22a6-6e91-4d4f-bbb3-ff4c5ddc4c29-101.js.map, debug id d2fe22a6-6e91-4d4f-bbb3-ff4c5ddc4c29)
    ~/d3d7b674-5520-4464-8a4a-e3bbc2c0130b-91.js (sourcemap at d3d7b674-5520-4464-8a4a-e3bbc2c0130b-91.js.map, debug id d3d7b674-5520-4464-8a4a-e3bbc2c0130b)
    ~/d5105980-661c-4f59-895c-7a8d5f9a0982-150.js (sourcemap at d5105980-661c-4f59-895c-7a8d5f9a0982-150.js.map, debug id d5105980-661c-4f59-895c-7a8d5f9a0982)
    ~/d6c357d7-2d0f-448a-ab56-82a00ac914d4-86.js (sourcemap at d6c357d7-2d0f-448a-ab56-82a00ac914d4-86.js.map, debug id d6c357d7-2d0f-448a-ab56-82a00ac914d4)
    ~/d7574662-4a3a-4620-9ccd-3d108b2823df-18.js (sourcemap at d7574662-4a3a-4620-9ccd-3d108b2823df-18.js.map, debug id d7574662-4a3a-4620-9ccd-3d108b2823df)
    ~/d8579b09-b168-473e-bd7b-ac648eb49c14-125.js (sourcemap at d8579b09-b168-473e-bd7b-ac648eb49c14-125.js.map, debug id d8579b09-b168-473e-bd7b-ac648eb49c14)
    ~/dc63cb41-56bf-484f-a42e-41aa55467982-124.js (sourcemap at dc63cb41-56bf-484f-a42e-41aa55467982-124.js.map, debug id dc63cb41-56bf-484f-a42e-41aa55467982)
    ~/df63d12f-77ac-4bff-98ff-764fcd8ed14e-138.js (no sourcemap found, debug id df63d12f-77ac-4bff-98ff-764fcd8ed14e)
      - warning: could not determine a source map reference (Could not auto-detect referenced sourcemap for ~/df63d12f-77ac-4bff-98ff-764fcd8ed14e-138.js)
    ~/e0532f8b-d7c3-43a8-a45b-e50a99bd5366-112.js (sourcemap at e0532f8b-d7c3-43a8-a45b-e50a99bd5366-112.js.map, debug id e0532f8b-d7c3-43a8-a45b-e50a99bd5366)
    ~/e2b698ce-6218-45dd-b5ce-5320bccdc7e7-9.js (sourcemap at e2b698ce-6218-45dd-b5ce-5320bccdc7e7-9.js.map, debug id e2b698ce-6218-45dd-b5ce-5320bccdc7e7)
    ~/e30a0d05-50ff-4683-af0b-c5ef234585c8-84.js (sourcemap at e30a0d05-50ff-4683-af0b-c5ef234585c8-84.js.map, debug id e30a0d05-50ff-4683-af0b-c5ef234585c8)
    ~/e382dfd3-abb1-4f83-8d2c-ac8216faf140-60.js (sourcemap at e382dfd3-abb1-4f83-8d2c-ac8216faf140-60.js.map, debug id e382dfd3-abb1-4f83-8d2c-ac8216faf140)
    ~/e3a86716-e629-4fb6-87d5-58e5f74de1c1-32.js (sourcemap at e3a86716-e629-4fb6-87d5-58e5f74de1c1-32.js.map, debug id e3a86716-e629-4fb6-87d5-58e5f74de1c1)
    ~/e82672bc-418f-420c-9743-59d136800b5a-31.js (sourcemap at e82672bc-418f-420c-9743-59d136800b5a-31.js.map, debug id e82672bc-418f-420c-9743-59d136800b5a)
    ~/e8413aaf-d525-4ecd-843d-3f26241fda76-52.js (sourcemap at e8413aaf-d525-4ecd-843d-3f26241fda76-52.js.map, debug id e8413aaf-d525-4ecd-843d-3f26241fda76)
    ~/ebebe02b-a157-4a17-80ec-c92df8a984e1-12.js (sourcemap at ebebe02b-a157-4a17-80ec-c92df8a984e1-12.js.map, debug id ebebe02b-a157-4a17-80ec-c92df8a984e1)
    ~/eca0ce0f-6509-4044-a89a-aa66a668717b-139.js (sourcemap at eca0ce0f-6509-4044-a89a-aa66a668717b-139.js.map, debug id eca0ce0f-6509-4044-a89a-aa66a668717b)
    ~/edd0e4f2-189e-4c7d-8b4d-3e95c5e84ec8-82.js (sourcemap at edd0e4f2-189e-4c7d-8b4d-3e95c5e84ec8-82.js.map, debug id edd0e4f2-189e-4c7d-8b4d-3e95c5e84ec8)
    ~/efde6c07-372c-4830-8ea5-215539b99edd-108.js (sourcemap at efde6c07-372c-4830-8ea5-215539b99edd-108.js.map, debug id efde6c07-372c-4830-8ea5-215539b99edd)
    ~/f0f6bd20-694e-4172-a4d2-1ea587089fe8-29.js (sourcemap at f0f6bd20-694e-4172-a4d2-1ea587089fe8-29.js.map, debug id f0f6bd20-694e-4172-a4d2-1ea587089fe8)
    ~/f559edd4-d8f1-46ba-bcec-7ffcf80fb772-49.js (sourcemap at f559edd4-d8f1-46ba-bcec-7ffcf80fb772-49.js.map, debug id f559edd4-d8f1-46ba-bcec-7ffcf80fb772)
    ~/fbc3fdda-d651-423d-a34b-6435ccd45b26-109.js (sourcemap at fbc3fdda-d651-423d-a34b-6435ccd45b26-109.js.map, debug id fbc3fdda-d651-423d-a34b-6435ccd45b26)
    ~/fc61cce3-a870-4c0e-b2a1-1e6605229b71-144.js (sourcemap at fc61cce3-a870-4c0e-b2a1-1e6605229b71-144.js.map, debug id fc61cce3-a870-4c0e-b2a1-1e6605229b71)
    ~/fc6afe30-7c65-4ca0-993c-8cc4245f6698-107.js (sourcemap at fc6afe30-7c65-4ca0-993c-8cc4245f6698-107.js.map, debug id fc6afe30-7c65-4ca0-993c-8cc4245f6698)
    ~/fe625f6a-6215-451a-8d23-9abd7b68b7e5-100.js (sourcemap at fe625f6a-6215-451a-8d23-9abd7b68b7e5-100.js.map, debug id fe625f6a-6215-451a-8d23-9abd7b68b7e5)
  Source Maps
    ~/00bf650c-3f61-482a-9c91-c8c51ff8d448-10.js.map (debug id 00bf650c-3f61-482a-9c91-c8c51ff8d448)
    ~/01cffced-b61d-4e98-a23a-50fe50a5bd3b-104.js.map (debug id 01cffced-b61d-4e98-a23a-50fe50a5bd3b)
    ~/0309ad22-85e0-4e47-bc03-c119085050ce-74.js.map (debug id 0309ad22-85e0-4e47-bc03-c119085050ce)
    ~/03cec71b-f481-4966-84f4-bd85e1f5f0d6-34.js.map (debug id 03cec71b-f481-4966-84f4-bd85e1f5f0d6)
    ~/0413494e-374f-4388-9f1b-bfc2d62c7246-147.js.map (debug id 0413494e-374f-4388-9f1b-bfc2d62c7246)
    ~/042e8768-185d-4a5d-ab45-25ee1bddfb43-13.js.map (debug id 042e8768-185d-4a5d-ab45-25ee1bddfb43)
    ~/04d927bd-fdd8-46d8-9d93-a116da2e0ac5-56.js.map (debug id 04d927bd-fdd8-46d8-9d93-a116da2e0ac5)
    ~/0986dd54-d3cc-4ab9-b678-0ffe4c59cecd-133.js.map (debug id 0986dd54-d3cc-4ab9-b678-0ffe4c59cecd)
    ~/09c11d00-5dc0-41a8-a194-9a9ad04d2472-143.js.map (debug id 09c11d00-5dc0-41a8-a194-9a9ad04d2472)
    ~/0d793a43-c939-4d3e-95e1-2bf1d2277c6a-128.js.map (debug id 0d793a43-c939-4d3e-95e1-2bf1d2277c6a)
    ~/0eebc021-ccda-4552-a9d4-73bb4838ab5e-38.js.map (debug id 0eebc021-ccda-4552-a9d4-73bb4838ab5e)
    ~/11c5a12e-cbe9-408d-9212-102a05690d88-87.js.map (debug id 11c5a12e-cbe9-408d-9212-102a05690d88)
    ~/1277e54a-c92c-4bb7-a525-c6cc34ead7f7-99.js.map (debug id 1277e54a-c92c-4bb7-a525-c6cc34ead7f7)
    ~/1702afdd-ef29-4690-b04b-dbe2eb84844a-94.js.map (debug id 1702afdd-ef29-4690-b04b-dbe2eb84844a)
    ~/177d6e23-5dff-4ca5-aac5-da42f9fcec4a-46.js.map (debug id 177d6e23-5dff-4ca5-aac5-da42f9fcec4a)
    ~/1a9c32d6-cc4b-4448-ad64-1fdf4c04ba6c-149.js.map (debug id 1a9c32d6-cc4b-4448-ad64-1fdf4c04ba6c)
    ~/1fcae1fa-1ca4-4ca2-853b-78e47879ee92-121.js.map (debug id 1fcae1fa-1ca4-4ca2-853b-78e47879ee92)
    ~/207376b1-f5ec-4226-a207-05c21080d089-111.js.map (debug id 207376b1-f5ec-4226-a207-05c21080d089)
    ~/20f05c2c-f7e0-466d-89b1-3cbce82beaa0-64.js.map (debug id 20f05c2c-f7e0-466d-89b1-3cbce82beaa0)
    ~/21b2d472-1392-4f3b-8758-d86a06c28744-16.js.map (debug id 21b2d472-1392-4f3b-8758-d86a06c28744)
    ~/22dd978e-b8ab-4155-af45-ce5b9bcda394-40.js.map (debug id 22dd978e-b8ab-4155-af45-ce5b9bcda394)
    ~/265d4fc5-17de-4f18-9320-09ef63847a15-88.js.map (debug id 265d4fc5-17de-4f18-9320-09ef63847a15)
    ~/269c30aa-b310-4344-9687-4ae8976357af-119.js.map (debug id 269c30aa-b310-4344-9687-4ae8976357af)
    ~/28bce732-70cb-427d-9abf-11c1fc6a6c56-3.js.map (debug id 28bce732-70cb-427d-9abf-11c1fc6a6c56)
    ~/2b6f8139-108a-471d-90ae-dd052ee17a5f-22.js.map (debug id 2b6f8139-108a-471d-90ae-dd052ee17a5f)
    ~/2c0b9caa-0912-47f3-983b-51545ced123f-116.js.map (debug id 2c0b9caa-0912-47f3-983b-51545ced123f)
    ~/2d709ea0-3448-4266-b321-8139da67ac12-71.js.map (debug id 2d709ea0-3448-4266-b321-8139da67ac12)
    ~/30c87b02-c872-4453-a0d1-f0cfe6fcf710-30.js.map (debug id 30c87b02-c872-4453-a0d1-f0cfe6fcf710)
    ~/32f15c65-0b92-495d-841e-762b9fe2e449-19.js.map (debug id 32f15c65-0b92-495d-841e-762b9fe2e449)
    ~/334b0fda-e5fe-4cda-a238-0e2c640b2a75-17.js.map (debug id 334b0fda-e5fe-4cda-a238-0e2c640b2a75)
    ~/353c5e8c-3b03-45f3-8fed-687cd745fd6b-105.js.map (debug id 353c5e8c-3b03-45f3-8fed-687cd745fd6b)
    ~/38bc168c-4f39-483f-b832-e500c20c9169-27.js.map (debug id 38bc168c-4f39-483f-b832-e500c20c9169)
    ~/3d923ac0-9af7-441b-8d54-07729a4d5b68-7.js.map (debug id 3d923ac0-9af7-441b-8d54-07729a4d5b68)
    ~/3ec58768-e421-4765-9533-094096c3885f-50.js.map (debug id 3ec58768-e421-4765-9533-094096c3885f)
    ~/3ef64317-6406-4308-ad67-3c94830876e5-24.js.map (debug id 3ef64317-6406-4308-ad67-3c94830876e5)
    ~/44520df1-c5cb-4cd2-9cd3-fa731b648c2b-41.js.map (debug id 44520df1-c5cb-4cd2-9cd3-fa731b648c2b)
    ~/449e47f4-185b-423c-8dc4-9d53c2db4496-14.js.map (debug id 449e47f4-185b-423c-8dc4-9d53c2db4496)
    ~/4a42fd28-172c-4f46-94fa-bdf1e07707db-89.js.map (debug id 4a42fd28-172c-4f46-94fa-bdf1e07707db)
    ~/4f3f9f96-f54a-4aa7-9ab3-bc5dcdfe0e25-70.js.map (debug id 4f3f9f96-f54a-4aa7-9ab3-bc5dcdfe0e25)
    ~/509ea8a7-c666-4772-9726-fbbb982bacea-78.js.map (debug id 509ea8a7-c666-4772-9726-fbbb982bacea)
    ~/51f3ec88-e1d1-4df9-a4f7-9dfe1cff8992-85.js.map (debug id 51f3ec88-e1d1-4df9-a4f7-9dfe1cff8992)
    ~/54327306-2c9a-492a-88d3-83577bc84dc3-61.js.map (debug id 54327306-2c9a-492a-88d3-83577bc84dc3)
    ~/54a3f3d2-8e55-44c5-b82e-7fed62c37a00-93.js.map (debug id 54a3f3d2-8e55-44c5-b82e-7fed62c37a00)
    ~/552ce989-8b1a-4f8a-a25f-71d8d5a7c8ce-43.js.map (debug id 552ce989-8b1a-4f8a-a25f-71d8d5a7c8ce)
    ~/55b7bc38-b9bd-4afe-80a7-1d1dda70443e-137.js.map (debug id 55b7bc38-b9bd-4afe-80a7-1d1dda70443e)
    ~/595f85e9-7912-4811-9616-45293623966f-66.js.map (debug id 595f85e9-7912-4811-9616-45293623966f)
    ~/5a277ff2-0ad3-4695-95ef-6ce79e50bfd8-92.js.map (debug id 5a277ff2-0ad3-4695-95ef-6ce79e50bfd8)
    ~/5c22da02-3360-4ee5-ae0e-a75e6331ebff-44.js.map (debug id 5c22da02-3360-4ee5-ae0e-a75e6331ebff)
    ~/5f8d32a5-3a77-442d-ab03-fe204c7c40f9-95.js.map (debug id 5f8d32a5-3a77-442d-ab03-fe204c7c40f9)
    ~/61bd272b-5373-46cb-857b-a81f565b58b5-63.js.map (debug id 61bd272b-5373-46cb-857b-a81f565b58b5)
    ~/63009251-62ec-44dd-8a2f-09bdb396b230-51.js.map (debug id 63009251-62ec-44dd-8a2f-09bdb396b230)
    ~/63cfbfa6-e4fa-4890-ab35-0e1b2527f9d1-76.js.map (debug id 63cfbfa6-e4fa-4890-ab35-0e1b2527f9d1)
    ~/657e6b5a-eba8-4232-bf24-46833be5df02-65.js.map (debug id 657e6b5a-eba8-4232-bf24-46833be5df02)
    ~/6a80a903-faf4-40b2-aa6f-42a3b93f6c68-45.js.map (debug id 6a80a903-faf4-40b2-aa6f-42a3b93f6c68)
    ~/6fe3e492-2bde-40ed-a50a-b8dc123d73ee-123.js.map (debug id 6fe3e492-2bde-40ed-a50a-b8dc123d73ee)
    ~/71b3b438-876f-409b-a67b-9e821572fc55-21.js.map (debug id 71b3b438-876f-409b-a67b-9e821572fc55)
    ~/72e5a930-6fda-4a7b-b95e-f305425495bf-142.js.map (debug id 72e5a930-6fda-4a7b-b95e-f305425495bf)
    ~/74d57b2d-ea89-4b39-b46a-f26eb2aba728-25.js.map (debug id 74d57b2d-ea89-4b39-b46a-f26eb2aba728)
    ~/755bc15a-24fc-4527-9ac3-0b8070e9ec67-59.js.map (debug id 755bc15a-24fc-4527-9ac3-0b8070e9ec67)
    ~/755d2dcd-4f76-45f5-8fcc-16c37642a933-134.js.map (debug id 755d2dcd-4f76-45f5-8fcc-16c37642a933)
    ~/7626f08f-a643-4170-94c4-8f284c21cc89-127.js.map (debug id 7626f08f-a643-4170-94c4-8f284c21cc89)
    ~/790e3732-2d6a-4892-b85b-4591f269c625-4.js.map (debug id 790e3732-2d6a-4892-b85b-4591f269c625)
    ~/791c098a-a92d-4420-8962-e059300f9dca-39.js.map (debug id 791c098a-a92d-4420-8962-e059300f9dca)
    ~/79b2430c-9092-4363-98b9-a740d1babe55-26.js.map (debug id 79b2430c-9092-4363-98b9-a740d1babe55)
    ~/800955ac-6115-4d91-8e21-56d16aae7ce2-62.js.map (debug id 800955ac-6115-4d91-8e21-56d16aae7ce2)
    ~/800e2463-87c1-4aef-977e-2ea3791c867e-115.js.map (debug id 800e2463-87c1-4aef-977e-2ea3791c867e)
    ~/814dad46-48b4-4abb-932f-41ae7b29fd9d-2.js.map (debug id 814dad46-48b4-4abb-932f-41ae7b29fd9d)
    ~/823a76a9-b256-4d5d-be83-d2187adb0916-129.js.map (debug id 823a76a9-b256-4d5d-be83-d2187adb0916)
    ~/849912c9-3fee-40a1-937d-692d9a1a59e8-146.js.map (debug id 849912c9-3fee-40a1-937d-692d9a1a59e8)
    ~/85d876f4-ff8d-4bad-b42a-21df560de831-120.js.map (debug id 85d876f4-ff8d-4bad-b42a-21df560de831)
    ~/85efe010-2bed-47ba-8fa9-50ebeda7286b-148.js.map (debug id 85efe010-2bed-47ba-8fa9-50ebeda7286b)
    ~/86438f82-0432-4f86-9973-93b6433b6913-102.js.map (debug id 86438f82-0432-4f86-9973-93b6433b6913)
    ~/8846e443-6fa5-449e-a6ac-5184460b1be2-145.js.map (debug id 8846e443-6fa5-449e-a6ac-5184460b1be2)
    ~/8ce96cce-dd9f-404d-b940-f02f647659ab-0.js.map (debug id 8ce96cce-dd9f-404d-b940-f02f647659ab)
    ~/8db6c1c7-3b69-49d0-ae2d-6176beb06151-47.js.map (debug id 8db6c1c7-3b69-49d0-ae2d-6176beb06151)
    ~/8dc718f8-b9a2-4706-82b5-e463a183c54d-75.js.map (debug id 8dc718f8-b9a2-4706-82b5-e463a183c54d)
    ~/8e7793d6-61a1-4d47-9e28-0bcd09cdd4a4-33.js.map (debug id 8e7793d6-61a1-4d47-9e28-0bcd09cdd4a4)
    ~/8fc724d6-9cdf-46ab-87d6-00b76125fcc8-20.js.map (debug id 8fc724d6-9cdf-46ab-87d6-00b76125fcc8)
    ~/92c46449-9d53-4706-9238-d38c80465c4a-106.js.map (debug id 92c46449-9d53-4706-9238-d38c80465c4a)
    ~/94d14733-a370-47ff-a766-80fe069a9d19-28.js.map (debug id 94d14733-a370-47ff-a766-80fe069a9d19)
    ~/9630832b-c743-4dd7-be70-f4cf59bea2a2-110.js.map (debug id 9630832b-c743-4dd7-be70-f4cf59bea2a2)
    ~/98be610c-9aff-4f91-a20e-7a80bd988514-35.js.map (debug id 98be610c-9aff-4f91-a20e-7a80bd988514)
    ~/9a545302-b0cc-4ace-bbdd-9b1a20f6ca53-83.js.map (debug id 9a545302-b0cc-4ace-bbdd-9b1a20f6ca53)
    ~/a0ad510c-b744-4957-90ce-541f01bb4a6a-126.js.map (debug id a0ad510c-b744-4957-90ce-541f01bb4a6a)
    ~/a2c6a614-3314-44a0-a6cb-1dc9c6fe889d-72.js.map (debug id a2c6a614-3314-44a0-a6cb-1dc9c6fe889d)
    ~/a61e176b-07d6-48a8-ad4f-8aa86ece4f56-37.js.map (debug id a61e176b-07d6-48a8-ad4f-8aa86ece4f56)
    ~/a9be844f-1029-428f-94aa-9b030df094ca-15.js.map (debug id a9be844f-1029-428f-94aa-9b030df094ca)
    ~/aa781ea0-785b-4ad3-9f3e-e7879cc4c8f5-1.js.map (debug id aa781ea0-785b-4ad3-9f3e-e7879cc4c8f5)
    ~/abcef052-d46a-457f-a9a0-3350c1a0f611-103.js.map (debug id abcef052-d46a-457f-a9a0-3350c1a0f611)
    ~/ac699190-06ed-402c-8ade-299e943ee7dd-81.js.map (debug id ac699190-06ed-402c-8ade-299e943ee7dd)
    ~/ad17fabb-52c5-4387-b962-20db4943fd09-113.js.map (debug id ad17fabb-52c5-4387-b962-20db4943fd09)
    ~/b22603fa-8b40-4cf1-9f4e-a48bb4ee0aad-5.js.map (debug id b22603fa-8b40-4cf1-9f4e-a48bb4ee0aad)
    ~/b2506e99-4f5f-4736-ae8e-04fe19dedf28-23.js.map (debug id b2506e99-4f5f-4736-ae8e-04fe19dedf28)
    ~/b3dff330-f7b7-4a45-b0cb-51e95da42ae8-48.js.map (debug id b3dff330-f7b7-4a45-b0cb-51e95da42ae8)
    ~/b409a307-a277-43f2-a61a-e90c51cda886-6.js.map (debug id b409a307-a277-43f2-a61a-e90c51cda886)
    ~/b62e6883-727d-48b9-9ce4-622782c7b5bd-68.js.map (debug id b62e6883-727d-48b9-9ce4-622782c7b5bd)
    ~/b8147b02-1e49-411c-8326-50f4439d5dfc-90.js.map (debug id b8147b02-1e49-411c-8326-50f4439d5dfc)
    ~/ba28e778-1755-473a-987c-d1468b123784-118.js.map (debug id ba28e778-1755-473a-987c-d1468b123784)
    ~/bb92e909-8edf-4dea-b76f-2781e4785cad-8.js.map (debug id bb92e909-8edf-4dea-b76f-2781e4785cad)
    ~/c13f9508-6773-4bfc-ae18-2988de93bf1d-122.js.map (debug id c13f9508-6773-4bfc-ae18-2988de93bf1d)
    ~/c2c39bce-8918-4077-9f99-5dc435ac1197-42.js.map (debug id c2c39bce-8918-4077-9f99-5dc435ac1197)
    ~/c2f95d2f-ded6-49ca-91c2-67cf91b5342b-141.js.map (debug id c2f95d2f-ded6-49ca-91c2-67cf91b5342b)
    ~/c323e530-7339-4daf-83f8-8cedfd616780-114.js.map (debug id c323e530-7339-4daf-83f8-8cedfd616780)
    ~/c53b42e1-0b15-4c5c-9407-28bbbc297ed6-54.js.map (debug id c53b42e1-0b15-4c5c-9407-28bbbc297ed6)
    ~/c97abd6c-1323-4381-8bfe-ce63c4d6ec7d-11.js.map (debug id c97abd6c-1323-4381-8bfe-ce63c4d6ec7d)
    ~/ccef2358-12de-4568-8a99-b0059726ae9a-96.js.map (debug id ccef2358-12de-4568-8a99-b0059726ae9a)
    ~/ce009704-5801-4a16-94c4-a13f3fb77730-79.js.map (debug id ce009704-5801-4a16-94c4-a13f3fb77730)
    ~/ce538932-ec29-4e6a-a3fa-f23ef1555c86-117.js.map (debug id ce538932-ec29-4e6a-a3fa-f23ef1555c86)
    ~/cff771b1-eafd-4ae5-b2a9-fde5cd10c82f-36.js.map (debug id cff771b1-eafd-4ae5-b2a9-fde5cd10c82f)
    ~/d2fe22a6-6e91-4d4f-bbb3-ff4c5ddc4c29-101.js.map (debug id d2fe22a6-6e91-4d4f-bbb3-ff4c5ddc4c29)
    ~/d3d7b674-5520-4464-8a4a-e3bbc2c0130b-91.js.map (debug id d3d7b674-5520-4464-8a4a-e3bbc2c0130b)
    ~/d5105980-661c-4f59-895c-7a8d5f9a0982-150.js.map (debug id d5105980-661c-4f59-895c-7a8d5f9a0982)
    ~/d6c357d7-2d0f-448a-ab56-82a00ac914d4-86.js.map (debug id d6c357d7-2d0f-448a-ab56-82a00ac914d4)
    ~/d7574662-4a3a-4620-9ccd-3d108b2823df-18.js.map (debug id d7574662-4a3a-4620-9ccd-3d108b2823df)
    ~/d8579b09-b168-473e-bd7b-ac648eb49c14-125.js.map (debug id d8579b09-b168-473e-bd7b-ac648eb49c14)
    ~/dc63cb41-56bf-484f-a42e-41aa55467982-124.js.map (debug id dc63cb41-56bf-484f-a42e-41aa55467982)
    ~/e0532f8b-d7c3-43a8-a45b-e50a99bd5366-112.js.map (debug id e0532f8b-d7c3-43a8-a45b-e50a99bd5366)
    ~/e2b698ce-6218-45dd-b5ce-5320bccdc7e7-9.js.map (debug id e2b698ce-6218-45dd-b5ce-5320bccdc7e7)
    ~/e30a0d05-50ff-4683-af0b-c5ef234585c8-84.js.map (debug id e30a0d05-50ff-4683-af0b-c5ef234585c8)
    ~/e382dfd3-abb1-4f83-8d2c-ac8216faf140-60.js.map (debug id e382dfd3-abb1-4f83-8d2c-ac8216faf140)
    ~/e3a86716-e629-4fb6-87d5-58e5f74de1c1-32.js.map (debug id e3a86716-e629-4fb6-87d5-58e5f74de1c1)
    ~/e82672bc-418f-420c-9743-59d136800b5a-31.js.map (debug id e82672bc-418f-420c-9743-59d136800b5a)
    ~/e8413aaf-d525-4ecd-843d-3f26241fda76-52.js.map (debug id e8413aaf-d525-4ecd-843d-3f26241fda76)
    ~/ebebe02b-a157-4a17-80ec-c92df8a984e1-12.js.map (debug id ebebe02b-a157-4a17-80ec-c92df8a984e1)
    ~/eca0ce0f-6509-4044-a89a-aa66a668717b-139.js.map (debug id eca0ce0f-6509-4044-a89a-aa66a668717b)
    ~/edd0e4f2-189e-4c7d-8b4d-3e95c5e84ec8-82.js.map (debug id edd0e4f2-189e-4c7d-8b4d-3e95c5e84ec8)
    ~/efde6c07-372c-4830-8ea5-215539b99edd-108.js.map (debug id efde6c07-372c-4830-8ea5-215539b99edd)
    ~/f0f6bd20-694e-4172-a4d2-1ea587089fe8-29.js.map (debug id f0f6bd20-694e-4172-a4d2-1ea587089fe8)
    ~/f559edd4-d8f1-46ba-bcec-7ffcf80fb772-49.js.map (debug id f559edd4-d8f1-46ba-bcec-7ffcf80fb772)
    ~/fbc3fdda-d651-423d-a34b-6435ccd45b26-109.js.map (debug id fbc3fdda-d651-423d-a34b-6435ccd45b26)
    ~/fc61cce3-a870-4c0e-b2a1-1e6605229b71-144.js.map (debug id fc61cce3-a870-4c0e-b2a1-1e6605229b71)
    ~/fc6afe30-7c65-4ca0-993c-8cc4245f6698-107.js.map (debug id fc6afe30-7c65-4ca0-993c-8cc4245f6698)
    ~/fe625f6a-6215-451a-8d23-9abd7b68b7e5-100.js.map (debug id fe625f6a-6215-451a-8d23-9abd7b68b7e5)
[@sentry/nextjs - Client] Info: Successfully uploaded source maps to Sentry
 ✓ Compiled successfully
   Linting and checking validity of types ...

./components/auth/RoleLoginPage.tsx
91:6  Warning: React Hook useEffect has a missing dependency: 'loginError'. Either include it or remove the dependency array.  react-hooks/exhaustive-deps

./components/auth/SignupExperience.tsx
511:6  Warning: React Hook useEffect has a missing dependency: 'inlineError'. Either include it or remove the dependency array.  react-hooks/exhaustive-deps
1021:6  Warning: React Hook useEffect has a missing dependency: 'inlineError'. Either include it or remove the dependency array.  react-hooks/exhaustive-deps
1436:6  Warning: React Hook useEffect has a missing dependency: 'inlineError'. Either include it or remove the dependency array.  react-hooks/exhaustive-deps

./components/builder/event-wizard/EventVenueStep.tsx
72:9  Warning: The 'venues' conditional could make the dependencies of useMemo Hook (at line 87) change on every render. To fix this, wrap the initialization of 'venues' in its own useMemo() Hook.  react-hooks/exhaustive-deps
72:9  Warning: The 'venues' conditional could make the dependencies of useMemo Hook (at line 92) change on every render. To fix this, wrap the initialization of 'venues' in its own useMemo() Hook.  react-hooks/exhaustive-deps

./components/builder/event-wizard/EventbriteImportPanel.tsx
190:6  Warning: React Hook useEffect has a missing dependency: 'loadIntegration'. Either include it or remove the dependency array.  react-hooks/exhaustive-deps
206:6  Warning: React Hook useEffect has missing dependencies: 'addToast' and 'loadImportedAttendees'. Either include them or remove the dependency array.  react-hooks/exhaustive-deps
232:6  Warning: React Hook useEffect has a missing dependency: 'loadIntegration'. Either include it or remove the dependency array.  react-hooks/exhaustive-deps

./components/planner/planner-page/PlannerWorkspace.tsx
195:6  Warning: React Hook useEffect has missing dependencies: 'isTimelineLoading', 'loadPlannerTimeline', and 'timelineResult'. Either include them or remove the dependency array.  react-hooks/exhaustive-deps
279:6  Warning: React Hook useEffect has a missing dependency: 'resetDemoSession'. Either include it or remove the dependency array.  react-hooks/exhaustive-deps
420:6  Warning: React Hook useEffect has a missing dependency: 'startInitialDraftPlan'. Either include it or remove the dependency array.  react-hooks/exhaustive-deps
437:6  Warning: React Hook useEffect has a missing dependency: 'triggerRecommendations'. Either include it or remove the dependency array.  react-hooks/exhaustive-deps

./components/shared/FilterSidebar.tsx
91:33  Warning: React Hook useCallback received a function whose dependencies are unknown. Pass an inline function instead.  react-hooks/exhaustive-deps

./components/shared/SearchBar.tsx
59:27  Warning: React Hook useCallback received a function whose dependencies are unknown. Pass an inline function instead.  react-hooks/exhaustive-deps

./components/venue/AmenitiesSelector.tsx
155:6  Warning: React Hook useEffect has a missing dependency: 'loadAmenities'. Either include it or remove the dependency array.  react-hooks/exhaustive-deps

./components/venue/BulkApprovalDashboard.tsx
127:6  Warning: React Hook useEffect has a missing dependency: 'loadPendingBookings'. Either include it or remove the dependency array.  react-hooks/exhaustive-deps

./components/venue/BulkApprovalSettings.tsx
82:6  Warning: React Hook useEffect has a missing dependency: 'loadSettings'. Either include it or remove the dependency array.  react-hooks/exhaustive-deps

./components/venue/RulesManager.tsx
131:6  Warning: React Hook useEffect has a missing dependency: 'loadRules'. Either include it or remove the dependency array.  react-hooks/exhaustive-deps

info  - Need to disable some ESLint rules? Learn more here: https://nextjs.org/docs/basic-features/eslint#disabling-rules
   Collecting page data ...
   Generating static pages (0/69) ...
   Generating static pages (17/69) 
Time 4.924208
Time 3.561083
   Generating static pages (34/69) 
   Generating static pages (51/69) 
 ✓ Generating static pages (69/69)
   Finalizing page optimization ...
   Collecting build traces ...

Route (app)                                                                   Size     First Load JS
┌ ○ /                                                                         2.24 kB         178 kB
├ ○ /_not-found                                                               1.04 kB         163 kB
├ ƒ /[userType]/messages                                                      10 kB           245 kB
├ ƒ /[userType]/notifications                                                 10.2 kB         240 kB
├ ƒ /[userType]/settings                                                      367 B           179 kB
├ ƒ /admin                                                                    362 B           164 kB
├ ƒ /admin/catalog/vendors                                                    317 B           174 kB
├ ƒ /admin/catalog/venues                                                     318 B           174 kB
├ ƒ /admin/claims                                                             359 B           162 kB
├ ƒ /admin/concierge                                                          6.31 kB         175 kB
├ ƒ /admin/failures                                                           362 B           162 kB
├ ƒ /admin/health                                                             360 B           162 kB
├ ƒ /admin/ops                                                                5.33 kB         174 kB
├ ƒ /admin/overrides                                                          361 B           162 kB
├ ƒ /admin/stripe                                                             360 B           162 kB
├ ƒ /admin/tasks                                                              6.77 kB         175 kB
├ ƒ /api/account/settings                                                     0 B                0 B
├ ƒ /api/admin/catalog/vendors                                                0 B                0 B
├ ƒ /api/admin/catalog/venues                                                 0 B                0 B
├ ƒ /api/admin/concierge/actions                                              0 B                0 B
├ ƒ /api/admin/concierge/invites/[id]/override                                0 B                0 B
├ ƒ /api/admin/ops                                                            0 B                0 B
├ ƒ /api/admin/reconcile/captured-deposits                                    0 B                0 B
├ ƒ /api/admin/tasks/[id]                                                     0 B                0 B
├ ƒ /api/ai/agents/run                                                        0 B                0 B
├ ƒ /api/auth/login                                                           0 B                0 B
├ ƒ /api/auth/logout                                                          0 B                0 B
├ ƒ /api/auth/refresh                                                         0 B                0 B
├ ƒ /api/auth/signup                                                          0 B                0 B
├ ƒ /api/auth/user                                                            0 B                0 B
├ ƒ /api/builder/billing/checkout                                             0 B                0 B
├ ƒ /api/builder/billing/status                                               0 B                0 B
├ ƒ /api/builder/events                                                       0 B                0 B
├ ƒ /api/builder/events/[id]                                                  0 B                0 B
├ ƒ /api/builder/events/[id]/tasks                                            0 B                0 B
├ ƒ /api/builder/events/[id]/team                                             0 B                0 B
├ ƒ /api/builder/payouts/summary                                              0 B                0 B
├ ƒ /api/builder/stats                                                        0 B                0 B
├ ƒ /api/builder/stripe/callback                                              0 B                0 B
├ ƒ /api/builder/stripe/connect                                               0 B                0 B
├ ƒ /api/builder/stripe/dashboard                                             0 B                0 B
├ ƒ /api/builder/stripe/refresh                                               0 B                0 B
├ ƒ /api/builder/stripe/status                                                0 B                0 B
├ ƒ /api/builder/subscription/cancel                                          0 B                0 B
├ ƒ /api/builder/subscription/create                                          0 B                0 B
├ ƒ /api/builder/venue-bookings                                               0 B                0 B
├ ƒ /api/cron/settlement-runs/create                                          0 B                0 B
├ ƒ /api/demo/reset                                                           0 B                0 B
├ ƒ /api/errors/log                                                           0 B                0 B
├ ƒ /api/events/[eventId]/financials                                          0 B                0 B
├ ƒ /api/events/[eventId]/upload-checkins                                     0 B                0 B
├ ƒ /api/health                                                               0 B                0 B
├ ƒ /api/integrations/eventbrite/backfill                                     0 B                0 B
├ ƒ /api/integrations/eventbrite/callback                                     0 B                0 B
├ ƒ /api/integrations/eventbrite/connect                                      0 B                0 B
├ ƒ /api/integrations/eventbrite/events                                       0 B                0 B
├ ƒ /api/integrations/eventbrite/import                                       0 B                0 B
├ ƒ /api/integrations/eventbrite/link                                         0 B                0 B
├ ƒ /api/integrations/gmail/account                                           0 B                0 B
├ ƒ /api/integrations/gmail/callback                                          0 B                0 B
├ ƒ /api/integrations/gmail/connect                                           0 B                0 B
├ ƒ /api/integrations/ticketing/connections                                   0 B                0 B
├ ƒ /api/integrations/webhooks/luma                                           0 B                0 B
├ ƒ /api/integrations/webhooks/posh                                           0 B                0 B
├ ƒ /api/integrations/webhooks/setup                                          0 B                0 B
├ ƒ /api/internal/cron/venue-overdue-check                                    0 B                0 B
├ ƒ /api/internal/jobs/live-event-recompute                                   0 B                0 B
├ ƒ /api/internal/jobs/run                                                    0 B                0 B
├ ƒ /api/internal/jobs/venue-website-extraction                               0 B                0 B
├ ƒ /api/invoices/generate                                                    0 B                0 B
├ ƒ /api/jobs/run                                                             0 B                0 B
├ ƒ /api/messages/[threadId]                                                  0 B                0 B
├ ƒ /api/messages/read                                                        0 B                0 B
├ ƒ /api/messages/send                                                        0 B                0 B
├ ƒ /api/messages/threads                                                     0 B                0 B
├ ƒ /api/messages/threads/[threadId]                                          0 B                0 B
├ ƒ /api/messages/threads/[threadId]/read                                     0 B                0 B
├ ƒ /api/messages/threads/create                                              0 B                0 B
├ ƒ /api/messages/typing                                                      0 B                0 B
├ ƒ /api/messages/unread-count                                                0 B                0 B
├ ƒ /api/notifications                                                        0 B                0 B
├ ƒ /api/notifications/mark-all-read                                          0 B                0 B
├ ƒ /api/notifications/preferences                                            0 B                0 B
├ ƒ /api/onboarding/builder                                                   0 B                0 B
├ ƒ /api/onboarding/check                                                     0 B                0 B
├ ƒ /api/onboarding/vendor                                                    0 B                0 B
├ ƒ /api/onboarding/venue                                                     0 B                0 B
├ ƒ /api/opportunities/respond/[token]                                        0 B                0 B
├ ƒ /api/payments/capture                                                     0 B                0 B
├ ƒ /api/payments/confirm                                                     0 B                0 B
├ ƒ /api/payments/create-intent                                               0 B                0 B
├ ƒ /api/payments/history                                                     0 B                0 B
├ ƒ /api/payments/platform-fee                                                0 B                0 B
├ ƒ /api/payments/refund                                                      0 B                0 B
├ ƒ /api/payments/refund/calculate                                            0 B                0 B
├ ƒ /api/payments/refund/process                                              0 B                0 B
├ ƒ /api/payments/vendor                                                      0 B                0 B
├ ƒ /api/planner/analytics                                                    0 B                0 B
├ ƒ /api/planner/builder-attendance                                           0 B                0 B
├ ƒ /api/planner/builder-elasticity                                           0 B                0 B
├ ƒ /api/planner/data-connections/setup                                       0 B                0 B
├ ƒ /api/planner/events/[eventId]/commitments                                 0 B                0 B
├ ƒ /api/planner/events/[eventId]/commitments/[commitmentId]                  0 B                0 B
├ ƒ /api/planner/events/[eventId]/live                                        0 B                0 B
├ ƒ /api/planner/events/[eventId]/receipts                                    0 B                0 B
├ ƒ /api/planner/events/[eventId]/revenue-terms                               0 B                0 B
├ ƒ /api/planner/events/import                                                0 B                0 B
├ ƒ /api/planner/events/import/[importId]/csv                                 0 B                0 B
├ ƒ /api/planner/events/import/[importId]/finalize                            0 B                0 B
├ ƒ /api/planner/events/import/[importId]/screenshot                          0 B                0 B
├ ƒ /api/planner/integrations/posh                                            0 B                0 B
├ ƒ /api/planner/outreach/gmail-approval                                      0 B                0 B
├ ƒ /api/planner/outreach/gmail-approval/threads/[threadId]/modify            0 B                0 B
├ ƒ /api/planner/outreach/gmail-approval/threads/[threadId]/sync              0 B                0 B
├ ƒ /api/planner/payments/venue-rentals/summary                               0 B                0 B
├ ƒ /api/planner/plans                                                        0 B                0 B
├ ƒ /api/planner/plans/[planId]                                               0 B                0 B
├ ƒ /api/planner/plans/[planId]/activity                                      0 B                0 B
├ ƒ /api/planner/plans/[planId]/agent-actions                                 0 B                0 B
├ ƒ /api/planner/plans/[planId]/approvals                                     0 B                0 B
├ ƒ /api/planner/plans/[planId]/budget                                        0 B                0 B
├ ƒ /api/planner/plans/[planId]/custom-costs                                  0 B                0 B
├ ƒ /api/planner/plans/[planId]/event-report                                  0 B                0 B
├ ƒ /api/planner/plans/[planId]/messages                                      0 B                0 B
├ ƒ /api/planner/plans/[planId]/mobile-home                                   0 B                0 B
├ ƒ /api/planner/plans/[planId]/opportunities                                 0 B                0 B
├ ƒ /api/planner/plans/[planId]/opportunities/vendors                         0 B                0 B
├ ƒ /api/planner/plans/[planId]/opportunities/venues                          0 B                0 B
├ ƒ /api/planner/plans/[planId]/partnerships                                  0 B                0 B
├ ƒ /api/planner/plans/[planId]/payments/authorize                            0 B                0 B
├ ƒ /api/planner/plans/[planId]/recommend                                     0 B                0 B
├ ƒ /api/planner/plans/[planId]/recommendations                               0 B                0 B
├ ƒ /api/planner/plans/[planId]/refund-decision                               0 B                0 B
├ ƒ /api/planner/plans/[planId]/trigger-recommendations                       0 B                0 B
├ ƒ /api/planner/plans/[planId]/vendors/[vendorId]/rate                       0 B                0 B
├ ƒ /api/planner/plans/[planId]/venue-payment/[transactionId]/refund-request  0 B                0 B
├ ƒ /api/planner/plans/[planId]/venue-payment/checkout                        0 B                0 B
├ ƒ /api/planner/post-event/report                                            0 B                0 B
├ ƒ /api/planner/public-intake                                                0 B                0 B
├ ƒ /api/planner/settlement-runs/[runId]/attendance                           0 B                0 B
├ ƒ /api/planner/settlement-runs/[runId]/review                               0 B                0 B
├ ƒ /api/planner/templates                                                    0 B                0 B
├ ƒ /api/planner/templates/[id]/apply                                         0 B                0 B
├ ƒ /api/planner/ticketing/analytics                                          0 B                0 B
├ ƒ /api/vendor/analytics                                                     0 B                0 B
├ ƒ /api/vendor/availability                                                  0 B                0 B
├ ƒ /api/vendor/availability/[id]                                             0 B                0 B
├ ƒ /api/vendor/blocks                                                        0 B                0 B
├ ƒ /api/vendor/blocks/[id]                                                   0 B                0 B
├ ƒ /api/vendor/bookings                                                      0 B                0 B
├ ƒ /api/vendor/bookings/[id]                                                 0 B                0 B
├ ƒ /api/vendor/bookings/[id]/approve                                         0 B                0 B
├ ƒ /api/vendor/bookings/[id]/details                                         0 B                0 B
├ ƒ /api/vendor/bookings/[id]/reject                                          0 B                0 B
├ ƒ /api/vendor/claim                                                         0 B                0 B
├ ƒ /api/vendor/conflicts                                                     0 B                0 B
├ ƒ /api/vendor/deposit                                                       0 B                0 B
├ ƒ /api/vendor/invoices                                                      0 B                0 B
├ ƒ /api/vendor/invoices/[id]                                                 0 B                0 B
├ ƒ /api/vendor/invoices/[id]/pdf                                             0 B                0 B
├ ƒ /api/vendor/invoices/[id]/send                                            0 B                0 B
├ ƒ /api/vendor/payouts/summary                                               0 B                0 B
├ ƒ /api/vendor/reviews                                                       0 B                0 B
├ ƒ /api/vendor/reviews/[id]/respond                                          0 B                0 B
├ ƒ /api/vendor/services                                                      0 B                0 B
├ ƒ /api/vendor/services/[id]                                                 0 B                0 B
├ ƒ /api/vendor/services/[id]/photos                                          0 B                0 B
├ ƒ /api/vendor/stats                                                         0 B                0 B
├ ƒ /api/vendor/stripe/callback                                               0 B                0 B
├ ƒ /api/vendor/stripe/connect                                                0 B                0 B
├ ƒ /api/vendor/stripe/dashboard                                              0 B                0 B
├ ƒ /api/vendor/stripe/refresh                                                0 B                0 B
├ ƒ /api/vendor/stripe/status                                                 0 B                0 B
├ ƒ /api/vendors                                                              0 B                0 B
├ ƒ /api/vendors/[id]                                                         0 B                0 B
├ ƒ /api/vendors/featured                                                     0 B                0 B
├ ƒ /api/vendors/search                                                       0 B                0 B
├ ƒ /api/venue/amenities                                                      0 B                0 B
├ ƒ /api/venue/availability                                                   0 B                0 B
├ ƒ /api/venue/blocks                                                         0 B                0 B
├ ƒ /api/venue/blocks/[id]                                                    0 B                0 B
├ ƒ /api/venue/bookings/[id]                                                  0 B                0 B
├ ƒ /api/venue/bulk-approval/approve                                          0 B                0 B
├ ƒ /api/venue/bulk-approval/pending                                          0 B                0 B
├ ƒ /api/venue/bulk-approval/reject                                           0 B                0 B
├ ƒ /api/venue/bulk-approval/settings                                         0 B                0 B
├ ƒ /api/venue/community-host-incentive/[id]/checkout                         0 B                0 B
├ ƒ /api/venue/community-host-incentive/[id]/refund-request                   0 B                0 B
├ ƒ /api/venue/community-host-incentive/[id]/spend-report                     0 B                0 B
├ ƒ /api/venue/community-host-incentive/summary                               0 B                0 B
├ ƒ /api/venue/deposit                                                        0 B                0 B
├ ƒ /api/venue/kickbacks/[id]/checkout                                        0 B                0 B
├ ƒ /api/venue/kickbacks/[id]/refund-request                                  0 B                0 B
├ ƒ /api/venue/kickbacks/[id]/spend-report                                    0 B                0 B
├ ƒ /api/venue/kickbacks/summary                                              0 B                0 B
├ ƒ /api/venue/rentals/[transactionId]/refund-decision                        0 B                0 B
├ ƒ /api/venue/rentals/summary                                                0 B                0 B
├ ƒ /api/venue/requests                                                       0 B                0 B
├ ƒ /api/venue/rules                                                          0 B                0 B
├ ƒ /api/venue/stats                                                          0 B                0 B
├ ƒ /api/venue/stripe/callback                                                0 B                0 B
├ ƒ /api/venue/stripe/connect                                                 0 B                0 B
├ ƒ /api/venue/stripe/dashboard                                               0 B                0 B
├ ƒ /api/venue/stripe/refresh                                                 0 B                0 B
├ ƒ /api/venue/stripe/status                                                  0 B                0 B
├ ƒ /api/venue/unique-features                                                0 B                0 B
├ ƒ /api/venues                                                               0 B                0 B
├ ƒ /api/venues/search                                                        0 B                0 B
├ ƒ /api/webhooks/eventbrite                                                  0 B                0 B
├ ƒ /api/webhooks/luma                                                        0 B                0 B
├ ƒ /api/webhooks/partiful                                                    0 B                0 B
├ ƒ /api/webhooks/posh                                                        0 B                0 B
├ ƒ /api/webhooks/stripe                                                      0 B                0 B
├ ƒ /api/webhooks/stripe/connect                                              0 B                0 B
├ ƒ /auth/callback                                                            0 B                0 B
├ ○ /faq                                                                      362 B           164 kB
├ ƒ /login                                                                    359 B           162 kB
├ ƒ /login/[portal]                                                           7.95 kB         262 kB
├ ƒ /onboarding                                                               6.24 kB         211 kB
├ ○ /planner                                                                  518 B           258 kB
├ ○ /planner/analytics                                                        10.3 kB         191 kB
├ ○ /planner/billing                                                          6.69 kB         175 kB
├ ƒ /planner/events/[eventId]/costs                                           7.22 kB         176 kB
├ ƒ /planner/events/[eventId]/live                                            8.79 kB         231 kB
├ ƒ /planner/events/[eventId]/report                                          362 B           164 kB
├ ƒ /planner/events/[eventId]/revenue-terms                                   6.25 kB         175 kB
├ ƒ /planner/events/import                                                    8.45 kB         177 kB
├ ƒ /planner/experiences                                                      2.13 kB         173 kB
├ ƒ /planner/integrations/eventbrite                                          1.93 kB         176 kB
├ ƒ /planner/integrations/posh                                                5.93 kB         174 kB
├ ○ /planner/messages                                                         9.98 kB         245 kB
├ ○ /planner/new-plan                                                         518 B           258 kB
├ ○ /planner/outreach                                                         6.54 kB         177 kB
├ ○ /planner/payments                                                         8.43 kB         179 kB
├ ○ /planner/settings                                                         1.02 kB         182 kB
├ ○ /planner/settings/integrations                                            4.3 kB          175 kB
├ ƒ /planner/settlements                                                      4.17 kB         173 kB
├ ○ /planner/templates                                                        7.83 kB         176 kB
├ ○ /planner/tickets                                                          1.09 kB         190 kB
├ ○ /planner/vendors                                                          8.66 kB         201 kB
├ ƒ /planner/vendors/[vendorId]                                               5.93 kB         246 kB
├ ○ /planner/vendors/marketplace                                              4.83 kB         245 kB
├ ○ /planner/venues                                                           5.26 kB         198 kB
├ ƒ /planner/venues/[venueId]                                                 12.6 kB         273 kB
├ ○ /planner/venues/marketplace                                               7.88 kB         246 kB
├ ○ /pricing                                                                  362 B           164 kB
├ ○ /privacy                                                                  361 B           162 kB
├ ○ /robots.txt                                                               0 B                0 B
├ ƒ /signup                                                                   331 B           244 kB
├ ƒ /signup/[portal]                                                          331 B           244 kB
├ ƒ /sitemap.xml                                                              0 B                0 B
├ ○ /terms                                                                    362 B           162 kB
├ ƒ /v/respond/[token]                                                        8.33 kB         186 kB
├ ƒ /vendor                                                                   3.85 kB         189 kB
├ ƒ /vendor/analytics                                                         7.37 kB         176 kB
├ ƒ /vendor/bookings                                                          9.32 kB         239 kB
├ ƒ /vendor/calendar                                                          5.11 kB         235 kB
├ ƒ /vendor/claim                                                             7.2 kB          178 kB
├ ƒ /vendor/claim-pending                                                     362 B           162 kB
├ ƒ /vendor/payouts                                                           5.58 kB         178 kB
├ ƒ /vendor/pricing                                                           8.74 kB         269 kB
├ ƒ /vendor/requests                                                          363 B           162 kB
├ ƒ /vendor/services                                                          14.7 kB         272 kB
├ ƒ /venue                                                                    3.56 kB         189 kB
├ ƒ /venue/calendar                                                           7.83 kB         245 kB
├ ƒ /venue/claim-pending                                                      360 B           162 kB
├ ƒ /venue/confirmed                                                          6.94 kB         237 kB
├ ƒ /venue/listing                                                            10.4 kB         276 kB
├ ƒ /venue/payouts                                                            13.1 kB         185 kB
├ ƒ /venue/pricing                                                            6.54 kB         268 kB
├ ƒ /venue/requests                                                           2.79 kB         250 kB
├ ƒ /venue/requirements                                                       5.92 kB         244 kB
├ ƒ /venue/settings                                                           367 B           179 kB
├ ƒ /venue/settings/amenities                                                 2.57 kB         241 kB
├ ƒ /venue/settings/bulk-approval                                             908 B           241 kB
├ ƒ /venue/settings/deposits                                                  848 B           240 kB
├ ƒ /venue/settings/rules                                                     1.01 kB         240 kB
└ ƒ /venue/settings/unique-features                                           2.82 kB         239 kB
+ First Load JS shared by all                                                 161 kB
  ├ chunks/1357-cda13a1fb1229b0a.js                                           104 kB
  ├ chunks/fd9d1056-ee173974bf11bf66.js                                       53.8 kB
  └ other shared chunks (total)                                               3.81 kB


ƒ Middleware                                                                  137 kB

○  (Static)   prerendered as static content
ƒ  (Dynamic)  server-rendered on demand

