
> 3rdspace-webapp@0.1.0 build
> next build

  ▲ Next.js 14.2.35
  - Environments: .env.local
  - Experiments (use with caution):
    · optimizeCss
    · instrumentationHook

   Creating an optimized production build ...
[@sentry/nextjs] DEPRECATION WARNING: It is recommended renaming your `sentry.client.config.ts` file, or moving its content to `instrumentation-client.ts`. When using Turbopack `sentry.client.config.ts` will no longer work. Read more about the `instrumentation-client.ts` file: https://nextjs.org/docs/app/api-reference/file-conventions/instrumentation-client
[@sentry/nextjs - Node.js] Info: Sending telemetry data on issues and performance to Sentry. To disable telemetry, set `options.telemetry` to `false`.
(node:81333) [DEP0040] DeprecationWarning: The `punycode` module is deprecated. Please use a userland alternative instead.
(Use `node --trace-deprecation ...` to show where the warning was created)
> Found 714 files
> Analyzing 714 sources
> Analyzing completed in 0.066s
> Adding source map references
> Bundling completed in 1.526s
> Bundled 714 files for upload
> Bundle ID: 58003e0f-e2b1-58a6-bc63-07e00e2eb20f
> Optimizing completed in 0.097s
> Uploading completed in 1.393s
> Uploaded files to Sentry
> Processing completed in 0.201s
> File upload complete (processing pending on server)
> Organization: 3rdplace
> Projects: 3rdplace-web
> Release: 42c3a0f4a180589701aadb3167a6af5e478341ca
> Dist: None
> Upload type: artifact bundle

Source Map Upload Report
  Scripts
    ~/002f653b-8786-4814-8f83-1a81dde0c92d-305.js (sourcemap at 451.js.map, debug id 002f653b-8786-4814-8f83-1a81dde0c92d)
    ~/020a5058-7037-4063-aad5-50f9fecf70f9-64.js (sourcemap at page.js.map, debug id 020a5058-7037-4063-aad5-50f9fecf70f9)
    ~/02ece326-ddac-40b0-a3f9-68a62c30e623-266.js (sourcemap at route.js.map, debug id 02ece326-ddac-40b0-a3f9-68a62c30e623)
    ~/05145b08-1499-4a89-b51c-103e350e0972-53.js (sourcemap at page.js.map, debug id 05145b08-1499-4a89-b51c-103e350e0972)
    ~/055190bc-b6a5-46ee-b81e-830688b032ef-356.js (sourcemap at _error.js.map, debug id 055190bc-b6a5-46ee-b81e-830688b032ef)
    ~/05cf5af8-fe35-4305-9ead-90711bf1f8b5-282.js (sourcemap at 1419.js.map, debug id 05cf5af8-fe35-4305-9ead-90711bf1f8b5)
    ~/0681207f-e509-4179-9f04-b9816c454638-5.js (sourcemap at page.js.map, debug id 0681207f-e509-4179-9f04-b9816c454638)
    ~/069a3be9-2de8-45a9-b99c-7483b3f71dd7-320.js (sourcemap at 6095.js.map, debug id 069a3be9-2de8-45a9-b99c-7483b3f71dd7)
    ~/087baaba-55c6-46d6-b7c4-dd770bd3c3cd-202.js (sourcemap at route.js.map, debug id 087baaba-55c6-46d6-b7c4-dd770bd3c3cd)
    ~/0966f26f-ebb4-4248-8fce-886215a76f64-61.js (sourcemap at page.js.map, debug id 0966f26f-ebb4-4248-8fce-886215a76f64)
    ~/09c5b429-95fc-42ca-aadb-422052b1d5b8-128.js (sourcemap at route.js.map, debug id 09c5b429-95fc-42ca-aadb-422052b1d5b8)
    ~/09f67ff1-8b1a-4fa2-bdb8-5f4a8f77332a-210.js (sourcemap at route.js.map, debug id 09f67ff1-8b1a-4fa2-bdb8-5f4a8f77332a)
    ~/0a7d9871-27e6-4568-881b-90e11d5958a0-229.js (sourcemap at route.js.map, debug id 0a7d9871-27e6-4568-881b-90e11d5958a0)
    ~/0a888826-7ce2-4044-99bc-6af22bd95c14-62.js (sourcemap at page.js.map, debug id 0a888826-7ce2-4044-99bc-6af22bd95c14)
    ~/0be67bd1-ee3a-41d4-84b3-93f91b9d7b9a-37.js (sourcemap at page.js.map, debug id 0be67bd1-ee3a-41d4-84b3-93f91b9d7b9a)
    ~/0d23dc9d-09b6-422f-9479-f1377db3f380-293.js (sourcemap at 2941.js.map, debug id 0d23dc9d-09b6-422f-9479-f1377db3f380)
    ~/0e06f541-8b49-4192-ab1b-2fe5b1efbe96-11.js (sourcemap at page.js.map, debug id 0e06f541-8b49-4192-ab1b-2fe5b1efbe96)
    ~/0e811e78-8809-4997-bf2c-fb332abc3db6-122.js (sourcemap at route.js.map, debug id 0e811e78-8809-4997-bf2c-fb332abc3db6)
    ~/0f3fb371-2234-41c6-a787-e423a6c62458-189.js (sourcemap at route.js.map, debug id 0f3fb371-2234-41c6-a787-e423a6c62458)
    ~/10061efd-d27b-409c-95c3-67424612c63b-104.js (sourcemap at route.js.map, debug id 10061efd-d27b-409c-95c3-67424612c63b)
    ~/1022403b-a132-4c70-aaf6-d9f3d1c1a981-51.js (sourcemap at page.js.map, debug id 1022403b-a132-4c70-aaf6-d9f3d1c1a981)
    ~/125e760a-5dce-4fe2-9435-3f0a47659d92-186.js (sourcemap at route.js.map, debug id 125e760a-5dce-4fe2-9435-3f0a47659d92)
    ~/1275ac20-2d75-4043-93f7-126256d2089f-319.js (sourcemap at 6077.js.map, debug id 1275ac20-2d75-4043-93f7-126256d2089f)
    ~/170d99b6-da29-4a1a-a5f3-73143998b456-111.js (sourcemap at route.js.map, debug id 170d99b6-da29-4a1a-a5f3-73143998b456)
    ~/175f2f05-1e5e-4754-b3b4-57aabcea42d8-237.js (sourcemap at route.js.map, debug id 175f2f05-1e5e-4754-b3b4-57aabcea42d8)
    ~/1761f397-74e8-4c69-bb07-18846721edab-315.js (sourcemap at 5363.js.map, debug id 1761f397-74e8-4c69-bb07-18846721edab)
    ~/179d647a-def3-45d4-87f1-ca906758d41c-209.js (sourcemap at route.js.map, debug id 179d647a-def3-45d4-87f1-ca906758d41c)
    ~/1809311e-15df-4a5b-a260-d8b1e91368cf-183.js (sourcemap at route.js.map, debug id 1809311e-15df-4a5b-a260-d8b1e91368cf)
    ~/18bd5828-b67c-48df-91cc-20388343ab51-299.js (sourcemap at 3877.js.map, debug id 18bd5828-b67c-48df-91cc-20388343ab51)
    ~/1977739d-033d-482a-81ea-9fb81035dfdd-198.js (sourcemap at route.js.map, debug id 1977739d-033d-482a-81ea-9fb81035dfdd)
    ~/1a5f6dc1-3c84-4f3a-bbd6-653f3b450376-190.js (sourcemap at route.js.map, debug id 1a5f6dc1-3c84-4f3a-bbd6-653f3b450376)
    ~/1bf94694-9b8f-43b5-b0c2-9788762383dd-69.js (sourcemap at page.js.map, debug id 1bf94694-9b8f-43b5-b0c2-9788762383dd)
    ~/1d011ab9-ebc0-4c37-ae67-79bdfd494ae0-258.js (sourcemap at route.js.map, debug id 1d011ab9-ebc0-4c37-ae67-79bdfd494ae0)
    ~/1d09a97b-b3ee-4100-ab2c-b09ffd4ddb0f-188.js (sourcemap at route.js.map, debug id 1d09a97b-b3ee-4100-ab2c-b09ffd4ddb0f)
    ~/1d73ba60-061c-4f56-b9f8-d5802b272d22-275.js (sourcemap at route.js.map, debug id 1d73ba60-061c-4f56-b9f8-d5802b272d22)
    ~/1e28a685-0dad-47c1-8bd9-94526c1964ae-301.js (sourcemap at 4345.js.map, debug id 1e28a685-0dad-47c1-8bd9-94526c1964ae)
    ~/1e503bdb-6889-44b5-8945-76472d25eddc-108.js (sourcemap at route.js.map, debug id 1e503bdb-6889-44b5-8945-76472d25eddc)
    ~/1e611099-ba97-4c7d-8523-eb100210b870-182.js (sourcemap at route.js.map, debug id 1e611099-ba97-4c7d-8523-eb100210b870)
    ~/1ebd1522-e09c-4134-8cae-649652abbda8-94.js (sourcemap at route.js.map, debug id 1ebd1522-e09c-4134-8cae-649652abbda8)
    ~/1ebfd1c6-abb2-49bf-9cc2-7d16c18bcd81-97.js (sourcemap at route.js.map, debug id 1ebfd1c6-abb2-49bf-9cc2-7d16c18bcd81)
    ~/2026f649-007a-4f6f-acd0-874ab0a6f35e-70.js (sourcemap at page.js.map, debug id 2026f649-007a-4f6f-acd0-874ab0a6f35e)
    ~/209477b5-af90-4b3f-932b-c1c352d5c63b-77.js (sourcemap at route.js.map, debug id 209477b5-af90-4b3f-932b-c1c352d5c63b)
    ~/20cf088c-4e34-4aee-8bbf-84334c8acc87-106.js (sourcemap at route.js.map, debug id 20cf088c-4e34-4aee-8bbf-84334c8acc87)
    ~/23101896-768a-4dc0-8652-1ccfc604a184-179.js (sourcemap at route.js.map, debug id 23101896-768a-4dc0-8652-1ccfc604a184)
    ~/24897c7e-528e-40ee-9013-8997ede6809e-339.js (sourcemap at 8210.js.map, debug id 24897c7e-528e-40ee-9013-8997ede6809e)
    ~/24c8dafe-7e0a-4891-9ac6-e4faeee23af2-74.js (sourcemap at page.js.map, debug id 24c8dafe-7e0a-4891-9ac6-e4faeee23af2)
    ~/252169b4-d300-409a-bf3b-952016f78cfc-48.js (sourcemap at page.js.map, debug id 252169b4-d300-409a-bf3b-952016f78cfc)
    ~/26971652-331d-4d61-9508-3f2d1b6eba22-137.js (sourcemap at route.js.map, debug id 26971652-331d-4d61-9508-3f2d1b6eba22)
    ~/27323fbc-323b-4ba6-bb6e-8258f155eb1a-289.js (sourcemap at 2459.js.map, debug id 27323fbc-323b-4ba6-bb6e-8258f155eb1a)
    ~/28bdae2e-32ac-4a69-9ff6-86f224164236-244.js (sourcemap at route.js.map, debug id 28bdae2e-32ac-4a69-9ff6-86f224164236)
    ~/28fd7ef4-a4a1-45a4-963e-01d31e854433-264.js (sourcemap at route.js.map, debug id 28fd7ef4-a4a1-45a4-963e-01d31e854433)
    ~/29072c89-2713-401f-8ad3-81eb1144a764-238.js (sourcemap at route.js.map, debug id 29072c89-2713-401f-8ad3-81eb1144a764)
    ~/29af8455-56b0-4d4a-a99b-fc5c547bd0c0-39.js (sourcemap at page.js.map, debug id 29af8455-56b0-4d4a-a99b-fc5c547bd0c0)
    ~/2a0a1edc-f298-4f4c-be6b-e7d37e7eade4-298.js (sourcemap at 3611.js.map, debug id 2a0a1edc-f298-4f4c-be6b-e7d37e7eade4)
    ~/2ac0e0ae-00d4-4b3b-bdde-abc4ea12bcb9-277.js (sourcemap at page.js.map, debug id 2ac0e0ae-00d4-4b3b-bdde-abc4ea12bcb9)
    ~/2b2f06e7-d84c-4caf-815d-4e52ab65ff10-224.js (sourcemap at route.js.map, debug id 2b2f06e7-d84c-4caf-815d-4e52ab65ff10)
    ~/2d40ab04-e43e-4c0e-8568-7d7326a0de08-115.js (sourcemap at route.js.map, debug id 2d40ab04-e43e-4c0e-8568-7d7326a0de08)
    ~/2d4d2ce6-ee4a-4009-b8cd-b2871613e61a-343.js (sourcemap at 8612.js.map, debug id 2d4d2ce6-ee4a-4009-b8cd-b2871613e61a)
    ~/2e4ca229-2cc9-4ecd-9f48-5dfcb675a926-279.js (sourcemap at 1164.js.map, debug id 2e4ca229-2cc9-4ecd-9f48-5dfcb675a926)
    ~/2e9f7e81-e862-49f4-8a93-3576f8aefb64-271.js (sourcemap at route.js.map, debug id 2e9f7e81-e862-49f4-8a93-3576f8aefb64)
    ~/2eb2702d-61c6-4f39-a505-d1fd39e2d361-255.js (sourcemap at route.js.map, debug id 2eb2702d-61c6-4f39-a505-d1fd39e2d361)
    ~/2f3ebf01-8835-4ed1-8871-a6b86b9fcbf7-71.js (sourcemap at page.js.map, debug id 2f3ebf01-8835-4ed1-8871-a6b86b9fcbf7)
    ~/2f7c0d96-66d9-4bf7-9cf3-9721f8cab3c5-310.js (sourcemap at 4894.js.map, debug id 2f7c0d96-66d9-4bf7-9cf3-9721f8cab3c5)
    ~/31ff2d39-d03b-450d-a28b-02085e3da5fe-249.js (sourcemap at route.js.map, debug id 31ff2d39-d03b-450d-a28b-02085e3da5fe)
    ~/329a1f6d-7891-423d-bf3a-1289c38d944e-306.js (sourcemap at 463.js.map, debug id 329a1f6d-7891-423d-bf3a-1289c38d944e)
    ~/33436e8d-38d8-4c06-90f3-d4dac037e7d3-19.js (sourcemap at page.js.map, debug id 33436e8d-38d8-4c06-90f3-d4dac037e7d3)
    ~/336d6964-06b8-4162-89ba-6c88dd564b35-81.js (sourcemap at route.js.map, debug id 336d6964-06b8-4162-89ba-6c88dd564b35)
    ~/35afc700-7ad7-4a1d-82bc-c466184658cb-177.js (sourcemap at route.js.map, debug id 35afc700-7ad7-4a1d-82bc-c466184658cb)
    ~/3687e7c0-4b5a-477f-bc15-e304d8da570e-41.js (sourcemap at page.js.map, debug id 3687e7c0-4b5a-477f-bc15-e304d8da570e)
    ~/369248a6-631a-4d64-8295-2161df4b7f45-158.js (sourcemap at route.js.map, debug id 369248a6-631a-4d64-8295-2161df4b7f45)
    ~/36f1bfe5-47fe-40e4-a045-95465d536f8b-123.js (sourcemap at route.js.map, debug id 36f1bfe5-47fe-40e4-a045-95465d536f8b)
    ~/37584573-67a8-441e-93b2-ce600a64bccb-17.js (sourcemap at page.js.map, debug id 37584573-67a8-441e-93b2-ce600a64bccb)
    ~/37bc50e7-def4-498b-9977-b225bbf69a56-338.js (sourcemap at 821.js.map, debug id 37bc50e7-def4-498b-9977-b225bbf69a56)
    ~/383f1b58-cc38-494d-8b38-10811b58390b-321.js (sourcemap at 6157.js.map, debug id 383f1b58-cc38-494d-8b38-10811b58390b)
    ~/38842a7b-f482-46e3-b76e-33cbb1a4e509-235.js (sourcemap at route.js.map, debug id 38842a7b-f482-46e3-b76e-33cbb1a4e509)
    ~/3890c6ad-e79b-4249-920c-9dee06e97923-344.js (sourcemap at 8673.js.map, debug id 3890c6ad-e79b-4249-920c-9dee06e97923)
    ~/389a541f-369c-46d1-a776-0c7d9316ebaa-246.js (sourcemap at route.js.map, debug id 389a541f-369c-46d1-a776-0c7d9316ebaa)
    ~/38b816e6-d9d8-4527-9bff-d278516e47a5-215.js (sourcemap at route.js.map, debug id 38b816e6-d9d8-4527-9bff-d278516e47a5)
    ~/399d508d-9bfd-41a6-9e0e-7e2458e41cac-341.js (sourcemap at 8387.js.map, debug id 399d508d-9bfd-41a6-9e0e-7e2458e41cac)
    ~/3a285f1c-6185-4337-b3b2-a553642e3fba-194.js (sourcemap at route.js.map, debug id 3a285f1c-6185-4337-b3b2-a553642e3fba)
    ~/3ad588a2-9c5b-4ac8-981b-ad8005d61dcf-152.js (sourcemap at route.js.map, debug id 3ad588a2-9c5b-4ac8-981b-ad8005d61dcf)
    ~/3ae3334d-5771-4237-9ba8-26ef955d4e67-109.js (sourcemap at route.js.map, debug id 3ae3334d-5771-4237-9ba8-26ef955d4e67)
    ~/3b3176b9-c0cb-4566-8658-7224d6f4966b-140.js (sourcemap at route.js.map, debug id 3b3176b9-c0cb-4566-8658-7224d6f4966b)
    ~/3c43b139-aa64-42b8-a29c-33eb2b762d8e-75.js (sourcemap at route.js.map, debug id 3c43b139-aa64-42b8-a29c-33eb2b762d8e)
    ~/3cf11751-f834-4361-96d7-cbd02ac29685-285.js (sourcemap at 2275.js.map, debug id 3cf11751-f834-4361-96d7-cbd02ac29685)
    ~/3daf93fa-1ec7-4c21-b32d-bb0cd664b53c-221.js (sourcemap at route.js.map, debug id 3daf93fa-1ec7-4c21-b32d-bb0cd664b53c)
    ~/3e3423b4-4534-45bc-a02f-8ca6908d591a-217.js (sourcemap at route.js.map, debug id 3e3423b4-4534-45bc-a02f-8ca6908d591a)
    ~/3e65ba02-89e4-4d0d-838a-74de43837662-193.js (sourcemap at route.js.map, debug id 3e65ba02-89e4-4d0d-838a-74de43837662)
    ~/3e7e524e-aa71-448e-8d22-daf2f9bdf5ee-163.js (sourcemap at route.js.map, debug id 3e7e524e-aa71-448e-8d22-daf2f9bdf5ee)
    ~/3ea74b55-4000-4a7a-9662-6f19d2bb3847-314.js (sourcemap at 5320.js.map, debug id 3ea74b55-4000-4a7a-9662-6f19d2bb3847)
    ~/3f92e4e5-d8cd-4e1f-8843-b288c495e81a-191.js (sourcemap at route.js.map, debug id 3f92e4e5-d8cd-4e1f-8843-b288c495e81a)
    ~/40e168ac-deaf-43b3-a9c4-58cf7c32d73b-159.js (sourcemap at route.js.map, debug id 40e168ac-deaf-43b3-a9c4-58cf7c32d73b)
    ~/4250568c-2431-4bcd-9889-6f70119febfc-126.js (sourcemap at route.js.map, debug id 4250568c-2431-4bcd-9889-6f70119febfc)
    ~/433095d5-aac7-4c26-aa1d-d5750df614d2-18.js (sourcemap at page.js.map, debug id 433095d5-aac7-4c26-aa1d-d5750df614d2)
    ~/435f3f80-5207-4528-993d-eeb6191591c2-214.js (sourcemap at route.js.map, debug id 435f3f80-5207-4528-993d-eeb6191591c2)
    ~/43efd33c-aedb-4781-9857-109e8f784825-325.js (sourcemap at 6621.js.map, debug id 43efd33c-aedb-4781-9857-109e8f784825)
    ~/4406e79c-3c04-404e-be25-69122ecd2476-349.js (sourcemap at 939.js.map, debug id 4406e79c-3c04-404e-be25-69122ecd2476)
    ~/440c640f-0cd5-4b81-8712-2946ef02092a-114.js (sourcemap at route.js.map, debug id 440c640f-0cd5-4b81-8712-2946ef02092a)
    ~/47f90ec4-4fa8-4083-83ea-a6a353cd2091-180.js (sourcemap at route.js.map, debug id 47f90ec4-4fa8-4083-83ea-a6a353cd2091)
    ~/47fb12ed-1c52-40ea-b7f8-840ee940c5c3-213.js (sourcemap at route.js.map, debug id 47fb12ed-1c52-40ea-b7f8-840ee940c5c3)
    ~/49f9265d-f074-4cd2-a1dc-129d2ca12656-30.js (sourcemap at page.js.map, debug id 49f9265d-f074-4cd2-a1dc-129d2ca12656)
    ~/4a2d6e44-9eea-4968-af7a-e2a6bd386eed-162.js (sourcemap at route.js.map, debug id 4a2d6e44-9eea-4968-af7a-e2a6bd386eed)
    ~/4abae222-d846-445d-9281-e2b0e49e10be-267.js (sourcemap at route.js.map, debug id 4abae222-d846-445d-9281-e2b0e49e10be)
    ~/4abc68e7-5512-467e-912b-6de9c78b621e-234.js (sourcemap at route.js.map, debug id 4abc68e7-5512-467e-912b-6de9c78b621e)
    ~/4ad7591f-103a-4a58-ac5d-3dc7fb52e1a9-165.js (sourcemap at route.js.map, debug id 4ad7591f-103a-4a58-ac5d-3dc7fb52e1a9)
    ~/4b360779-8858-43ab-9fca-a5b8b880f83c-88.js (sourcemap at route.js.map, debug id 4b360779-8858-43ab-9fca-a5b8b880f83c)
    ~/4b6f2cb3-7808-40ae-8286-730cf3295515-124.js (sourcemap at route.js.map, debug id 4b6f2cb3-7808-40ae-8286-730cf3295515)
    ~/4cd49dfd-cbd3-4f84-815f-1e9e4305129b-327.js (sourcemap at 7037.js.map, debug id 4cd49dfd-cbd3-4f84-815f-1e9e4305129b)
    ~/4f1d5318-bb96-4729-b045-92c6c7d10202-7.js (sourcemap at page.js.map, debug id 4f1d5318-bb96-4729-b045-92c6c7d10202)
    ~/50536649-c9b4-44ec-b30e-057ecafaf6e4-98.js (sourcemap at route.js.map, debug id 50536649-c9b4-44ec-b30e-057ecafaf6e4)
    ~/50b08e55-55ca-4e77-9320-50f63583b3cc-3.js (sourcemap at page.js.map, debug id 50b08e55-55ca-4e77-9320-50f63583b3cc)
    ~/50d13090-ced8-49df-acf5-463a753929ef-173.js (sourcemap at route.js.map, debug id 50d13090-ced8-49df-acf5-463a753929ef)
    ~/522554e6-baa5-4253-9c95-9d8122327308-169.js (sourcemap at route.js.map, debug id 522554e6-baa5-4253-9c95-9d8122327308)
    ~/52ce3363-4a44-40ac-9334-08998c5cbade-199.js (sourcemap at route.js.map, debug id 52ce3363-4a44-40ac-9334-08998c5cbade)
    ~/545a8418-c13b-44c8-9ad6-1683455c1981-65.js (sourcemap at page.js.map, debug id 545a8418-c13b-44c8-9ad6-1683455c1981)
    ~/55799200-2726-466a-9090-d1d6aa1f49eb-265.js (sourcemap at route.js.map, debug id 55799200-2726-466a-9090-d1d6aa1f49eb)
    ~/56c75a97-fb43-4de8-93b2-f721fb54ef4f-6.js (sourcemap at page.js.map, debug id 56c75a97-fb43-4de8-93b2-f721fb54ef4f)
    ~/571707fb-b033-49bb-b44a-86e735db533d-312.js (sourcemap at 5145.js.map, debug id 571707fb-b033-49bb-b44a-86e735db533d)
    ~/57cc3b4d-701f-4f60-930b-9ed979190956-176.js (sourcemap at route.js.map, debug id 57cc3b4d-701f-4f60-930b-9ed979190956)
    ~/57e3bb9d-0e61-4237-87e7-28862785ec54-208.js (sourcemap at route.js.map, debug id 57e3bb9d-0e61-4237-87e7-28862785ec54)
    ~/58385afc-b3d9-4b91-8073-f990eea24a3a-256.js (sourcemap at route.js.map, debug id 58385afc-b3d9-4b91-8073-f990eea24a3a)
    ~/58b3ee72-9afa-4013-8be3-29097b97f6ed-14.js (sourcemap at page.js.map, debug id 58b3ee72-9afa-4013-8be3-29097b97f6ed)
    ~/5b6199ca-cbc8-4dc4-bd82-e407ffbe5103-254.js (sourcemap at route.js.map, debug id 5b6199ca-cbc8-4dc4-bd82-e407ffbe5103)
    ~/5ba64476-37a9-4f52-82d7-c6a75a834aad-245.js (sourcemap at route.js.map, debug id 5ba64476-37a9-4f52-82d7-c6a75a834aad)
    ~/5bef5a5d-667b-419d-a9dc-11282cedf1d4-59.js (sourcemap at page.js.map, debug id 5bef5a5d-667b-419d-a9dc-11282cedf1d4)
    ~/5e20275d-9e90-4ddf-a06e-17e92d1dc894-252.js (sourcemap at route.js.map, debug id 5e20275d-9e90-4ddf-a06e-17e92d1dc894)
    ~/5e765395-c319-493b-9700-7a7aa7b1f1f9-241.js (sourcemap at route.js.map, debug id 5e765395-c319-493b-9700-7a7aa7b1f1f9)
    ~/5fa36bd2-25fd-48c7-906a-bdf8972a9fb5-147.js (sourcemap at route.js.map, debug id 5fa36bd2-25fd-48c7-906a-bdf8972a9fb5)
    ~/62c8e33c-caf8-4376-8a06-822d0f565dcb-288.js (sourcemap at 2438.js.map, debug id 62c8e33c-caf8-4376-8a06-822d0f565dcb)
    ~/63934ff5-9c74-4427-92df-00476ccc4cf5-219.js (sourcemap at route.js.map, debug id 63934ff5-9c74-4427-92df-00476ccc4cf5)
    ~/642a70bf-b0e9-4982-9447-ee7d32f226d0-155.js (sourcemap at route.js.map, debug id 642a70bf-b0e9-4982-9447-ee7d32f226d0)
    ~/64d2367a-c337-45d5-9d4c-95af5e22f786-236.js (sourcemap at route.js.map, debug id 64d2367a-c337-45d5-9d4c-95af5e22f786)
    ~/65d67a40-c84e-47a0-9f9d-82a695cb9760-322.js (sourcemap at 6242.js.map, debug id 65d67a40-c84e-47a0-9f9d-82a695cb9760)
    ~/65da9b9e-eef7-40bf-8579-68588530c865-119.js (sourcemap at route.js.map, debug id 65da9b9e-eef7-40bf-8579-68588530c865)
    ~/672da7ee-0df6-4928-979f-debaa1659628-73.js (sourcemap at page.js.map, debug id 672da7ee-0df6-4928-979f-debaa1659628)
    ~/6976a9fb-d334-4e50-95a8-5ada4fdb3112-8.js (sourcemap at page.js.map, debug id 6976a9fb-d334-4e50-95a8-5ada4fdb3112)
    ~/6a153997-c2b5-40ed-b349-194b91c262dd-205.js (sourcemap at route.js.map, debug id 6a153997-c2b5-40ed-b349-194b91c262dd)
    ~/6a7573e2-6cdb-437b-b48d-babb69d515a8-16.js (sourcemap at page.js.map, debug id 6a7573e2-6cdb-437b-b48d-babb69d515a8)
    ~/6ac29400-11f6-4fcf-8242-23f69a0179fb-294.js (sourcemap at 2999.js.map, debug id 6ac29400-11f6-4fcf-8242-23f69a0179fb)
    ~/6b0e4912-8f29-43d0-9232-37540e79f662-31.js (sourcemap at page.js.map, debug id 6b0e4912-8f29-43d0-9232-37540e79f662)
    ~/6be39ae6-c252-4c48-b2e1-d97c4ddf69c6-24.js (sourcemap at page.js.map, debug id 6be39ae6-c252-4c48-b2e1-d97c4ddf69c6)
    ~/6c0d16a2-0fd4-4716-a2b9-7af7b73d012a-83.js (sourcemap at route.js.map, debug id 6c0d16a2-0fd4-4716-a2b9-7af7b73d012a)
    ~/6c2b7b99-aa84-4d3c-bbc8-d02eb533df4e-23.js (sourcemap at page.js.map, debug id 6c2b7b99-aa84-4d3c-bbc8-d02eb533df4e)
    ~/6d24b2f5-8199-46b8-ad93-9bde97985cd9-240.js (sourcemap at route.js.map, debug id 6d24b2f5-8199-46b8-ad93-9bde97985cd9)
    ~/6ed5bfe9-e814-4f6f-b246-7c65f441863e-141.js (sourcemap at route.js.map, debug id 6ed5bfe9-e814-4f6f-b246-7c65f441863e)
    ~/6f1bf0ee-5e7b-4934-9d15-53f3b458c730-46.js (sourcemap at page.js.map, debug id 6f1bf0ee-5e7b-4934-9d15-53f3b458c730)
    ~/71618830-42cd-4e45-81d3-ff538f55f038-336.js (sourcemap at 8025.js.map, debug id 71618830-42cd-4e45-81d3-ff538f55f038)
    ~/71d9d0ac-138f-4e09-aac5-10769b7f202f-84.js (sourcemap at route.js.map, debug id 71d9d0ac-138f-4e09-aac5-10769b7f202f)
    ~/72b28bfd-e37c-43d7-a766-1c89add198f4-251.js (sourcemap at route.js.map, debug id 72b28bfd-e37c-43d7-a766-1c89add198f4)
    ~/7323cc6d-f26f-42e9-9a18-44775dd63fb2-175.js (sourcemap at route.js.map, debug id 7323cc6d-f26f-42e9-9a18-44775dd63fb2)
    ~/735a623f-c403-4cca-85ce-f8ba84c92b9f-22.js (sourcemap at page.js.map, debug id 735a623f-c403-4cca-85ce-f8ba84c92b9f)
    ~/738e446e-7bfb-4df5-921e-c24d6b6a7af7-308.js (sourcemap at 4704.js.map, debug id 738e446e-7bfb-4df5-921e-c24d6b6a7af7)
    ~/745a2da0-fc52-4303-91d3-f7860ed27f43-348.js (sourcemap at 9291.js.map, debug id 745a2da0-fc52-4303-91d3-f7860ed27f43)
    ~/7543ae03-9b92-4fff-8127-699a2b21727f-357.js (no sourcemap found, debug id 7543ae03-9b92-4fff-8127-699a2b21727f)
      - warning: could not determine a source map reference (Could not auto-detect referenced sourcemap for ~/7543ae03-9b92-4fff-8127-699a2b21727f-357.js)
    ~/7570412a-b1c8-4e5d-87f8-9476ffd96d40-318.js (sourcemap at 6074.js.map, debug id 7570412a-b1c8-4e5d-87f8-9476ffd96d40)
    ~/76256453-aae2-4541-a6b6-dcbc98e8edbd-138.js (sourcemap at route.js.map, debug id 76256453-aae2-4541-a6b6-dcbc98e8edbd)
    ~/76e6f3ec-dc71-43c0-baee-485a4a8c2150-228.js (sourcemap at route.js.map, debug id 76e6f3ec-dc71-43c0-baee-485a4a8c2150)
    ~/76f11df1-4f86-4d9c-8afb-e248171458f3-76.js (sourcemap at route.js.map, debug id 76f11df1-4f86-4d9c-8afb-e248171458f3)
    ~/770782b6-08d2-4e93-a555-a8c9d3624ecd-250.js (sourcemap at route.js.map, debug id 770782b6-08d2-4e93-a555-a8c9d3624ecd)
    ~/78d75680-20f8-4ca3-98ab-a24477023d6e-302.js (sourcemap at 4422.js.map, debug id 78d75680-20f8-4ca3-98ab-a24477023d6e)
    ~/78fe0190-ad67-484d-8202-95db834c328c-136.js (sourcemap at route.js.map, debug id 78fe0190-ad67-484d-8202-95db834c328c)
    ~/7a37859d-f0e7-4273-be74-6edbe2cc840c-331.js (sourcemap at 7386.js.map, debug id 7a37859d-f0e7-4273-be74-6edbe2cc840c)
    ~/7ad64435-2c37-4871-a687-06e0d917bd3d-287.js (sourcemap at 2428.js.map, debug id 7ad64435-2c37-4871-a687-06e0d917bd3d)
    ~/7ba969f2-c5c3-401f-9c1b-5e50ad9486b7-132.js (sourcemap at route.js.map, debug id 7ba969f2-c5c3-401f-9c1b-5e50ad9486b7)
    ~/7c3ed649-b64b-4d9d-a616-9fb05fb90039-227.js (sourcemap at route.js.map, debug id 7c3ed649-b64b-4d9d-a616-9fb05fb90039)
    ~/7d466fd9-35bd-42ef-8665-a4f34076a9e8-248.js (sourcemap at route.js.map, debug id 7d466fd9-35bd-42ef-8665-a4f34076a9e8)
    ~/7dd8961c-c7fe-4c71-a2e4-a9cd9ad5209d-307.js (sourcemap at 4693.js.map, debug id 7dd8961c-c7fe-4c71-a2e4-a9cd9ad5209d)
    ~/7e31bc2b-2fcf-43a6-9fff-5753eb8f5149-32.js (sourcemap at page.js.map, debug id 7e31bc2b-2fcf-43a6-9fff-5753eb8f5149)
    ~/8191155b-a106-4ca8-a7a2-30598797fe57-316.js (sourcemap at 5846.js.map, debug id 8191155b-a106-4ca8-a7a2-30598797fe57)
    ~/82408af3-b406-4e82-89de-73cb052ded2a-216.js (sourcemap at route.js.map, debug id 82408af3-b406-4e82-89de-73cb052ded2a)
    ~/82d0924f-33b6-4aa0-bc1b-d2c33b6fb496-60.js (sourcemap at page.js.map, debug id 82d0924f-33b6-4aa0-bc1b-d2c33b6fb496)
    ~/82f5c1c3-9312-41c2-86ac-67c0d4fce841-143.js (sourcemap at route.js.map, debug id 82f5c1c3-9312-41c2-86ac-67c0d4fce841)
    ~/82f8bdb7-c9c6-44e3-a5d0-3bd5a5247e49-89.js (sourcemap at route.js.map, debug id 82f8bdb7-c9c6-44e3-a5d0-3bd5a5247e49)
    ~/862cb897-e3fa-48a1-9ee1-f02c7a6b10b1-50.js (sourcemap at page.js.map, debug id 862cb897-e3fa-48a1-9ee1-f02c7a6b10b1)
    ~/87315e41-0094-4803-8c2e-d39e89a04a75-15.js (sourcemap at page.js.map, debug id 87315e41-0094-4803-8c2e-d39e89a04a75)
    ~/87344a36-4484-4d8e-ac54-bb9969adba16-330.js (sourcemap at 7208.js.map, debug id 87344a36-4484-4d8e-ac54-bb9969adba16)
    ~/89b8f13c-ffcd-4880-9aa5-ec1066761c97-353.js (sourcemap at instrumentation.js.map, debug id 89b8f13c-ffcd-4880-9aa5-ec1066761c97)
    ~/8a286d23-9d51-43e6-ae0e-273af8769a6e-201.js (sourcemap at route.js.map, debug id 8a286d23-9d51-43e6-ae0e-273af8769a6e)
    ~/8c8c0b53-2388-4adc-ade3-b49790de3df1-184.js (sourcemap at route.js.map, debug id 8c8c0b53-2388-4adc-ade3-b49790de3df1)
    ~/8d094c15-4205-4417-b2ad-2b29c29bc8f2-337.js (sourcemap at 8050.js.map, debug id 8d094c15-4205-4417-b2ad-2b29c29bc8f2)
    ~/8d1baa3e-c9d9-459a-b620-4669a1c70613-101.js (sourcemap at route.js.map, debug id 8d1baa3e-c9d9-459a-b620-4669a1c70613)
    ~/8d58676e-8b76-41d5-a90d-38ff325a8df4-113.js (sourcemap at route.js.map, debug id 8d58676e-8b76-41d5-a90d-38ff325a8df4)
    ~/8d95b7cf-3f4b-47da-8ab9-be917c31c826-284.js (sourcemap at 2006.js.map, debug id 8d95b7cf-3f4b-47da-8ab9-be917c31c826)
    ~/8d9750cf-00d6-4bc8-80df-a8b2c3c7aa07-26.js (sourcemap at page.js.map, debug id 8d9750cf-00d6-4bc8-80df-a8b2c3c7aa07)
    ~/8dade2ec-245f-48ab-ae61-0b379e79dc45-274.js (sourcemap at route.js.map, debug id 8dade2ec-245f-48ab-ae61-0b379e79dc45)
    ~/8dc42e3b-2228-446f-951c-58d629ae5644-96.js (sourcemap at route.js.map, debug id 8dc42e3b-2228-446f-951c-58d629ae5644)
    ~/8e5c5882-e2aa-42c6-8448-0014b52decd9-142.js (sourcemap at route.js.map, debug id 8e5c5882-e2aa-42c6-8448-0014b52decd9)
    ~/8e6e714b-ce48-4247-a0ec-cb9f9925d3dc-222.js (sourcemap at route.js.map, debug id 8e6e714b-ce48-4247-a0ec-cb9f9925d3dc)
    ~/8e755fab-46e0-4510-941a-ffacf3bf00f5-10.js (sourcemap at page.js.map, debug id 8e755fab-46e0-4510-941a-ffacf3bf00f5)
    ~/8ef50a2d-b004-42d8-8e47-f7a9491fa19d-29.js (sourcemap at page.js.map, debug id 8ef50a2d-b004-42d8-8e47-f7a9491fa19d)
    ~/8f8594d9-4196-44a7-83a8-eb58033684bd-110.js (sourcemap at route.js.map, debug id 8f8594d9-4196-44a7-83a8-eb58033684bd)
    ~/8f969610-179e-45ca-9c26-286f8424c1df-153.js (sourcemap at route.js.map, debug id 8f969610-179e-45ca-9c26-286f8424c1df)
    ~/8faf9123-e682-4cb6-b1d4-07448a9c0ddd-303.js (sourcemap at 4438.js.map, debug id 8faf9123-e682-4cb6-b1d4-07448a9c0ddd)
    ~/8ff47a52-e3f3-426c-9e29-2b5863a17ee5-283.js (sourcemap at 1606.js.map, debug id 8ff47a52-e3f3-426c-9e29-2b5863a17ee5)
    ~/9009ecf1-f6c8-45cf-9152-f2787d22591e-20.js (sourcemap at page.js.map, debug id 9009ecf1-f6c8-45cf-9152-f2787d22591e)
    ~/907ab307-2ba1-49c1-a992-864874181624-164.js (sourcemap at route.js.map, debug id 907ab307-2ba1-49c1-a992-864874181624)
    ~/90854797-197d-4eb8-9fd6-d0b1acbcd578-55.js (sourcemap at page.js.map, debug id 90854797-197d-4eb8-9fd6-d0b1acbcd578)
    ~/91e0753c-1c84-4bfa-baf7-35214edb227f-295.js (sourcemap at 3146.js.map, debug id 91e0753c-1c84-4bfa-baf7-35214edb227f)
    ~/9295d754-da35-4e83-87ca-33563fd8d779-270.js (sourcemap at route.js.map, debug id 9295d754-da35-4e83-87ca-33563fd8d779)
    ~/93e9bbf9-daca-4a6c-8a14-61de87cb2662-281.js (sourcemap at 1359.js.map, debug id 93e9bbf9-daca-4a6c-8a14-61de87cb2662)
    ~/97e4e857-e7ad-473b-a019-07e026ef9061-196.js (sourcemap at route.js.map, debug id 97e4e857-e7ad-473b-a019-07e026ef9061)
    ~/98feac52-b614-46ad-92e9-f05448e83a24-121.js (sourcemap at route.js.map, debug id 98feac52-b614-46ad-92e9-f05448e83a24)
    ~/99e98b81-0ffb-49fc-b460-f6abce0a1719-207.js (sourcemap at route.js.map, debug id 99e98b81-0ffb-49fc-b460-f6abce0a1719)
    ~/9aa3eb95-b8ec-462c-8967-635529f961c5-156.js (sourcemap at route.js.map, debug id 9aa3eb95-b8ec-462c-8967-635529f961c5)
    ~/9ae0edfe-d647-4321-a783-1ddf2defbd8d-260.js (sourcemap at route.js.map, debug id 9ae0edfe-d647-4321-a783-1ddf2defbd8d)
    ~/9b222af1-1d46-42c1-b04b-ad3a068f31f6-82.js (sourcemap at route.js.map, debug id 9b222af1-1d46-42c1-b04b-ad3a068f31f6)
    ~/9cf1719b-d806-4cfb-80a9-4f86a638bfd8-47.js (sourcemap at page.js.map, debug id 9cf1719b-d806-4cfb-80a9-4f86a638bfd8)
    ~/9da3d9f1-baf0-4d7d-983a-79d0d4060e76-333.js (sourcemap at 7821.js.map, debug id 9da3d9f1-baf0-4d7d-983a-79d0d4060e76)
    ~/9e0abc71-3153-40a0-bbc1-e8b7ca95d042-335.js (sourcemap at 8002.js.map, debug id 9e0abc71-3153-40a0-bbc1-e8b7ca95d042)
    ~/9e124c79-2278-45b3-8bff-aa1ed42070b5-167.js (sourcemap at route.js.map, debug id 9e124c79-2278-45b3-8bff-aa1ed42070b5)
    ~/9ec8ac5c-cdc6-4d70-92ae-6107717dd9e7-187.js (sourcemap at route.js.map, debug id 9ec8ac5c-cdc6-4d70-92ae-6107717dd9e7)
    ~/9f718506-731c-4e64-8eef-e45af0bf48de-87.js (sourcemap at route.js.map, debug id 9f718506-731c-4e64-8eef-e45af0bf48de)
    ~/9f92ce25-a189-4ebe-af2a-9256af6ab785-195.js (sourcemap at route.js.map, debug id 9f92ce25-a189-4ebe-af2a-9256af6ab785)
    ~/9fe296f4-1ac7-42ac-b30e-ab40070ec736-93.js (sourcemap at route.js.map, debug id 9fe296f4-1ac7-42ac-b30e-ab40070ec736)
    ~/a0e555f8-a82e-4f34-979d-2d54eebb1c5d-300.js (sourcemap at 389.js.map, debug id a0e555f8-a82e-4f34-979d-2d54eebb1c5d)
    ~/a32c5fd5-4af4-46d6-885c-d0e2ff69b917-144.js (sourcemap at route.js.map, debug id a32c5fd5-4af4-46d6-885c-d0e2ff69b917)
    ~/a32c960d-b7a9-4a6d-8826-99c61474949a-170.js (sourcemap at route.js.map, debug id a32c960d-b7a9-4a6d-8826-99c61474949a)
    ~/a391f1f4-147d-4c99-9459-b56ea28c6a97-243.js (sourcemap at route.js.map, debug id a391f1f4-147d-4c99-9459-b56ea28c6a97)
    ~/a44ebded-564e-4f29-a793-514db9af7b2c-100.js (sourcemap at route.js.map, debug id a44ebded-564e-4f29-a793-514db9af7b2c)
    ~/a4e8229f-0a56-47bc-886e-76ac6d01137e-313.js (sourcemap at 5296.js.map, debug id a4e8229f-0a56-47bc-886e-76ac6d01137e)
    ~/a644e862-4f51-45a2-866c-bd0885f21bee-263.js (sourcemap at route.js.map, debug id a644e862-4f51-45a2-866c-bd0885f21bee)
    ~/a676903b-4e20-455f-aa5c-5b53a5aca181-1.js (sourcemap at page.js.map, debug id a676903b-4e20-455f-aa5c-5b53a5aca181)
    ~/a74b8acd-6b6c-4346-8a50-7e1203584f66-149.js (sourcemap at route.js.map, debug id a74b8acd-6b6c-4346-8a50-7e1203584f66)
    ~/a8057fab-1aa6-4ef8-8717-bb0fe358bfb5-220.js (sourcemap at route.js.map, debug id a8057fab-1aa6-4ef8-8717-bb0fe358bfb5)
    ~/a822c8cb-6344-4c46-9e73-9048f45ab77b-242.js (sourcemap at route.js.map, debug id a822c8cb-6344-4c46-9e73-9048f45ab77b)
    ~/a84ca9a3-3b56-4092-858c-9b86a6f01e4e-131.js (sourcemap at route.js.map, debug id a84ca9a3-3b56-4092-858c-9b86a6f01e4e)
    ~/ab1179d2-09c5-4140-9224-e7c1543207fd-12.js (sourcemap at page.js.map, debug id ab1179d2-09c5-4140-9224-e7c1543207fd)
    ~/ab16dbb3-3b89-4ff5-9632-ba2b1049c85b-230.js (sourcemap at route.js.map, debug id ab16dbb3-3b89-4ff5-9632-ba2b1049c85b)
    ~/ab9b014a-02da-469c-a963-1b4d48a308dc-133.js (sourcemap at route.js.map, debug id ab9b014a-02da-469c-a963-1b4d48a308dc)
    ~/abe8322b-2d45-47db-bc15-6fc23b81647b-324.js (sourcemap at 6387.js.map, debug id abe8322b-2d45-47db-bc15-6fc23b81647b)
    ~/ac3fb04c-60a8-4cf0-9c87-f76dda6e5f48-4.js (sourcemap at page.js.map, debug id ac3fb04c-60a8-4cf0-9c87-f76dda6e5f48)
    ~/ac4de8a1-5eb5-4da9-9f81-ec43db516915-192.js (sourcemap at route.js.map, debug id ac4de8a1-5eb5-4da9-9f81-ec43db516915)
    ~/ad35a33a-fd5d-4e22-8730-45dc504fe683-329.js (sourcemap at 714.js.map, debug id ad35a33a-fd5d-4e22-8730-45dc504fe683)
    ~/ad3f4fe9-a0c4-438c-bb2b-7e72a93b19ee-160.js (sourcemap at route.js.map, debug id ad3f4fe9-a0c4-438c-bb2b-7e72a93b19ee)
    ~/ad737a4e-a712-42dc-83ac-02c6dea4dac9-117.js (sourcemap at route.js.map, debug id ad737a4e-a712-42dc-83ac-02c6dea4dac9)
    ~/ae50397b-717c-40e2-a3b1-cb5255aa8359-253.js (sourcemap at route.js.map, debug id ae50397b-717c-40e2-a3b1-cb5255aa8359)
    ~/ae98b02e-6e12-42ca-b21c-d2d6df049e23-120.js (sourcemap at route.js.map, debug id ae98b02e-6e12-42ca-b21c-d2d6df049e23)
    ~/af417b02-01cd-4626-8d3d-f40e10c9d6f4-146.js (sourcemap at route.js.map, debug id af417b02-01cd-4626-8d3d-f40e10c9d6f4)
    ~/b07088db-43fc-4927-9319-e874858f436e-218.js (sourcemap at route.js.map, debug id b07088db-43fc-4927-9319-e874858f436e)
    ~/b125f86a-e428-4a21-bc16-b6dc6da8a44d-296.js (sourcemap at 3242.js.map, debug id b125f86a-e428-4a21-bc16-b6dc6da8a44d)
    ~/b147fd9c-ed8c-4b35-927d-b420faa8b51a-66.js (sourcemap at page.js.map, debug id b147fd9c-ed8c-4b35-927d-b420faa8b51a)
    ~/b157a8a5-b188-4a79-9c5a-e01e28392aa5-68.js (sourcemap at page.js.map, debug id b157a8a5-b188-4a79-9c5a-e01e28392aa5)
    ~/b246277d-82d1-4ad1-9af4-e3a64f449179-211.js (sourcemap at route.js.map, debug id b246277d-82d1-4ad1-9af4-e3a64f449179)
    ~/b2facfc5-e7dc-4411-bacd-eed2f318009f-334.js (sourcemap at 7947.js.map, debug id b2facfc5-e7dc-4411-bacd-eed2f318009f)
    ~/b343288d-1a87-49a1-ab18-5c286fb77c76-297.js (sourcemap at 3362.js.map, debug id b343288d-1a87-49a1-ab18-5c286fb77c76)
    ~/b38c950a-546f-4eed-884c-4f11e844c37b-247.js (sourcemap at route.js.map, debug id b38c950a-546f-4eed-884c-4f11e844c37b)
    ~/b6238231-6cd1-4e23-986b-594669fe32e7-63.js (sourcemap at page.js.map, debug id b6238231-6cd1-4e23-986b-594669fe32e7)
    ~/b72a9f4a-c4c1-403e-9df3-95eb6b5c1056-85.js (sourcemap at route.js.map, debug id b72a9f4a-c4c1-403e-9df3-95eb6b5c1056)
    ~/b78272d2-e136-42a4-acac-a554b4e51025-130.js (sourcemap at route.js.map, debug id b78272d2-e136-42a4-acac-a554b4e51025)
    ~/b7ee8d15-b80f-4295-b4df-f5298de8f0be-118.js (sourcemap at route.js.map, debug id b7ee8d15-b80f-4295-b4df-f5298de8f0be)
    ~/b7ef0237-9dc4-4269-9cc9-464f7d3655a1-95.js (sourcemap at route.js.map, debug id b7ef0237-9dc4-4269-9cc9-464f7d3655a1)
    ~/b90ac8ec-7eec-4db3-8b32-31ef9f4def09-269.js (sourcemap at route.js.map, debug id b90ac8ec-7eec-4db3-8b32-31ef9f4def09)
    ~/b93e73a9-4f2d-4a34-a341-9ebdff6af739-92.js (sourcemap at route.js.map, debug id b93e73a9-4f2d-4a34-a341-9ebdff6af739)
    ~/b964ace9-e80f-4bdf-8a1f-7ea25bff4cfa-231.js (sourcemap at route.js.map, debug id b964ace9-e80f-4bdf-8a1f-7ea25bff4cfa)
    ~/b99ffc48-4529-481a-aafa-40df31edca0d-225.js (sourcemap at route.js.map, debug id b99ffc48-4529-481a-aafa-40df31edca0d)
    ~/ba656d28-8494-433c-9de6-a10afa9ce5d8-49.js (sourcemap at page.js.map, debug id ba656d28-8494-433c-9de6-a10afa9ce5d8)
    ~/ba84077b-a246-4944-92d8-918bad2963ce-223.js (sourcemap at route.js.map, debug id ba84077b-a246-4944-92d8-918bad2963ce)
    ~/bb4fa3d4-89f1-42ba-828b-9cb542fbbba4-42.js (sourcemap at page.js.map, debug id bb4fa3d4-89f1-42ba-828b-9cb542fbbba4)
    ~/bc54420d-85bf-438d-9d52-6e0dbbbfc7c3-129.js (sourcemap at route.js.map, debug id bc54420d-85bf-438d-9d52-6e0dbbbfc7c3)
    ~/bc9197a4-a7c2-41ce-94be-6b0628080812-346.js (sourcemap at 9017.js.map, debug id bc9197a4-a7c2-41ce-94be-6b0628080812)
    ~/bc9570d9-ddef-42bc-8082-2687567c6e72-232.js (sourcemap at route.js.map, debug id bc9570d9-ddef-42bc-8082-2687567c6e72)
    ~/bd45b150-0b0a-431b-b427-ace5dde99bcf-174.js (sourcemap at route.js.map, debug id bd45b150-0b0a-431b-b427-ace5dde99bcf)
    ~/bd8ac9da-2117-4fcf-a273-495413a7cb28-290.js (sourcemap at 2577.js.map, debug id bd8ac9da-2117-4fcf-a273-495413a7cb28)
    ~/bdb31b39-0c16-46be-9b62-42f876382659-273.js (sourcemap at route.js.map, debug id bdb31b39-0c16-46be-9b62-42f876382659)
    ~/bde789ad-d339-4c86-8557-364b083e64f7-145.js (sourcemap at route.js.map, debug id bde789ad-d339-4c86-8557-364b083e64f7)
    ~/bf731df1-ff30-40b4-8858-7ab65361d7dd-57.js (sourcemap at page.js.map, debug id bf731df1-ff30-40b4-8858-7ab65361d7dd)
    ~/bfaefdc4-8431-478f-843e-d18f6856ef9a-135.js (sourcemap at route.js.map, debug id bfaefdc4-8431-478f-843e-d18f6856ef9a)
    ~/c06d7f31-8f86-4879-a6f2-09f9c98d3146-286.js (sourcemap at 2363.js.map, debug id c06d7f31-8f86-4879-a6f2-09f9c98d3146)
    ~/c0bcf78a-2af0-4608-8a50-ac673b3976b2-157.js (sourcemap at route.js.map, debug id c0bcf78a-2af0-4608-8a50-ac673b3976b2)
    ~/c0f75f84-d352-4a06-a887-506e2adb5aea-35.js (sourcemap at page.js.map, debug id c0f75f84-d352-4a06-a887-506e2adb5aea)
    ~/c258abe6-05a6-45e2-81f6-660a73218bb9-105.js (sourcemap at route.js.map, debug id c258abe6-05a6-45e2-81f6-660a73218bb9)
    ~/c289d9d9-3307-44ac-9646-1462d461426e-347.js (sourcemap at 9085.js.map, debug id c289d9d9-3307-44ac-9646-1462d461426e)
    ~/c2af2f11-16a1-4298-8713-cc68b5ce53e7-86.js (sourcemap at route.js.map, debug id c2af2f11-16a1-4298-8713-cc68b5ce53e7)
    ~/c33730df-3f39-4ed2-bf08-dc00c1425b04-116.js (sourcemap at route.js.map, debug id c33730df-3f39-4ed2-bf08-dc00c1425b04)
    ~/c34f76c4-c6bf-45ad-9942-c65378f7bc91-172.js (sourcemap at route.js.map, debug id c34f76c4-c6bf-45ad-9942-c65378f7bc91)
    ~/c3c8d368-45c7-439a-b7f7-981939a1f0e4-25.js (sourcemap at page.js.map, debug id c3c8d368-45c7-439a-b7f7-981939a1f0e4)
    ~/c4101084-29b6-47f3-86b8-034dd3d28c28-21.js (sourcemap at page.js.map, debug id c4101084-29b6-47f3-86b8-034dd3d28c28)
    ~/c52816c5-300e-45c3-b373-7c5a7017c307-355.js (no sourcemap found, debug id c52816c5-300e-45c3-b373-7c5a7017c307)
      - warning: could not determine a source map reference (Could not auto-detect referenced sourcemap for ~/c52816c5-300e-45c3-b373-7c5a7017c307-355.js)
    ~/c591cbb0-8d3a-4484-9230-f2513bac1c4c-154.js (sourcemap at route.js.map, debug id c591cbb0-8d3a-4484-9230-f2513bac1c4c)
    ~/c65f923e-d97f-4c72-9f3c-6de61db1d149-54.js (sourcemap at page.js.map, debug id c65f923e-d97f-4c72-9f3c-6de61db1d149)
    ~/c7ad7cd4-29e5-4807-9be2-55a0249196af-291.js (sourcemap at 2773.js.map, debug id c7ad7cd4-29e5-4807-9be2-55a0249196af)
    ~/c904b001-815f-41e2-a785-b3f3b9533bac-203.js (sourcemap at route.js.map, debug id c904b001-815f-41e2-a785-b3f3b9533bac)
    ~/c9275c58-f005-432e-aced-825737ce8b2e-323.js (sourcemap at 6291.js.map, debug id c9275c58-f005-432e-aced-825737ce8b2e)
    ~/c9a4b153-5a44-4851-b775-556037bf0e5d-328.js (sourcemap at 7082.js.map, debug id c9a4b153-5a44-4851-b775-556037bf0e5d)
    ~/c9b3f1a1-1770-49cb-80d0-f2f5f63cf933-103.js (sourcemap at route.js.map, debug id c9b3f1a1-1770-49cb-80d0-f2f5f63cf933)
    ~/cb6b2a67-cfa6-4d44-bf5c-a86e26358c83-262.js (sourcemap at route.js.map, debug id cb6b2a67-cfa6-4d44-bf5c-a86e26358c83)
    ~/cc580b4a-3656-49d0-8a13-0af6dde1e6be-178.js (sourcemap at route.js.map, debug id cc580b4a-3656-49d0-8a13-0af6dde1e6be)
    ~/cd6e44fb-f905-4691-bce4-ae53b71718e1-354.js (sourcemap at _app.js.map, debug id cd6e44fb-f905-4691-bce4-ae53b71718e1)
    ~/ced9cb29-d9c8-447d-a0a1-714cee7a33d1-268.js (sourcemap at route.js.map, debug id ced9cb29-d9c8-447d-a0a1-714cee7a33d1)
    ~/cf0cefdc-aabc-4d8e-82dd-6439d2193487-226.js (sourcemap at route.js.map, debug id cf0cefdc-aabc-4d8e-82dd-6439d2193487)
    ~/cf1df05b-7937-4307-990b-76b8db65a12c-345.js (sourcemap at 8810.js.map, debug id cf1df05b-7937-4307-990b-76b8db65a12c)
    ~/cf363b62-dae3-4985-bc91-16f15b594abf-340.js (sourcemap at 8270.js.map, debug id cf363b62-dae3-4985-bc91-16f15b594abf)
    ~/cfc7653e-32c3-41fb-a61d-2fcdb818a302-342.js (sourcemap at 8534.js.map, debug id cfc7653e-32c3-41fb-a61d-2fcdb818a302)
    ~/d0b55b26-312d-4817-aff1-5c460ef49559-91.js (sourcemap at route.js.map, debug id d0b55b26-312d-4817-aff1-5c460ef49559)
    ~/d0fec1bd-13c7-4fa0-bf9d-8bc00c893fa3-352.js (sourcemap at 9996.js.map, debug id d0fec1bd-13c7-4fa0-bf9d-8bc00c893fa3)
    ~/d17b27c8-8225-45c2-87c3-5d5392f51596-309.js (sourcemap at 4891.js.map, debug id d17b27c8-8225-45c2-87c3-5d5392f51596)
    ~/d5d3f51a-dbb5-4bb5-a00f-6bb43b9a1ea5-36.js (sourcemap at page.js.map, debug id d5d3f51a-dbb5-4bb5-a00f-6bb43b9a1ea5)
    ~/d8406531-2511-4ec2-add4-7048f3b1c83e-33.js (sourcemap at page.js.map, debug id d8406531-2511-4ec2-add4-7048f3b1c83e)
    ~/d9736725-8d80-4cb0-8dfd-9bfdc7f6d63e-127.js (sourcemap at route.js.map, debug id d9736725-8d80-4cb0-8dfd-9bfdc7f6d63e)
    ~/da51476b-c654-45ea-a1c0-c08257cdf483-351.js (sourcemap at 947.js.map, debug id da51476b-c654-45ea-a1c0-c08257cdf483)
    ~/db38dffa-04c5-4153-895b-a03a5d27c19e-79.js (sourcemap at route.js.map, debug id db38dffa-04c5-4153-895b-a03a5d27c19e)
    ~/db8425e3-d01b-46de-9f34-347b8e2a46a7-99.js (sourcemap at route.js.map, debug id db8425e3-d01b-46de-9f34-347b8e2a46a7)
    ~/dba9714b-4e26-4478-af75-2191d08189db-292.js (sourcemap at 2856.js.map, debug id dba9714b-4e26-4478-af75-2191d08189db)
    ~/dbfd1d09-505e-4e76-85f2-7f1265d1cf14-148.js (sourcemap at route.js.map, debug id dbfd1d09-505e-4e76-85f2-7f1265d1cf14)
    ~/dce581cc-1084-4480-97c3-32808abd1f57-107.js (sourcemap at route.js.map, debug id dce581cc-1084-4480-97c3-32808abd1f57)
    ~/dcf0f9d3-83d3-40af-80c9-bab3c595f6d9-13.js (sourcemap at page.js.map, debug id dcf0f9d3-83d3-40af-80c9-bab3c595f6d9)
    ~/dd2565ce-65d9-48e2-8505-3913e61ea107-261.js (sourcemap at route.js.map, debug id dd2565ce-65d9-48e2-8505-3913e61ea107)
    ~/ddf22308-6520-4555-8edb-1dddfaf898c0-166.js (sourcemap at route.js.map, debug id ddf22308-6520-4555-8edb-1dddfaf898c0)
    ~/de4db3b7-5865-4269-8f43-7daedf68283d-326.js (sourcemap at 6772.js.map, debug id de4db3b7-5865-4269-8f43-7daedf68283d)
    ~/de8aac15-5a34-4c05-8663-d42d4e3e4b8c-56.js (sourcemap at page.js.map, debug id de8aac15-5a34-4c05-8663-d42d4e3e4b8c)
    ~/dece6b7d-eedd-4e89-8ab8-087a2293bb21-150.js (sourcemap at route.js.map, debug id dece6b7d-eedd-4e89-8ab8-087a2293bb21)
    ~/df2015d7-7591-406e-abb4-e95ece2ef84c-134.js (sourcemap at route.js.map, debug id df2015d7-7591-406e-abb4-e95ece2ef84c)
    ~/dfc69859-a103-49b1-aa7b-a83689056e6d-161.js (sourcemap at route.js.map, debug id dfc69859-a103-49b1-aa7b-a83689056e6d)
    ~/e0775e0b-50f1-434a-a494-61db8f9f7bbe-332.js (sourcemap at 759.js.map, debug id e0775e0b-50f1-434a-a494-61db8f9f7bbe)
    ~/e0cd525d-eba5-4c43-bbef-f18b5e98103b-185.js (sourcemap at route.js.map, debug id e0cd525d-eba5-4c43-bbef-f18b5e98103b)
    ~/e1d06d48-2b33-4d54-81cb-9960edec0ff0-200.js (sourcemap at route.js.map, debug id e1d06d48-2b33-4d54-81cb-9960edec0ff0)
    ~/e2760440-5fc9-4d8e-87c8-a4ba1d5be7eb-317.js (sourcemap at 6035.js.map, debug id e2760440-5fc9-4d8e-87c8-a4ba1d5be7eb)
    ~/e32101d3-e2f4-4493-9630-4be0b96ff790-2.js (sourcemap at page.js.map, debug id e32101d3-e2f4-4493-9630-4be0b96ff790)
    ~/e4e26de0-0d4c-42b0-9fa5-165673cab81d-28.js (sourcemap at page.js.map, debug id e4e26de0-0d4c-42b0-9fa5-165673cab81d)
    ~/e4f5c07e-3384-4845-8cb2-53affcaa100d-181.js (sourcemap at route.js.map, debug id e4f5c07e-3384-4845-8cb2-53affcaa100d)
    ~/e61f030b-2bf5-4f13-965e-3ee7274c0ccc-212.js (sourcemap at route.js.map, debug id e61f030b-2bf5-4f13-965e-3ee7274c0ccc)
    ~/e62cf234-162f-4beb-8b56-65029f77afa3-58.js (sourcemap at page.js.map, debug id e62cf234-162f-4beb-8b56-65029f77afa3)
    ~/e662f7fa-2183-4d0d-8af8-0ddfc4fc863d-304.js (sourcemap at 4441.js.map, debug id e662f7fa-2183-4d0d-8af8-0ddfc4fc863d)
    ~/e669aef8-691b-49d2-9ab8-05aa0c88e7ef-278.js (sourcemap at 1012.js.map, debug id e669aef8-691b-49d2-9ab8-05aa0c88e7ef)
    ~/e6b27739-34e0-4230-9f2c-f04908989578-38.js (sourcemap at page.js.map, debug id e6b27739-34e0-4230-9f2c-f04908989578)
    ~/e7049c94-9a12-40ec-a77e-2b8fe2ce8903-350.js (sourcemap at 9435.js.map, debug id e7049c94-9a12-40ec-a77e-2b8fe2ce8903)
    ~/e7cfd408-0f13-4a59-a9bd-6bd844d76e3c-168.js (sourcemap at route.js.map, debug id e7cfd408-0f13-4a59-a9bd-6bd844d76e3c)
    ~/e848c433-4c18-4159-903a-78da6920542d-9.js (sourcemap at page.js.map, debug id e848c433-4c18-4159-903a-78da6920542d)
    ~/e850661d-1121-46a4-8a7a-b9b9d8012868-43.js (sourcemap at page.js.map, debug id e850661d-1121-46a4-8a7a-b9b9d8012868)
    ~/e8de3e60-e8b9-4025-929c-3896ef26b3b1-102.js (sourcemap at route.js.map, debug id e8de3e60-e8b9-4025-929c-3896ef26b3b1)
    ~/e8f1a8a7-109a-4de4-8ab5-c8feb9d954c6-259.js (sourcemap at route.js.map, debug id e8f1a8a7-109a-4de4-8ab5-c8feb9d954c6)
    ~/eb507d12-87cd-4056-825d-c5a7960d248b-0.js (sourcemap at page.js.map, debug id eb507d12-87cd-4056-825d-c5a7960d248b)
    ~/ec69c9b3-1570-47ce-9bbf-cbf0ad4e133c-233.js (sourcemap at route.js.map, debug id ec69c9b3-1570-47ce-9bbf-cbf0ad4e133c)
    ~/ee6bfb5d-ad12-4f96-a92f-5f4470b1ab0c-112.js (sourcemap at route.js.map, debug id ee6bfb5d-ad12-4f96-a92f-5f4470b1ab0c)
    ~/efc7218a-f6bf-4e5a-aa97-b48311239b51-45.js (sourcemap at page.js.map, debug id efc7218a-f6bf-4e5a-aa97-b48311239b51)
    ~/f030fe42-888a-4a8a-ac9e-764c293af726-44.js (sourcemap at page.js.map, debug id f030fe42-888a-4a8a-ac9e-764c293af726)
    ~/f063cd19-84cf-42c3-8677-11c5fb55c9aa-280.js (sourcemap at 1242.js.map, debug id f063cd19-84cf-42c3-8677-11c5fb55c9aa)
    ~/f265dd1c-2496-4635-b230-6d7a5c4834a1-52.js (sourcemap at page.js.map, debug id f265dd1c-2496-4635-b230-6d7a5c4834a1)
    ~/f4e79006-bee9-4ac3-96f7-79f787bd8dc2-90.js (sourcemap at route.js.map, debug id f4e79006-bee9-4ac3-96f7-79f787bd8dc2)
    ~/f4f05a3d-55e8-4625-babc-fd0b23636c63-34.js (sourcemap at page.js.map, debug id f4f05a3d-55e8-4625-babc-fd0b23636c63)
    ~/f5389e47-4179-460b-afba-5a72c7b7b09d-27.js (sourcemap at page.js.map, debug id f5389e47-4179-460b-afba-5a72c7b7b09d)
    ~/f5eb0853-44dc-4171-b6a1-a43dc507cf6d-206.js (sourcemap at route.js.map, debug id f5eb0853-44dc-4171-b6a1-a43dc507cf6d)
    ~/f605bf0e-e37d-45b6-9673-bea38fd28c14-204.js (sourcemap at route.js.map, debug id f605bf0e-e37d-45b6-9673-bea38fd28c14)
    ~/f6b4e2a4-06cf-476e-b3b8-f480bcc6fdd0-276.js (sourcemap at page.js.map, debug id f6b4e2a4-06cf-476e-b3b8-f480bcc6fdd0)
    ~/f7de15cd-53da-4005-90d5-c8df3874d277-78.js (sourcemap at route.js.map, debug id f7de15cd-53da-4005-90d5-c8df3874d277)
    ~/f80b1693-123b-4856-ab1a-79ac098514a0-40.js (sourcemap at page.js.map, debug id f80b1693-123b-4856-ab1a-79ac098514a0)
    ~/f8471c9f-e0c0-4d00-9518-15a79b8161ba-171.js (sourcemap at route.js.map, debug id f8471c9f-e0c0-4d00-9518-15a79b8161ba)
    ~/f89491c7-3b7e-4864-9e7b-440b60e04831-257.js (sourcemap at route.js.map, debug id f89491c7-3b7e-4864-9e7b-440b60e04831)
    ~/f96e7c34-c51f-448c-88a3-05f527493a46-197.js (sourcemap at route.js.map, debug id f96e7c34-c51f-448c-88a3-05f527493a46)
    ~/f9d12a30-7983-4e7a-ac44-3a7a5001b77a-311.js (sourcemap at 5017.js.map, debug id f9d12a30-7983-4e7a-ac44-3a7a5001b77a)
    ~/fa65637b-f4e4-4fb5-83ab-4ec74a9223f2-239.js (sourcemap at route.js.map, debug id fa65637b-f4e4-4fb5-83ab-4ec74a9223f2)
    ~/fbc04181-9616-4a7e-a3b7-f09c084ee4f2-125.js (sourcemap at route.js.map, debug id fbc04181-9616-4a7e-a3b7-f09c084ee4f2)
    ~/fc541d13-1194-4d56-8672-b1654a48b41e-72.js (sourcemap at page.js.map, debug id fc541d13-1194-4d56-8672-b1654a48b41e)
    ~/fd7b0d21-a6e4-4d6a-8269-c5f307e1e38d-67.js (sourcemap at page.js.map, debug id fd7b0d21-a6e4-4d6a-8269-c5f307e1e38d)
    ~/fdfde8e9-86e4-429f-ba1d-991b0a82c792-151.js (sourcemap at route.js.map, debug id fdfde8e9-86e4-429f-ba1d-991b0a82c792)
    ~/ff0d80a1-5419-4907-9e01-be9bb4460d45-139.js (sourcemap at route.js.map, debug id ff0d80a1-5419-4907-9e01-be9bb4460d45)
    ~/ff5d7abe-f9ac-4d6e-90ae-aa9e14bb75d3-272.js (sourcemap at route.js.map, debug id ff5d7abe-f9ac-4d6e-90ae-aa9e14bb75d3)
    ~/ffd03fc8-9cb9-456a-aa21-40c20f42bf64-80.js (sourcemap at route.js.map, debug id ffd03fc8-9cb9-456a-aa21-40c20f42bf64)
  Source Maps
    ~/002f653b-8786-4814-8f83-1a81dde0c92d-305.js.map (debug id 002f653b-8786-4814-8f83-1a81dde0c92d)
    ~/020a5058-7037-4063-aad5-50f9fecf70f9-64.js.map (debug id 020a5058-7037-4063-aad5-50f9fecf70f9)
    ~/02ece326-ddac-40b0-a3f9-68a62c30e623-266.js.map (debug id 02ece326-ddac-40b0-a3f9-68a62c30e623)
    ~/05145b08-1499-4a89-b51c-103e350e0972-53.js.map (debug id 05145b08-1499-4a89-b51c-103e350e0972)
    ~/055190bc-b6a5-46ee-b81e-830688b032ef-356.js.map (debug id 055190bc-b6a5-46ee-b81e-830688b032ef)
    ~/05cf5af8-fe35-4305-9ead-90711bf1f8b5-282.js.map (debug id 05cf5af8-fe35-4305-9ead-90711bf1f8b5)
    ~/0681207f-e509-4179-9f04-b9816c454638-5.js.map (debug id 0681207f-e509-4179-9f04-b9816c454638)
    ~/069a3be9-2de8-45a9-b99c-7483b3f71dd7-320.js.map (debug id 069a3be9-2de8-45a9-b99c-7483b3f71dd7)
    ~/087baaba-55c6-46d6-b7c4-dd770bd3c3cd-202.js.map (debug id 087baaba-55c6-46d6-b7c4-dd770bd3c3cd)
    ~/0966f26f-ebb4-4248-8fce-886215a76f64-61.js.map (debug id 0966f26f-ebb4-4248-8fce-886215a76f64)
    ~/09c5b429-95fc-42ca-aadb-422052b1d5b8-128.js.map (debug id 09c5b429-95fc-42ca-aadb-422052b1d5b8)
    ~/09f67ff1-8b1a-4fa2-bdb8-5f4a8f77332a-210.js.map (debug id 09f67ff1-8b1a-4fa2-bdb8-5f4a8f77332a)
    ~/0a7d9871-27e6-4568-881b-90e11d5958a0-229.js.map (debug id 0a7d9871-27e6-4568-881b-90e11d5958a0)
    ~/0a888826-7ce2-4044-99bc-6af22bd95c14-62.js.map (debug id 0a888826-7ce2-4044-99bc-6af22bd95c14)
    ~/0be67bd1-ee3a-41d4-84b3-93f91b9d7b9a-37.js.map (debug id 0be67bd1-ee3a-41d4-84b3-93f91b9d7b9a)
    ~/0d23dc9d-09b6-422f-9479-f1377db3f380-293.js.map (debug id 0d23dc9d-09b6-422f-9479-f1377db3f380)
    ~/0e06f541-8b49-4192-ab1b-2fe5b1efbe96-11.js.map (debug id 0e06f541-8b49-4192-ab1b-2fe5b1efbe96)
    ~/0e811e78-8809-4997-bf2c-fb332abc3db6-122.js.map (debug id 0e811e78-8809-4997-bf2c-fb332abc3db6)
    ~/0f3fb371-2234-41c6-a787-e423a6c62458-189.js.map (debug id 0f3fb371-2234-41c6-a787-e423a6c62458)
    ~/10061efd-d27b-409c-95c3-67424612c63b-104.js.map (debug id 10061efd-d27b-409c-95c3-67424612c63b)
    ~/1022403b-a132-4c70-aaf6-d9f3d1c1a981-51.js.map (debug id 1022403b-a132-4c70-aaf6-d9f3d1c1a981)
    ~/125e760a-5dce-4fe2-9435-3f0a47659d92-186.js.map (debug id 125e760a-5dce-4fe2-9435-3f0a47659d92)
    ~/1275ac20-2d75-4043-93f7-126256d2089f-319.js.map (debug id 1275ac20-2d75-4043-93f7-126256d2089f)
    ~/170d99b6-da29-4a1a-a5f3-73143998b456-111.js.map (debug id 170d99b6-da29-4a1a-a5f3-73143998b456)
    ~/175f2f05-1e5e-4754-b3b4-57aabcea42d8-237.js.map (debug id 175f2f05-1e5e-4754-b3b4-57aabcea42d8)
    ~/1761f397-74e8-4c69-bb07-18846721edab-315.js.map (debug id 1761f397-74e8-4c69-bb07-18846721edab)
    ~/179d647a-def3-45d4-87f1-ca906758d41c-209.js.map (debug id 179d647a-def3-45d4-87f1-ca906758d41c)
    ~/1809311e-15df-4a5b-a260-d8b1e91368cf-183.js.map (debug id 1809311e-15df-4a5b-a260-d8b1e91368cf)
    ~/18bd5828-b67c-48df-91cc-20388343ab51-299.js.map (debug id 18bd5828-b67c-48df-91cc-20388343ab51)
    ~/1977739d-033d-482a-81ea-9fb81035dfdd-198.js.map (debug id 1977739d-033d-482a-81ea-9fb81035dfdd)
    ~/1a5f6dc1-3c84-4f3a-bbd6-653f3b450376-190.js.map (debug id 1a5f6dc1-3c84-4f3a-bbd6-653f3b450376)
    ~/1bf94694-9b8f-43b5-b0c2-9788762383dd-69.js.map (debug id 1bf94694-9b8f-43b5-b0c2-9788762383dd)
    ~/1d011ab9-ebc0-4c37-ae67-79bdfd494ae0-258.js.map (debug id 1d011ab9-ebc0-4c37-ae67-79bdfd494ae0)
    ~/1d09a97b-b3ee-4100-ab2c-b09ffd4ddb0f-188.js.map (debug id 1d09a97b-b3ee-4100-ab2c-b09ffd4ddb0f)
    ~/1d73ba60-061c-4f56-b9f8-d5802b272d22-275.js.map (debug id 1d73ba60-061c-4f56-b9f8-d5802b272d22)
    ~/1e28a685-0dad-47c1-8bd9-94526c1964ae-301.js.map (debug id 1e28a685-0dad-47c1-8bd9-94526c1964ae)
    ~/1e503bdb-6889-44b5-8945-76472d25eddc-108.js.map (debug id 1e503bdb-6889-44b5-8945-76472d25eddc)
    ~/1e611099-ba97-4c7d-8523-eb100210b870-182.js.map (debug id 1e611099-ba97-4c7d-8523-eb100210b870)
    ~/1ebd1522-e09c-4134-8cae-649652abbda8-94.js.map (debug id 1ebd1522-e09c-4134-8cae-649652abbda8)
    ~/1ebfd1c6-abb2-49bf-9cc2-7d16c18bcd81-97.js.map (debug id 1ebfd1c6-abb2-49bf-9cc2-7d16c18bcd81)
    ~/2026f649-007a-4f6f-acd0-874ab0a6f35e-70.js.map (debug id 2026f649-007a-4f6f-acd0-874ab0a6f35e)
    ~/209477b5-af90-4b3f-932b-c1c352d5c63b-77.js.map (debug id 209477b5-af90-4b3f-932b-c1c352d5c63b)
    ~/20cf088c-4e34-4aee-8bbf-84334c8acc87-106.js.map (debug id 20cf088c-4e34-4aee-8bbf-84334c8acc87)
    ~/23101896-768a-4dc0-8652-1ccfc604a184-179.js.map (debug id 23101896-768a-4dc0-8652-1ccfc604a184)
    ~/24897c7e-528e-40ee-9013-8997ede6809e-339.js.map (debug id 24897c7e-528e-40ee-9013-8997ede6809e)
    ~/24c8dafe-7e0a-4891-9ac6-e4faeee23af2-74.js.map (debug id 24c8dafe-7e0a-4891-9ac6-e4faeee23af2)
    ~/252169b4-d300-409a-bf3b-952016f78cfc-48.js.map (debug id 252169b4-d300-409a-bf3b-952016f78cfc)
    ~/26971652-331d-4d61-9508-3f2d1b6eba22-137.js.map (debug id 26971652-331d-4d61-9508-3f2d1b6eba22)
    ~/27323fbc-323b-4ba6-bb6e-8258f155eb1a-289.js.map (debug id 27323fbc-323b-4ba6-bb6e-8258f155eb1a)
    ~/28bdae2e-32ac-4a69-9ff6-86f224164236-244.js.map (debug id 28bdae2e-32ac-4a69-9ff6-86f224164236)
    ~/28fd7ef4-a4a1-45a4-963e-01d31e854433-264.js.map (debug id 28fd7ef4-a4a1-45a4-963e-01d31e854433)
    ~/29072c89-2713-401f-8ad3-81eb1144a764-238.js.map (debug id 29072c89-2713-401f-8ad3-81eb1144a764)
    ~/29af8455-56b0-4d4a-a99b-fc5c547bd0c0-39.js.map (debug id 29af8455-56b0-4d4a-a99b-fc5c547bd0c0)
    ~/2a0a1edc-f298-4f4c-be6b-e7d37e7eade4-298.js.map (debug id 2a0a1edc-f298-4f4c-be6b-e7d37e7eade4)
    ~/2ac0e0ae-00d4-4b3b-bdde-abc4ea12bcb9-277.js.map (debug id 2ac0e0ae-00d4-4b3b-bdde-abc4ea12bcb9)
    ~/2b2f06e7-d84c-4caf-815d-4e52ab65ff10-224.js.map (debug id 2b2f06e7-d84c-4caf-815d-4e52ab65ff10)
    ~/2d40ab04-e43e-4c0e-8568-7d7326a0de08-115.js.map (debug id 2d40ab04-e43e-4c0e-8568-7d7326a0de08)
    ~/2d4d2ce6-ee4a-4009-b8cd-b2871613e61a-343.js.map (debug id 2d4d2ce6-ee4a-4009-b8cd-b2871613e61a)
    ~/2e4ca229-2cc9-4ecd-9f48-5dfcb675a926-279.js.map (debug id 2e4ca229-2cc9-4ecd-9f48-5dfcb675a926)
    ~/2e9f7e81-e862-49f4-8a93-3576f8aefb64-271.js.map (debug id 2e9f7e81-e862-49f4-8a93-3576f8aefb64)
    ~/2eb2702d-61c6-4f39-a505-d1fd39e2d361-255.js.map (debug id 2eb2702d-61c6-4f39-a505-d1fd39e2d361)
    ~/2f3ebf01-8835-4ed1-8871-a6b86b9fcbf7-71.js.map (debug id 2f3ebf01-8835-4ed1-8871-a6b86b9fcbf7)
    ~/2f7c0d96-66d9-4bf7-9cf3-9721f8cab3c5-310.js.map (debug id 2f7c0d96-66d9-4bf7-9cf3-9721f8cab3c5)
    ~/31ff2d39-d03b-450d-a28b-02085e3da5fe-249.js.map (debug id 31ff2d39-d03b-450d-a28b-02085e3da5fe)
    ~/329a1f6d-7891-423d-bf3a-1289c38d944e-306.js.map (debug id 329a1f6d-7891-423d-bf3a-1289c38d944e)
    ~/33436e8d-38d8-4c06-90f3-d4dac037e7d3-19.js.map (debug id 33436e8d-38d8-4c06-90f3-d4dac037e7d3)
    ~/336d6964-06b8-4162-89ba-6c88dd564b35-81.js.map (debug id 336d6964-06b8-4162-89ba-6c88dd564b35)
    ~/35afc700-7ad7-4a1d-82bc-c466184658cb-177.js.map (debug id 35afc700-7ad7-4a1d-82bc-c466184658cb)
    ~/3687e7c0-4b5a-477f-bc15-e304d8da570e-41.js.map (debug id 3687e7c0-4b5a-477f-bc15-e304d8da570e)
    ~/369248a6-631a-4d64-8295-2161df4b7f45-158.js.map (debug id 369248a6-631a-4d64-8295-2161df4b7f45)
    ~/36f1bfe5-47fe-40e4-a045-95465d536f8b-123.js.map (debug id 36f1bfe5-47fe-40e4-a045-95465d536f8b)
    ~/37584573-67a8-441e-93b2-ce600a64bccb-17.js.map (debug id 37584573-67a8-441e-93b2-ce600a64bccb)
    ~/37bc50e7-def4-498b-9977-b225bbf69a56-338.js.map (debug id 37bc50e7-def4-498b-9977-b225bbf69a56)
    ~/383f1b58-cc38-494d-8b38-10811b58390b-321.js.map (debug id 383f1b58-cc38-494d-8b38-10811b58390b)
    ~/38842a7b-f482-46e3-b76e-33cbb1a4e509-235.js.map (debug id 38842a7b-f482-46e3-b76e-33cbb1a4e509)
    ~/3890c6ad-e79b-4249-920c-9dee06e97923-344.js.map (debug id 3890c6ad-e79b-4249-920c-9dee06e97923)
    ~/389a541f-369c-46d1-a776-0c7d9316ebaa-246.js.map (debug id 389a541f-369c-46d1-a776-0c7d9316ebaa)
    ~/38b816e6-d9d8-4527-9bff-d278516e47a5-215.js.map (debug id 38b816e6-d9d8-4527-9bff-d278516e47a5)
    ~/399d508d-9bfd-41a6-9e0e-7e2458e41cac-341.js.map (debug id 399d508d-9bfd-41a6-9e0e-7e2458e41cac)
    ~/3a285f1c-6185-4337-b3b2-a553642e3fba-194.js.map (debug id 3a285f1c-6185-4337-b3b2-a553642e3fba)
    ~/3ad588a2-9c5b-4ac8-981b-ad8005d61dcf-152.js.map (debug id 3ad588a2-9c5b-4ac8-981b-ad8005d61dcf)
    ~/3ae3334d-5771-4237-9ba8-26ef955d4e67-109.js.map (debug id 3ae3334d-5771-4237-9ba8-26ef955d4e67)
    ~/3b3176b9-c0cb-4566-8658-7224d6f4966b-140.js.map (debug id 3b3176b9-c0cb-4566-8658-7224d6f4966b)
    ~/3c43b139-aa64-42b8-a29c-33eb2b762d8e-75.js.map (debug id 3c43b139-aa64-42b8-a29c-33eb2b762d8e)
    ~/3cf11751-f834-4361-96d7-cbd02ac29685-285.js.map (debug id 3cf11751-f834-4361-96d7-cbd02ac29685)
    ~/3daf93fa-1ec7-4c21-b32d-bb0cd664b53c-221.js.map (debug id 3daf93fa-1ec7-4c21-b32d-bb0cd664b53c)
    ~/3e3423b4-4534-45bc-a02f-8ca6908d591a-217.js.map (debug id 3e3423b4-4534-45bc-a02f-8ca6908d591a)
    ~/3e65ba02-89e4-4d0d-838a-74de43837662-193.js.map (debug id 3e65ba02-89e4-4d0d-838a-74de43837662)
    ~/3e7e524e-aa71-448e-8d22-daf2f9bdf5ee-163.js.map (debug id 3e7e524e-aa71-448e-8d22-daf2f9bdf5ee)
    ~/3ea74b55-4000-4a7a-9662-6f19d2bb3847-314.js.map (debug id 3ea74b55-4000-4a7a-9662-6f19d2bb3847)
    ~/3f92e4e5-d8cd-4e1f-8843-b288c495e81a-191.js.map (debug id 3f92e4e5-d8cd-4e1f-8843-b288c495e81a)
    ~/40e168ac-deaf-43b3-a9c4-58cf7c32d73b-159.js.map (debug id 40e168ac-deaf-43b3-a9c4-58cf7c32d73b)
    ~/4250568c-2431-4bcd-9889-6f70119febfc-126.js.map (debug id 4250568c-2431-4bcd-9889-6f70119febfc)
    ~/433095d5-aac7-4c26-aa1d-d5750df614d2-18.js.map (debug id 433095d5-aac7-4c26-aa1d-d5750df614d2)
    ~/435f3f80-5207-4528-993d-eeb6191591c2-214.js.map (debug id 435f3f80-5207-4528-993d-eeb6191591c2)
    ~/43efd33c-aedb-4781-9857-109e8f784825-325.js.map (debug id 43efd33c-aedb-4781-9857-109e8f784825)
    ~/4406e79c-3c04-404e-be25-69122ecd2476-349.js.map (debug id 4406e79c-3c04-404e-be25-69122ecd2476)
    ~/440c640f-0cd5-4b81-8712-2946ef02092a-114.js.map (debug id 440c640f-0cd5-4b81-8712-2946ef02092a)
    ~/47f90ec4-4fa8-4083-83ea-a6a353cd2091-180.js.map (debug id 47f90ec4-4fa8-4083-83ea-a6a353cd2091)
    ~/47fb12ed-1c52-40ea-b7f8-840ee940c5c3-213.js.map (debug id 47fb12ed-1c52-40ea-b7f8-840ee940c5c3)
    ~/49f9265d-f074-4cd2-a1dc-129d2ca12656-30.js.map (debug id 49f9265d-f074-4cd2-a1dc-129d2ca12656)
    ~/4a2d6e44-9eea-4968-af7a-e2a6bd386eed-162.js.map (debug id 4a2d6e44-9eea-4968-af7a-e2a6bd386eed)
    ~/4abae222-d846-445d-9281-e2b0e49e10be-267.js.map (debug id 4abae222-d846-445d-9281-e2b0e49e10be)
    ~/4abc68e7-5512-467e-912b-6de9c78b621e-234.js.map (debug id 4abc68e7-5512-467e-912b-6de9c78b621e)
    ~/4ad7591f-103a-4a58-ac5d-3dc7fb52e1a9-165.js.map (debug id 4ad7591f-103a-4a58-ac5d-3dc7fb52e1a9)
    ~/4b360779-8858-43ab-9fca-a5b8b880f83c-88.js.map (debug id 4b360779-8858-43ab-9fca-a5b8b880f83c)
    ~/4b6f2cb3-7808-40ae-8286-730cf3295515-124.js.map (debug id 4b6f2cb3-7808-40ae-8286-730cf3295515)
    ~/4cd49dfd-cbd3-4f84-815f-1e9e4305129b-327.js.map (debug id 4cd49dfd-cbd3-4f84-815f-1e9e4305129b)
    ~/4f1d5318-bb96-4729-b045-92c6c7d10202-7.js.map (debug id 4f1d5318-bb96-4729-b045-92c6c7d10202)
    ~/50536649-c9b4-44ec-b30e-057ecafaf6e4-98.js.map (debug id 50536649-c9b4-44ec-b30e-057ecafaf6e4)
    ~/50b08e55-55ca-4e77-9320-50f63583b3cc-3.js.map (debug id 50b08e55-55ca-4e77-9320-50f63583b3cc)
    ~/50d13090-ced8-49df-acf5-463a753929ef-173.js.map (debug id 50d13090-ced8-49df-acf5-463a753929ef)
    ~/522554e6-baa5-4253-9c95-9d8122327308-169.js.map (debug id 522554e6-baa5-4253-9c95-9d8122327308)
    ~/52ce3363-4a44-40ac-9334-08998c5cbade-199.js.map (debug id 52ce3363-4a44-40ac-9334-08998c5cbade)
    ~/545a8418-c13b-44c8-9ad6-1683455c1981-65.js.map (debug id 545a8418-c13b-44c8-9ad6-1683455c1981)
    ~/55799200-2726-466a-9090-d1d6aa1f49eb-265.js.map (debug id 55799200-2726-466a-9090-d1d6aa1f49eb)
    ~/56c75a97-fb43-4de8-93b2-f721fb54ef4f-6.js.map (debug id 56c75a97-fb43-4de8-93b2-f721fb54ef4f)
    ~/571707fb-b033-49bb-b44a-86e735db533d-312.js.map (debug id 571707fb-b033-49bb-b44a-86e735db533d)
    ~/57cc3b4d-701f-4f60-930b-9ed979190956-176.js.map (debug id 57cc3b4d-701f-4f60-930b-9ed979190956)
    ~/57e3bb9d-0e61-4237-87e7-28862785ec54-208.js.map (debug id 57e3bb9d-0e61-4237-87e7-28862785ec54)
    ~/58385afc-b3d9-4b91-8073-f990eea24a3a-256.js.map (debug id 58385afc-b3d9-4b91-8073-f990eea24a3a)
    ~/58b3ee72-9afa-4013-8be3-29097b97f6ed-14.js.map (debug id 58b3ee72-9afa-4013-8be3-29097b97f6ed)
    ~/5b6199ca-cbc8-4dc4-bd82-e407ffbe5103-254.js.map (debug id 5b6199ca-cbc8-4dc4-bd82-e407ffbe5103)
    ~/5ba64476-37a9-4f52-82d7-c6a75a834aad-245.js.map (debug id 5ba64476-37a9-4f52-82d7-c6a75a834aad)
    ~/5bef5a5d-667b-419d-a9dc-11282cedf1d4-59.js.map (debug id 5bef5a5d-667b-419d-a9dc-11282cedf1d4)
    ~/5e20275d-9e90-4ddf-a06e-17e92d1dc894-252.js.map (debug id 5e20275d-9e90-4ddf-a06e-17e92d1dc894)
    ~/5e765395-c319-493b-9700-7a7aa7b1f1f9-241.js.map (debug id 5e765395-c319-493b-9700-7a7aa7b1f1f9)
    ~/5fa36bd2-25fd-48c7-906a-bdf8972a9fb5-147.js.map (debug id 5fa36bd2-25fd-48c7-906a-bdf8972a9fb5)
    ~/62c8e33c-caf8-4376-8a06-822d0f565dcb-288.js.map (debug id 62c8e33c-caf8-4376-8a06-822d0f565dcb)
    ~/63934ff5-9c74-4427-92df-00476ccc4cf5-219.js.map (debug id 63934ff5-9c74-4427-92df-00476ccc4cf5)
    ~/642a70bf-b0e9-4982-9447-ee7d32f226d0-155.js.map (debug id 642a70bf-b0e9-4982-9447-ee7d32f226d0)
    ~/64d2367a-c337-45d5-9d4c-95af5e22f786-236.js.map (debug id 64d2367a-c337-45d5-9d4c-95af5e22f786)
    ~/65d67a40-c84e-47a0-9f9d-82a695cb9760-322.js.map (debug id 65d67a40-c84e-47a0-9f9d-82a695cb9760)
    ~/65da9b9e-eef7-40bf-8579-68588530c865-119.js.map (debug id 65da9b9e-eef7-40bf-8579-68588530c865)
    ~/672da7ee-0df6-4928-979f-debaa1659628-73.js.map (debug id 672da7ee-0df6-4928-979f-debaa1659628)
    ~/6976a9fb-d334-4e50-95a8-5ada4fdb3112-8.js.map (debug id 6976a9fb-d334-4e50-95a8-5ada4fdb3112)
    ~/6a153997-c2b5-40ed-b349-194b91c262dd-205.js.map (debug id 6a153997-c2b5-40ed-b349-194b91c262dd)
    ~/6a7573e2-6cdb-437b-b48d-babb69d515a8-16.js.map (debug id 6a7573e2-6cdb-437b-b48d-babb69d515a8)
    ~/6ac29400-11f6-4fcf-8242-23f69a0179fb-294.js.map (debug id 6ac29400-11f6-4fcf-8242-23f69a0179fb)
    ~/6b0e4912-8f29-43d0-9232-37540e79f662-31.js.map (debug id 6b0e4912-8f29-43d0-9232-37540e79f662)
    ~/6be39ae6-c252-4c48-b2e1-d97c4ddf69c6-24.js.map (debug id 6be39ae6-c252-4c48-b2e1-d97c4ddf69c6)
    ~/6c0d16a2-0fd4-4716-a2b9-7af7b73d012a-83.js.map (debug id 6c0d16a2-0fd4-4716-a2b9-7af7b73d012a)
    ~/6c2b7b99-aa84-4d3c-bbc8-d02eb533df4e-23.js.map (debug id 6c2b7b99-aa84-4d3c-bbc8-d02eb533df4e)
    ~/6d24b2f5-8199-46b8-ad93-9bde97985cd9-240.js.map (debug id 6d24b2f5-8199-46b8-ad93-9bde97985cd9)
    ~/6ed5bfe9-e814-4f6f-b246-7c65f441863e-141.js.map (debug id 6ed5bfe9-e814-4f6f-b246-7c65f441863e)
    ~/6f1bf0ee-5e7b-4934-9d15-53f3b458c730-46.js.map (debug id 6f1bf0ee-5e7b-4934-9d15-53f3b458c730)
    ~/71618830-42cd-4e45-81d3-ff538f55f038-336.js.map (debug id 71618830-42cd-4e45-81d3-ff538f55f038)
    ~/71d9d0ac-138f-4e09-aac5-10769b7f202f-84.js.map (debug id 71d9d0ac-138f-4e09-aac5-10769b7f202f)
    ~/72b28bfd-e37c-43d7-a766-1c89add198f4-251.js.map (debug id 72b28bfd-e37c-43d7-a766-1c89add198f4)
    ~/7323cc6d-f26f-42e9-9a18-44775dd63fb2-175.js.map (debug id 7323cc6d-f26f-42e9-9a18-44775dd63fb2)
    ~/735a623f-c403-4cca-85ce-f8ba84c92b9f-22.js.map (debug id 735a623f-c403-4cca-85ce-f8ba84c92b9f)
    ~/738e446e-7bfb-4df5-921e-c24d6b6a7af7-308.js.map (debug id 738e446e-7bfb-4df5-921e-c24d6b6a7af7)
    ~/745a2da0-fc52-4303-91d3-f7860ed27f43-348.js.map (debug id 745a2da0-fc52-4303-91d3-f7860ed27f43)
    ~/7570412a-b1c8-4e5d-87f8-9476ffd96d40-318.js.map (debug id 7570412a-b1c8-4e5d-87f8-9476ffd96d40)
    ~/76256453-aae2-4541-a6b6-dcbc98e8edbd-138.js.map (debug id 76256453-aae2-4541-a6b6-dcbc98e8edbd)
    ~/76e6f3ec-dc71-43c0-baee-485a4a8c2150-228.js.map (debug id 76e6f3ec-dc71-43c0-baee-485a4a8c2150)
    ~/76f11df1-4f86-4d9c-8afb-e248171458f3-76.js.map (debug id 76f11df1-4f86-4d9c-8afb-e248171458f3)
    ~/770782b6-08d2-4e93-a555-a8c9d3624ecd-250.js.map (debug id 770782b6-08d2-4e93-a555-a8c9d3624ecd)
    ~/78d75680-20f8-4ca3-98ab-a24477023d6e-302.js.map (debug id 78d75680-20f8-4ca3-98ab-a24477023d6e)
    ~/78fe0190-ad67-484d-8202-95db834c328c-136.js.map (debug id 78fe0190-ad67-484d-8202-95db834c328c)
    ~/7a37859d-f0e7-4273-be74-6edbe2cc840c-331.js.map (debug id 7a37859d-f0e7-4273-be74-6edbe2cc840c)
    ~/7ad64435-2c37-4871-a687-06e0d917bd3d-287.js.map (debug id 7ad64435-2c37-4871-a687-06e0d917bd3d)
    ~/7ba969f2-c5c3-401f-9c1b-5e50ad9486b7-132.js.map (debug id 7ba969f2-c5c3-401f-9c1b-5e50ad9486b7)
    ~/7c3ed649-b64b-4d9d-a616-9fb05fb90039-227.js.map (debug id 7c3ed649-b64b-4d9d-a616-9fb05fb90039)
    ~/7d466fd9-35bd-42ef-8665-a4f34076a9e8-248.js.map (debug id 7d466fd9-35bd-42ef-8665-a4f34076a9e8)
    ~/7dd8961c-c7fe-4c71-a2e4-a9cd9ad5209d-307.js.map (debug id 7dd8961c-c7fe-4c71-a2e4-a9cd9ad5209d)
    ~/7e31bc2b-2fcf-43a6-9fff-5753eb8f5149-32.js.map (debug id 7e31bc2b-2fcf-43a6-9fff-5753eb8f5149)
    ~/8191155b-a106-4ca8-a7a2-30598797fe57-316.js.map (debug id 8191155b-a106-4ca8-a7a2-30598797fe57)
    ~/82408af3-b406-4e82-89de-73cb052ded2a-216.js.map (debug id 82408af3-b406-4e82-89de-73cb052ded2a)
    ~/82d0924f-33b6-4aa0-bc1b-d2c33b6fb496-60.js.map (debug id 82d0924f-33b6-4aa0-bc1b-d2c33b6fb496)
    ~/82f5c1c3-9312-41c2-86ac-67c0d4fce841-143.js.map (debug id 82f5c1c3-9312-41c2-86ac-67c0d4fce841)
    ~/82f8bdb7-c9c6-44e3-a5d0-3bd5a5247e49-89.js.map (debug id 82f8bdb7-c9c6-44e3-a5d0-3bd5a5247e49)
    ~/862cb897-e3fa-48a1-9ee1-f02c7a6b10b1-50.js.map (debug id 862cb897-e3fa-48a1-9ee1-f02c7a6b10b1)
    ~/87315e41-0094-4803-8c2e-d39e89a04a75-15.js.map (debug id 87315e41-0094-4803-8c2e-d39e89a04a75)
    ~/87344a36-4484-4d8e-ac54-bb9969adba16-330.js.map (debug id 87344a36-4484-4d8e-ac54-bb9969adba16)
    ~/89b8f13c-ffcd-4880-9aa5-ec1066761c97-353.js.map (debug id 89b8f13c-ffcd-4880-9aa5-ec1066761c97)
    ~/8a286d23-9d51-43e6-ae0e-273af8769a6e-201.js.map (debug id 8a286d23-9d51-43e6-ae0e-273af8769a6e)
    ~/8c8c0b53-2388-4adc-ade3-b49790de3df1-184.js.map (debug id 8c8c0b53-2388-4adc-ade3-b49790de3df1)
    ~/8d094c15-4205-4417-b2ad-2b29c29bc8f2-337.js.map (debug id 8d094c15-4205-4417-b2ad-2b29c29bc8f2)
    ~/8d1baa3e-c9d9-459a-b620-4669a1c70613-101.js.map (debug id 8d1baa3e-c9d9-459a-b620-4669a1c70613)
    ~/8d58676e-8b76-41d5-a90d-38ff325a8df4-113.js.map (debug id 8d58676e-8b76-41d5-a90d-38ff325a8df4)
    ~/8d95b7cf-3f4b-47da-8ab9-be917c31c826-284.js.map (debug id 8d95b7cf-3f4b-47da-8ab9-be917c31c826)
    ~/8d9750cf-00d6-4bc8-80df-a8b2c3c7aa07-26.js.map (debug id 8d9750cf-00d6-4bc8-80df-a8b2c3c7aa07)
    ~/8dade2ec-245f-48ab-ae61-0b379e79dc45-274.js.map (debug id 8dade2ec-245f-48ab-ae61-0b379e79dc45)
    ~/8dc42e3b-2228-446f-951c-58d629ae5644-96.js.map (debug id 8dc42e3b-2228-446f-951c-58d629ae5644)
    ~/8e5c5882-e2aa-42c6-8448-0014b52decd9-142.js.map (debug id 8e5c5882-e2aa-42c6-8448-0014b52decd9)
    ~/8e6e714b-ce48-4247-a0ec-cb9f9925d3dc-222.js.map (debug id 8e6e714b-ce48-4247-a0ec-cb9f9925d3dc)
    ~/8e755fab-46e0-4510-941a-ffacf3bf00f5-10.js.map (debug id 8e755fab-46e0-4510-941a-ffacf3bf00f5)
    ~/8ef50a2d-b004-42d8-8e47-f7a9491fa19d-29.js.map (debug id 8ef50a2d-b004-42d8-8e47-f7a9491fa19d)
    ~/8f8594d9-4196-44a7-83a8-eb58033684bd-110.js.map (debug id 8f8594d9-4196-44a7-83a8-eb58033684bd)
    ~/8f969610-179e-45ca-9c26-286f8424c1df-153.js.map (debug id 8f969610-179e-45ca-9c26-286f8424c1df)
    ~/8faf9123-e682-4cb6-b1d4-07448a9c0ddd-303.js.map (debug id 8faf9123-e682-4cb6-b1d4-07448a9c0ddd)
    ~/8ff47a52-e3f3-426c-9e29-2b5863a17ee5-283.js.map (debug id 8ff47a52-e3f3-426c-9e29-2b5863a17ee5)
    ~/9009ecf1-f6c8-45cf-9152-f2787d22591e-20.js.map (debug id 9009ecf1-f6c8-45cf-9152-f2787d22591e)
    ~/907ab307-2ba1-49c1-a992-864874181624-164.js.map (debug id 907ab307-2ba1-49c1-a992-864874181624)
    ~/90854797-197d-4eb8-9fd6-d0b1acbcd578-55.js.map (debug id 90854797-197d-4eb8-9fd6-d0b1acbcd578)
    ~/91e0753c-1c84-4bfa-baf7-35214edb227f-295.js.map (debug id 91e0753c-1c84-4bfa-baf7-35214edb227f)
    ~/9295d754-da35-4e83-87ca-33563fd8d779-270.js.map (debug id 9295d754-da35-4e83-87ca-33563fd8d779)
    ~/93e9bbf9-daca-4a6c-8a14-61de87cb2662-281.js.map (debug id 93e9bbf9-daca-4a6c-8a14-61de87cb2662)
    ~/97e4e857-e7ad-473b-a019-07e026ef9061-196.js.map (debug id 97e4e857-e7ad-473b-a019-07e026ef9061)
    ~/98feac52-b614-46ad-92e9-f05448e83a24-121.js.map (debug id 98feac52-b614-46ad-92e9-f05448e83a24)
    ~/99e98b81-0ffb-49fc-b460-f6abce0a1719-207.js.map (debug id 99e98b81-0ffb-49fc-b460-f6abce0a1719)
    ~/9aa3eb95-b8ec-462c-8967-635529f961c5-156.js.map (debug id 9aa3eb95-b8ec-462c-8967-635529f961c5)
    ~/9ae0edfe-d647-4321-a783-1ddf2defbd8d-260.js.map (debug id 9ae0edfe-d647-4321-a783-1ddf2defbd8d)
    ~/9b222af1-1d46-42c1-b04b-ad3a068f31f6-82.js.map (debug id 9b222af1-1d46-42c1-b04b-ad3a068f31f6)
    ~/9cf1719b-d806-4cfb-80a9-4f86a638bfd8-47.js.map (debug id 9cf1719b-d806-4cfb-80a9-4f86a638bfd8)
    ~/9da3d9f1-baf0-4d7d-983a-79d0d4060e76-333.js.map (debug id 9da3d9f1-baf0-4d7d-983a-79d0d4060e76)
    ~/9e0abc71-3153-40a0-bbc1-e8b7ca95d042-335.js.map (debug id 9e0abc71-3153-40a0-bbc1-e8b7ca95d042)
    ~/9e124c79-2278-45b3-8bff-aa1ed42070b5-167.js.map (debug id 9e124c79-2278-45b3-8bff-aa1ed42070b5)
    ~/9ec8ac5c-cdc6-4d70-92ae-6107717dd9e7-187.js.map (debug id 9ec8ac5c-cdc6-4d70-92ae-6107717dd9e7)
    ~/9f718506-731c-4e64-8eef-e45af0bf48de-87.js.map (debug id 9f718506-731c-4e64-8eef-e45af0bf48de)
    ~/9f92ce25-a189-4ebe-af2a-9256af6ab785-195.js.map (debug id 9f92ce25-a189-4ebe-af2a-9256af6ab785)
    ~/9fe296f4-1ac7-42ac-b30e-ab40070ec736-93.js.map (debug id 9fe296f4-1ac7-42ac-b30e-ab40070ec736)
    ~/a0e555f8-a82e-4f34-979d-2d54eebb1c5d-300.js.map (debug id a0e555f8-a82e-4f34-979d-2d54eebb1c5d)
    ~/a32c5fd5-4af4-46d6-885c-d0e2ff69b917-144.js.map (debug id a32c5fd5-4af4-46d6-885c-d0e2ff69b917)
    ~/a32c960d-b7a9-4a6d-8826-99c61474949a-170.js.map (debug id a32c960d-b7a9-4a6d-8826-99c61474949a)
    ~/a391f1f4-147d-4c99-9459-b56ea28c6a97-243.js.map (debug id a391f1f4-147d-4c99-9459-b56ea28c6a97)
    ~/a44ebded-564e-4f29-a793-514db9af7b2c-100.js.map (debug id a44ebded-564e-4f29-a793-514db9af7b2c)
    ~/a4e8229f-0a56-47bc-886e-76ac6d01137e-313.js.map (debug id a4e8229f-0a56-47bc-886e-76ac6d01137e)
    ~/a644e862-4f51-45a2-866c-bd0885f21bee-263.js.map (debug id a644e862-4f51-45a2-866c-bd0885f21bee)
    ~/a676903b-4e20-455f-aa5c-5b53a5aca181-1.js.map (debug id a676903b-4e20-455f-aa5c-5b53a5aca181)
    ~/a74b8acd-6b6c-4346-8a50-7e1203584f66-149.js.map (debug id a74b8acd-6b6c-4346-8a50-7e1203584f66)
    ~/a8057fab-1aa6-4ef8-8717-bb0fe358bfb5-220.js.map (debug id a8057fab-1aa6-4ef8-8717-bb0fe358bfb5)
    ~/a822c8cb-6344-4c46-9e73-9048f45ab77b-242.js.map (debug id a822c8cb-6344-4c46-9e73-9048f45ab77b)
    ~/a84ca9a3-3b56-4092-858c-9b86a6f01e4e-131.js.map (debug id a84ca9a3-3b56-4092-858c-9b86a6f01e4e)
    ~/ab1179d2-09c5-4140-9224-e7c1543207fd-12.js.map (debug id ab1179d2-09c5-4140-9224-e7c1543207fd)
    ~/ab16dbb3-3b89-4ff5-9632-ba2b1049c85b-230.js.map (debug id ab16dbb3-3b89-4ff5-9632-ba2b1049c85b)
    ~/ab9b014a-02da-469c-a963-1b4d48a308dc-133.js.map (debug id ab9b014a-02da-469c-a963-1b4d48a308dc)
    ~/abe8322b-2d45-47db-bc15-6fc23b81647b-324.js.map (debug id abe8322b-2d45-47db-bc15-6fc23b81647b)
    ~/ac3fb04c-60a8-4cf0-9c87-f76dda6e5f48-4.js.map (debug id ac3fb04c-60a8-4cf0-9c87-f76dda6e5f48)
    ~/ac4de8a1-5eb5-4da9-9f81-ec43db516915-192.js.map (debug id ac4de8a1-5eb5-4da9-9f81-ec43db516915)
    ~/ad35a33a-fd5d-4e22-8730-45dc504fe683-329.js.map (debug id ad35a33a-fd5d-4e22-8730-45dc504fe683)
    ~/ad3f4fe9-a0c4-438c-bb2b-7e72a93b19ee-160.js.map (debug id ad3f4fe9-a0c4-438c-bb2b-7e72a93b19ee)
    ~/ad737a4e-a712-42dc-83ac-02c6dea4dac9-117.js.map (debug id ad737a4e-a712-42dc-83ac-02c6dea4dac9)
    ~/ae50397b-717c-40e2-a3b1-cb5255aa8359-253.js.map (debug id ae50397b-717c-40e2-a3b1-cb5255aa8359)
    ~/ae98b02e-6e12-42ca-b21c-d2d6df049e23-120.js.map (debug id ae98b02e-6e12-42ca-b21c-d2d6df049e23)
    ~/af417b02-01cd-4626-8d3d-f40e10c9d6f4-146.js.map (debug id af417b02-01cd-4626-8d3d-f40e10c9d6f4)
    ~/b07088db-43fc-4927-9319-e874858f436e-218.js.map (debug id b07088db-43fc-4927-9319-e874858f436e)
    ~/b125f86a-e428-4a21-bc16-b6dc6da8a44d-296.js.map (debug id b125f86a-e428-4a21-bc16-b6dc6da8a44d)
    ~/b147fd9c-ed8c-4b35-927d-b420faa8b51a-66.js.map (debug id b147fd9c-ed8c-4b35-927d-b420faa8b51a)
    ~/b157a8a5-b188-4a79-9c5a-e01e28392aa5-68.js.map (debug id b157a8a5-b188-4a79-9c5a-e01e28392aa5)
    ~/b246277d-82d1-4ad1-9af4-e3a64f449179-211.js.map (debug id b246277d-82d1-4ad1-9af4-e3a64f449179)
    ~/b2facfc5-e7dc-4411-bacd-eed2f318009f-334.js.map (debug id b2facfc5-e7dc-4411-bacd-eed2f318009f)
    ~/b343288d-1a87-49a1-ab18-5c286fb77c76-297.js.map (debug id b343288d-1a87-49a1-ab18-5c286fb77c76)
    ~/b38c950a-546f-4eed-884c-4f11e844c37b-247.js.map (debug id b38c950a-546f-4eed-884c-4f11e844c37b)
    ~/b6238231-6cd1-4e23-986b-594669fe32e7-63.js.map (debug id b6238231-6cd1-4e23-986b-594669fe32e7)
    ~/b72a9f4a-c4c1-403e-9df3-95eb6b5c1056-85.js.map (debug id b72a9f4a-c4c1-403e-9df3-95eb6b5c1056)
    ~/b78272d2-e136-42a4-acac-a554b4e51025-130.js.map (debug id b78272d2-e136-42a4-acac-a554b4e51025)
    ~/b7ee8d15-b80f-4295-b4df-f5298de8f0be-118.js.map (debug id b7ee8d15-b80f-4295-b4df-f5298de8f0be)
    ~/b7ef0237-9dc4-4269-9cc9-464f7d3655a1-95.js.map (debug id b7ef0237-9dc4-4269-9cc9-464f7d3655a1)
    ~/b90ac8ec-7eec-4db3-8b32-31ef9f4def09-269.js.map (debug id b90ac8ec-7eec-4db3-8b32-31ef9f4def09)
    ~/b93e73a9-4f2d-4a34-a341-9ebdff6af739-92.js.map (debug id b93e73a9-4f2d-4a34-a341-9ebdff6af739)
    ~/b964ace9-e80f-4bdf-8a1f-7ea25bff4cfa-231.js.map (debug id b964ace9-e80f-4bdf-8a1f-7ea25bff4cfa)
    ~/b99ffc48-4529-481a-aafa-40df31edca0d-225.js.map (debug id b99ffc48-4529-481a-aafa-40df31edca0d)
    ~/ba656d28-8494-433c-9de6-a10afa9ce5d8-49.js.map (debug id ba656d28-8494-433c-9de6-a10afa9ce5d8)
    ~/ba84077b-a246-4944-92d8-918bad2963ce-223.js.map (debug id ba84077b-a246-4944-92d8-918bad2963ce)
    ~/bb4fa3d4-89f1-42ba-828b-9cb542fbbba4-42.js.map (debug id bb4fa3d4-89f1-42ba-828b-9cb542fbbba4)
    ~/bc54420d-85bf-438d-9d52-6e0dbbbfc7c3-129.js.map (debug id bc54420d-85bf-438d-9d52-6e0dbbbfc7c3)
    ~/bc9197a4-a7c2-41ce-94be-6b0628080812-346.js.map (debug id bc9197a4-a7c2-41ce-94be-6b0628080812)
    ~/bc9570d9-ddef-42bc-8082-2687567c6e72-232.js.map (debug id bc9570d9-ddef-42bc-8082-2687567c6e72)
    ~/bd45b150-0b0a-431b-b427-ace5dde99bcf-174.js.map (debug id bd45b150-0b0a-431b-b427-ace5dde99bcf)
    ~/bd8ac9da-2117-4fcf-a273-495413a7cb28-290.js.map (debug id bd8ac9da-2117-4fcf-a273-495413a7cb28)
    ~/bdb31b39-0c16-46be-9b62-42f876382659-273.js.map (debug id bdb31b39-0c16-46be-9b62-42f876382659)
    ~/bde789ad-d339-4c86-8557-364b083e64f7-145.js.map (debug id bde789ad-d339-4c86-8557-364b083e64f7)
    ~/bf731df1-ff30-40b4-8858-7ab65361d7dd-57.js.map (debug id bf731df1-ff30-40b4-8858-7ab65361d7dd)
    ~/bfaefdc4-8431-478f-843e-d18f6856ef9a-135.js.map (debug id bfaefdc4-8431-478f-843e-d18f6856ef9a)
    ~/c06d7f31-8f86-4879-a6f2-09f9c98d3146-286.js.map (debug id c06d7f31-8f86-4879-a6f2-09f9c98d3146)
    ~/c0bcf78a-2af0-4608-8a50-ac673b3976b2-157.js.map (debug id c0bcf78a-2af0-4608-8a50-ac673b3976b2)
    ~/c0f75f84-d352-4a06-a887-506e2adb5aea-35.js.map (debug id c0f75f84-d352-4a06-a887-506e2adb5aea)
    ~/c258abe6-05a6-45e2-81f6-660a73218bb9-105.js.map (debug id c258abe6-05a6-45e2-81f6-660a73218bb9)
    ~/c289d9d9-3307-44ac-9646-1462d461426e-347.js.map (debug id c289d9d9-3307-44ac-9646-1462d461426e)
    ~/c2af2f11-16a1-4298-8713-cc68b5ce53e7-86.js.map (debug id c2af2f11-16a1-4298-8713-cc68b5ce53e7)
    ~/c33730df-3f39-4ed2-bf08-dc00c1425b04-116.js.map (debug id c33730df-3f39-4ed2-bf08-dc00c1425b04)
    ~/c34f76c4-c6bf-45ad-9942-c65378f7bc91-172.js.map (debug id c34f76c4-c6bf-45ad-9942-c65378f7bc91)
    ~/c3c8d368-45c7-439a-b7f7-981939a1f0e4-25.js.map (debug id c3c8d368-45c7-439a-b7f7-981939a1f0e4)
    ~/c4101084-29b6-47f3-86b8-034dd3d28c28-21.js.map (debug id c4101084-29b6-47f3-86b8-034dd3d28c28)
    ~/c591cbb0-8d3a-4484-9230-f2513bac1c4c-154.js.map (debug id c591cbb0-8d3a-4484-9230-f2513bac1c4c)
    ~/c65f923e-d97f-4c72-9f3c-6de61db1d149-54.js.map (debug id c65f923e-d97f-4c72-9f3c-6de61db1d149)
    ~/c7ad7cd4-29e5-4807-9be2-55a0249196af-291.js.map (debug id c7ad7cd4-29e5-4807-9be2-55a0249196af)
    ~/c904b001-815f-41e2-a785-b3f3b9533bac-203.js.map (debug id c904b001-815f-41e2-a785-b3f3b9533bac)
    ~/c9275c58-f005-432e-aced-825737ce8b2e-323.js.map (debug id c9275c58-f005-432e-aced-825737ce8b2e)
    ~/c9a4b153-5a44-4851-b775-556037bf0e5d-328.js.map (debug id c9a4b153-5a44-4851-b775-556037bf0e5d)
    ~/c9b3f1a1-1770-49cb-80d0-f2f5f63cf933-103.js.map (debug id c9b3f1a1-1770-49cb-80d0-f2f5f63cf933)
    ~/cb6b2a67-cfa6-4d44-bf5c-a86e26358c83-262.js.map (debug id cb6b2a67-cfa6-4d44-bf5c-a86e26358c83)
    ~/cc580b4a-3656-49d0-8a13-0af6dde1e6be-178.js.map (debug id cc580b4a-3656-49d0-8a13-0af6dde1e6be)
    ~/cd6e44fb-f905-4691-bce4-ae53b71718e1-354.js.map (debug id cd6e44fb-f905-4691-bce4-ae53b71718e1)
    ~/ced9cb29-d9c8-447d-a0a1-714cee7a33d1-268.js.map (debug id ced9cb29-d9c8-447d-a0a1-714cee7a33d1)
    ~/cf0cefdc-aabc-4d8e-82dd-6439d2193487-226.js.map (debug id cf0cefdc-aabc-4d8e-82dd-6439d2193487)
    ~/cf1df05b-7937-4307-990b-76b8db65a12c-345.js.map (debug id cf1df05b-7937-4307-990b-76b8db65a12c)
    ~/cf363b62-dae3-4985-bc91-16f15b594abf-340.js.map (debug id cf363b62-dae3-4985-bc91-16f15b594abf)
    ~/cfc7653e-32c3-41fb-a61d-2fcdb818a302-342.js.map (debug id cfc7653e-32c3-41fb-a61d-2fcdb818a302)
    ~/d0b55b26-312d-4817-aff1-5c460ef49559-91.js.map (debug id d0b55b26-312d-4817-aff1-5c460ef49559)
    ~/d0fec1bd-13c7-4fa0-bf9d-8bc00c893fa3-352.js.map (debug id d0fec1bd-13c7-4fa0-bf9d-8bc00c893fa3)
    ~/d17b27c8-8225-45c2-87c3-5d5392f51596-309.js.map (debug id d17b27c8-8225-45c2-87c3-5d5392f51596)
    ~/d5d3f51a-dbb5-4bb5-a00f-6bb43b9a1ea5-36.js.map (debug id d5d3f51a-dbb5-4bb5-a00f-6bb43b9a1ea5)
    ~/d8406531-2511-4ec2-add4-7048f3b1c83e-33.js.map (debug id d8406531-2511-4ec2-add4-7048f3b1c83e)
    ~/d9736725-8d80-4cb0-8dfd-9bfdc7f6d63e-127.js.map (debug id d9736725-8d80-4cb0-8dfd-9bfdc7f6d63e)
    ~/da51476b-c654-45ea-a1c0-c08257cdf483-351.js.map (debug id da51476b-c654-45ea-a1c0-c08257cdf483)
    ~/db38dffa-04c5-4153-895b-a03a5d27c19e-79.js.map (debug id db38dffa-04c5-4153-895b-a03a5d27c19e)
    ~/db8425e3-d01b-46de-9f34-347b8e2a46a7-99.js.map (debug id db8425e3-d01b-46de-9f34-347b8e2a46a7)
    ~/dba9714b-4e26-4478-af75-2191d08189db-292.js.map (debug id dba9714b-4e26-4478-af75-2191d08189db)
    ~/dbfd1d09-505e-4e76-85f2-7f1265d1cf14-148.js.map (debug id dbfd1d09-505e-4e76-85f2-7f1265d1cf14)
    ~/dce581cc-1084-4480-97c3-32808abd1f57-107.js.map (debug id dce581cc-1084-4480-97c3-32808abd1f57)
    ~/dcf0f9d3-83d3-40af-80c9-bab3c595f6d9-13.js.map (debug id dcf0f9d3-83d3-40af-80c9-bab3c595f6d9)
    ~/dd2565ce-65d9-48e2-8505-3913e61ea107-261.js.map (debug id dd2565ce-65d9-48e2-8505-3913e61ea107)
    ~/ddf22308-6520-4555-8edb-1dddfaf898c0-166.js.map (debug id ddf22308-6520-4555-8edb-1dddfaf898c0)
    ~/de4db3b7-5865-4269-8f43-7daedf68283d-326.js.map (debug id de4db3b7-5865-4269-8f43-7daedf68283d)
    ~/de8aac15-5a34-4c05-8663-d42d4e3e4b8c-56.js.map (debug id de8aac15-5a34-4c05-8663-d42d4e3e4b8c)
    ~/dece6b7d-eedd-4e89-8ab8-087a2293bb21-150.js.map (debug id dece6b7d-eedd-4e89-8ab8-087a2293bb21)
    ~/df2015d7-7591-406e-abb4-e95ece2ef84c-134.js.map (debug id df2015d7-7591-406e-abb4-e95ece2ef84c)
    ~/dfc69859-a103-49b1-aa7b-a83689056e6d-161.js.map (debug id dfc69859-a103-49b1-aa7b-a83689056e6d)
    ~/e0775e0b-50f1-434a-a494-61db8f9f7bbe-332.js.map (debug id e0775e0b-50f1-434a-a494-61db8f9f7bbe)
    ~/e0cd525d-eba5-4c43-bbef-f18b5e98103b-185.js.map (debug id e0cd525d-eba5-4c43-bbef-f18b5e98103b)
    ~/e1d06d48-2b33-4d54-81cb-9960edec0ff0-200.js.map (debug id e1d06d48-2b33-4d54-81cb-9960edec0ff0)
    ~/e2760440-5fc9-4d8e-87c8-a4ba1d5be7eb-317.js.map (debug id e2760440-5fc9-4d8e-87c8-a4ba1d5be7eb)
    ~/e32101d3-e2f4-4493-9630-4be0b96ff790-2.js.map (debug id e32101d3-e2f4-4493-9630-4be0b96ff790)
    ~/e4e26de0-0d4c-42b0-9fa5-165673cab81d-28.js.map (debug id e4e26de0-0d4c-42b0-9fa5-165673cab81d)
    ~/e4f5c07e-3384-4845-8cb2-53affcaa100d-181.js.map (debug id e4f5c07e-3384-4845-8cb2-53affcaa100d)
    ~/e61f030b-2bf5-4f13-965e-3ee7274c0ccc-212.js.map (debug id e61f030b-2bf5-4f13-965e-3ee7274c0ccc)
    ~/e62cf234-162f-4beb-8b56-65029f77afa3-58.js.map (debug id e62cf234-162f-4beb-8b56-65029f77afa3)
    ~/e662f7fa-2183-4d0d-8af8-0ddfc4fc863d-304.js.map (debug id e662f7fa-2183-4d0d-8af8-0ddfc4fc863d)
    ~/e669aef8-691b-49d2-9ab8-05aa0c88e7ef-278.js.map (debug id e669aef8-691b-49d2-9ab8-05aa0c88e7ef)
    ~/e6b27739-34e0-4230-9f2c-f04908989578-38.js.map (debug id e6b27739-34e0-4230-9f2c-f04908989578)
    ~/e7049c94-9a12-40ec-a77e-2b8fe2ce8903-350.js.map (debug id e7049c94-9a12-40ec-a77e-2b8fe2ce8903)
    ~/e7cfd408-0f13-4a59-a9bd-6bd844d76e3c-168.js.map (debug id e7cfd408-0f13-4a59-a9bd-6bd844d76e3c)
    ~/e848c433-4c18-4159-903a-78da6920542d-9.js.map (debug id e848c433-4c18-4159-903a-78da6920542d)
    ~/e850661d-1121-46a4-8a7a-b9b9d8012868-43.js.map (debug id e850661d-1121-46a4-8a7a-b9b9d8012868)
    ~/e8de3e60-e8b9-4025-929c-3896ef26b3b1-102.js.map (debug id e8de3e60-e8b9-4025-929c-3896ef26b3b1)
    ~/e8f1a8a7-109a-4de4-8ab5-c8feb9d954c6-259.js.map (debug id e8f1a8a7-109a-4de4-8ab5-c8feb9d954c6)
    ~/eb507d12-87cd-4056-825d-c5a7960d248b-0.js.map (debug id eb507d12-87cd-4056-825d-c5a7960d248b)
    ~/ec69c9b3-1570-47ce-9bbf-cbf0ad4e133c-233.js.map (debug id ec69c9b3-1570-47ce-9bbf-cbf0ad4e133c)
    ~/ee6bfb5d-ad12-4f96-a92f-5f4470b1ab0c-112.js.map (debug id ee6bfb5d-ad12-4f96-a92f-5f4470b1ab0c)
    ~/efc7218a-f6bf-4e5a-aa97-b48311239b51-45.js.map (debug id efc7218a-f6bf-4e5a-aa97-b48311239b51)
    ~/f030fe42-888a-4a8a-ac9e-764c293af726-44.js.map (debug id f030fe42-888a-4a8a-ac9e-764c293af726)
    ~/f063cd19-84cf-42c3-8677-11c5fb55c9aa-280.js.map (debug id f063cd19-84cf-42c3-8677-11c5fb55c9aa)
    ~/f265dd1c-2496-4635-b230-6d7a5c4834a1-52.js.map (debug id f265dd1c-2496-4635-b230-6d7a5c4834a1)
    ~/f4e79006-bee9-4ac3-96f7-79f787bd8dc2-90.js.map (debug id f4e79006-bee9-4ac3-96f7-79f787bd8dc2)
    ~/f4f05a3d-55e8-4625-babc-fd0b23636c63-34.js.map (debug id f4f05a3d-55e8-4625-babc-fd0b23636c63)
    ~/f5389e47-4179-460b-afba-5a72c7b7b09d-27.js.map (debug id f5389e47-4179-460b-afba-5a72c7b7b09d)
    ~/f5eb0853-44dc-4171-b6a1-a43dc507cf6d-206.js.map (debug id f5eb0853-44dc-4171-b6a1-a43dc507cf6d)
    ~/f605bf0e-e37d-45b6-9673-bea38fd28c14-204.js.map (debug id f605bf0e-e37d-45b6-9673-bea38fd28c14)
    ~/f6b4e2a4-06cf-476e-b3b8-f480bcc6fdd0-276.js.map (debug id f6b4e2a4-06cf-476e-b3b8-f480bcc6fdd0)
    ~/f7de15cd-53da-4005-90d5-c8df3874d277-78.js.map (debug id f7de15cd-53da-4005-90d5-c8df3874d277)
    ~/f80b1693-123b-4856-ab1a-79ac098514a0-40.js.map (debug id f80b1693-123b-4856-ab1a-79ac098514a0)
    ~/f8471c9f-e0c0-4d00-9518-15a79b8161ba-171.js.map (debug id f8471c9f-e0c0-4d00-9518-15a79b8161ba)
    ~/f89491c7-3b7e-4864-9e7b-440b60e04831-257.js.map (debug id f89491c7-3b7e-4864-9e7b-440b60e04831)
    ~/f96e7c34-c51f-448c-88a3-05f527493a46-197.js.map (debug id f96e7c34-c51f-448c-88a3-05f527493a46)
    ~/f9d12a30-7983-4e7a-ac44-3a7a5001b77a-311.js.map (debug id f9d12a30-7983-4e7a-ac44-3a7a5001b77a)
    ~/fa65637b-f4e4-4fb5-83ab-4ec74a9223f2-239.js.map (debug id fa65637b-f4e4-4fb5-83ab-4ec74a9223f2)
    ~/fbc04181-9616-4a7e-a3b7-f09c084ee4f2-125.js.map (debug id fbc04181-9616-4a7e-a3b7-f09c084ee4f2)
    ~/fc541d13-1194-4d56-8672-b1654a48b41e-72.js.map (debug id fc541d13-1194-4d56-8672-b1654a48b41e)
    ~/fd7b0d21-a6e4-4d6a-8269-c5f307e1e38d-67.js.map (debug id fd7b0d21-a6e4-4d6a-8269-c5f307e1e38d)
    ~/fdfde8e9-86e4-429f-ba1d-991b0a82c792-151.js.map (debug id fdfde8e9-86e4-429f-ba1d-991b0a82c792)
    ~/ff0d80a1-5419-4907-9e01-be9bb4460d45-139.js.map (debug id ff0d80a1-5419-4907-9e01-be9bb4460d45)
    ~/ff5d7abe-f9ac-4d6e-90ae-aa9e14bb75d3-272.js.map (debug id ff5d7abe-f9ac-4d6e-90ae-aa9e14bb75d3)
    ~/ffd03fc8-9cb9-456a-aa21-40c20f42bf64-80.js.map (debug id ffd03fc8-9cb9-456a-aa21-40c20f42bf64)
[@sentry/nextjs - Node.js] Info: Successfully uploaded source maps to Sentry
[@sentry/nextjs - Edge] Info: Sending telemetry data on issues and performance to Sentry. To disable telemetry, set `options.telemetry` to `false`.
> Found 720 files
> Analyzing 720 sources
> Analyzing completed in 0.04s
> Adding source map references
> Bundling completed in 1.221s
> Bundled 720 files for upload
> Bundle ID: 4d8acbb1-47b8-5e93-9cd2-75e5839b3534
> Optimizing completed in 0.035s
> Uploading completed in 1.39s
> Uploaded files to Sentry
> Processing completed in 0.151s
> File upload complete (processing pending on server)
> Organization: 3rdplace
> Projects: 3rdplace-web
> Release: 42c3a0f4a180589701aadb3167a6af5e478341ca
> Dist: None
> Upload type: artifact bundle

Source Map Upload Report
  Scripts
    ~/002f653b-8786-4814-8f83-1a81dde0c92d-305.js (sourcemap at 451.js.map, debug id 002f653b-8786-4814-8f83-1a81dde0c92d)
    ~/020a5058-7037-4063-aad5-50f9fecf70f9-64.js (sourcemap at page.js.map, debug id 020a5058-7037-4063-aad5-50f9fecf70f9)
    ~/02ece326-ddac-40b0-a3f9-68a62c30e623-266.js (sourcemap at route.js.map, debug id 02ece326-ddac-40b0-a3f9-68a62c30e623)
    ~/05145b08-1499-4a89-b51c-103e350e0972-53.js (sourcemap at page.js.map, debug id 05145b08-1499-4a89-b51c-103e350e0972)
    ~/055190bc-b6a5-46ee-b81e-830688b032ef-359.js (sourcemap at _error.js.map, debug id 055190bc-b6a5-46ee-b81e-830688b032ef)
    ~/05cf5af8-fe35-4305-9ead-90711bf1f8b5-282.js (sourcemap at 1419.js.map, debug id 05cf5af8-fe35-4305-9ead-90711bf1f8b5)
    ~/0681207f-e509-4179-9f04-b9816c454638-5.js (sourcemap at page.js.map, debug id 0681207f-e509-4179-9f04-b9816c454638)
    ~/069a3be9-2de8-45a9-b99c-7483b3f71dd7-320.js (sourcemap at 6095.js.map, debug id 069a3be9-2de8-45a9-b99c-7483b3f71dd7)
    ~/087baaba-55c6-46d6-b7c4-dd770bd3c3cd-202.js (sourcemap at route.js.map, debug id 087baaba-55c6-46d6-b7c4-dd770bd3c3cd)
    ~/0966f26f-ebb4-4248-8fce-886215a76f64-61.js (sourcemap at page.js.map, debug id 0966f26f-ebb4-4248-8fce-886215a76f64)
    ~/09c5b429-95fc-42ca-aadb-422052b1d5b8-128.js (sourcemap at route.js.map, debug id 09c5b429-95fc-42ca-aadb-422052b1d5b8)
    ~/09f67ff1-8b1a-4fa2-bdb8-5f4a8f77332a-210.js (sourcemap at route.js.map, debug id 09f67ff1-8b1a-4fa2-bdb8-5f4a8f77332a)
    ~/0a7d9871-27e6-4568-881b-90e11d5958a0-229.js (sourcemap at route.js.map, debug id 0a7d9871-27e6-4568-881b-90e11d5958a0)
    ~/0a888826-7ce2-4044-99bc-6af22bd95c14-62.js (sourcemap at page.js.map, debug id 0a888826-7ce2-4044-99bc-6af22bd95c14)
    ~/0be67bd1-ee3a-41d4-84b3-93f91b9d7b9a-37.js (sourcemap at page.js.map, debug id 0be67bd1-ee3a-41d4-84b3-93f91b9d7b9a)
    ~/0d23dc9d-09b6-422f-9479-f1377db3f380-293.js (sourcemap at 2941.js.map, debug id 0d23dc9d-09b6-422f-9479-f1377db3f380)
    ~/0e06f541-8b49-4192-ab1b-2fe5b1efbe96-11.js (sourcemap at page.js.map, debug id 0e06f541-8b49-4192-ab1b-2fe5b1efbe96)
    ~/0e811e78-8809-4997-bf2c-fb332abc3db6-122.js (sourcemap at route.js.map, debug id 0e811e78-8809-4997-bf2c-fb332abc3db6)
    ~/0f3fb371-2234-41c6-a787-e423a6c62458-189.js (sourcemap at route.js.map, debug id 0f3fb371-2234-41c6-a787-e423a6c62458)
    ~/10061efd-d27b-409c-95c3-67424612c63b-104.js (sourcemap at route.js.map, debug id 10061efd-d27b-409c-95c3-67424612c63b)
    ~/1022403b-a132-4c70-aaf6-d9f3d1c1a981-51.js (sourcemap at page.js.map, debug id 1022403b-a132-4c70-aaf6-d9f3d1c1a981)
    ~/125e760a-5dce-4fe2-9435-3f0a47659d92-186.js (sourcemap at route.js.map, debug id 125e760a-5dce-4fe2-9435-3f0a47659d92)
    ~/1275ac20-2d75-4043-93f7-126256d2089f-319.js (sourcemap at 6077.js.map, debug id 1275ac20-2d75-4043-93f7-126256d2089f)
    ~/170d99b6-da29-4a1a-a5f3-73143998b456-111.js (sourcemap at route.js.map, debug id 170d99b6-da29-4a1a-a5f3-73143998b456)
    ~/175f2f05-1e5e-4754-b3b4-57aabcea42d8-237.js (sourcemap at route.js.map, debug id 175f2f05-1e5e-4754-b3b4-57aabcea42d8)
    ~/1761f397-74e8-4c69-bb07-18846721edab-315.js (sourcemap at 5363.js.map, debug id 1761f397-74e8-4c69-bb07-18846721edab)
    ~/179d647a-def3-45d4-87f1-ca906758d41c-209.js (sourcemap at route.js.map, debug id 179d647a-def3-45d4-87f1-ca906758d41c)
    ~/1809311e-15df-4a5b-a260-d8b1e91368cf-183.js (sourcemap at route.js.map, debug id 1809311e-15df-4a5b-a260-d8b1e91368cf)
    ~/18bd5828-b67c-48df-91cc-20388343ab51-299.js (sourcemap at 3877.js.map, debug id 18bd5828-b67c-48df-91cc-20388343ab51)
    ~/1977739d-033d-482a-81ea-9fb81035dfdd-198.js (sourcemap at route.js.map, debug id 1977739d-033d-482a-81ea-9fb81035dfdd)
    ~/1a5f6dc1-3c84-4f3a-bbd6-653f3b450376-190.js (sourcemap at route.js.map, debug id 1a5f6dc1-3c84-4f3a-bbd6-653f3b450376)
    ~/1bf94694-9b8f-43b5-b0c2-9788762383dd-69.js (sourcemap at page.js.map, debug id 1bf94694-9b8f-43b5-b0c2-9788762383dd)
    ~/1d011ab9-ebc0-4c37-ae67-79bdfd494ae0-258.js (sourcemap at route.js.map, debug id 1d011ab9-ebc0-4c37-ae67-79bdfd494ae0)
    ~/1d09a97b-b3ee-4100-ab2c-b09ffd4ddb0f-188.js (sourcemap at route.js.map, debug id 1d09a97b-b3ee-4100-ab2c-b09ffd4ddb0f)
    ~/1d73ba60-061c-4f56-b9f8-d5802b272d22-275.js (sourcemap at route.js.map, debug id 1d73ba60-061c-4f56-b9f8-d5802b272d22)
    ~/1e28a685-0dad-47c1-8bd9-94526c1964ae-301.js (sourcemap at 4345.js.map, debug id 1e28a685-0dad-47c1-8bd9-94526c1964ae)
    ~/1e503bdb-6889-44b5-8945-76472d25eddc-108.js (sourcemap at route.js.map, debug id 1e503bdb-6889-44b5-8945-76472d25eddc)
    ~/1e611099-ba97-4c7d-8523-eb100210b870-182.js (sourcemap at route.js.map, debug id 1e611099-ba97-4c7d-8523-eb100210b870)
    ~/1ebd1522-e09c-4134-8cae-649652abbda8-94.js (sourcemap at route.js.map, debug id 1ebd1522-e09c-4134-8cae-649652abbda8)
    ~/1ebfd1c6-abb2-49bf-9cc2-7d16c18bcd81-97.js (sourcemap at route.js.map, debug id 1ebfd1c6-abb2-49bf-9cc2-7d16c18bcd81)
    ~/2026f649-007a-4f6f-acd0-874ab0a6f35e-70.js (sourcemap at page.js.map, debug id 2026f649-007a-4f6f-acd0-874ab0a6f35e)
    ~/209477b5-af90-4b3f-932b-c1c352d5c63b-77.js (sourcemap at route.js.map, debug id 209477b5-af90-4b3f-932b-c1c352d5c63b)
    ~/20cf088c-4e34-4aee-8bbf-84334c8acc87-106.js (sourcemap at route.js.map, debug id 20cf088c-4e34-4aee-8bbf-84334c8acc87)
    ~/23101896-768a-4dc0-8652-1ccfc604a184-179.js (sourcemap at route.js.map, debug id 23101896-768a-4dc0-8652-1ccfc604a184)
    ~/24897c7e-528e-40ee-9013-8997ede6809e-339.js (sourcemap at 8210.js.map, debug id 24897c7e-528e-40ee-9013-8997ede6809e)
    ~/24c8dafe-7e0a-4891-9ac6-e4faeee23af2-74.js (sourcemap at page.js.map, debug id 24c8dafe-7e0a-4891-9ac6-e4faeee23af2)
    ~/252169b4-d300-409a-bf3b-952016f78cfc-48.js (sourcemap at page.js.map, debug id 252169b4-d300-409a-bf3b-952016f78cfc)
    ~/26971652-331d-4d61-9508-3f2d1b6eba22-137.js (sourcemap at route.js.map, debug id 26971652-331d-4d61-9508-3f2d1b6eba22)
    ~/27323fbc-323b-4ba6-bb6e-8258f155eb1a-289.js (sourcemap at 2459.js.map, debug id 27323fbc-323b-4ba6-bb6e-8258f155eb1a)
    ~/28bdae2e-32ac-4a69-9ff6-86f224164236-244.js (sourcemap at route.js.map, debug id 28bdae2e-32ac-4a69-9ff6-86f224164236)
    ~/28fd7ef4-a4a1-45a4-963e-01d31e854433-264.js (sourcemap at route.js.map, debug id 28fd7ef4-a4a1-45a4-963e-01d31e854433)
    ~/29072c89-2713-401f-8ad3-81eb1144a764-238.js (sourcemap at route.js.map, debug id 29072c89-2713-401f-8ad3-81eb1144a764)
    ~/29af8455-56b0-4d4a-a99b-fc5c547bd0c0-39.js (sourcemap at page.js.map, debug id 29af8455-56b0-4d4a-a99b-fc5c547bd0c0)
    ~/2a0a1edc-f298-4f4c-be6b-e7d37e7eade4-298.js (sourcemap at 3611.js.map, debug id 2a0a1edc-f298-4f4c-be6b-e7d37e7eade4)
    ~/2ac0e0ae-00d4-4b3b-bdde-abc4ea12bcb9-277.js (sourcemap at page.js.map, debug id 2ac0e0ae-00d4-4b3b-bdde-abc4ea12bcb9)
    ~/2b2f06e7-d84c-4caf-815d-4e52ab65ff10-224.js (sourcemap at route.js.map, debug id 2b2f06e7-d84c-4caf-815d-4e52ab65ff10)
    ~/2d40ab04-e43e-4c0e-8568-7d7326a0de08-115.js (sourcemap at route.js.map, debug id 2d40ab04-e43e-4c0e-8568-7d7326a0de08)
    ~/2d4d2ce6-ee4a-4009-b8cd-b2871613e61a-343.js (sourcemap at 8612.js.map, debug id 2d4d2ce6-ee4a-4009-b8cd-b2871613e61a)
    ~/2e4ca229-2cc9-4ecd-9f48-5dfcb675a926-279.js (sourcemap at 1164.js.map, debug id 2e4ca229-2cc9-4ecd-9f48-5dfcb675a926)
    ~/2e9f7e81-e862-49f4-8a93-3576f8aefb64-271.js (sourcemap at route.js.map, debug id 2e9f7e81-e862-49f4-8a93-3576f8aefb64)
    ~/2eb2702d-61c6-4f39-a505-d1fd39e2d361-255.js (sourcemap at route.js.map, debug id 2eb2702d-61c6-4f39-a505-d1fd39e2d361)
    ~/2f3ebf01-8835-4ed1-8871-a6b86b9fcbf7-71.js (sourcemap at page.js.map, debug id 2f3ebf01-8835-4ed1-8871-a6b86b9fcbf7)
    ~/2f7c0d96-66d9-4bf7-9cf3-9721f8cab3c5-310.js (sourcemap at 4894.js.map, debug id 2f7c0d96-66d9-4bf7-9cf3-9721f8cab3c5)
    ~/31ff2d39-d03b-450d-a28b-02085e3da5fe-249.js (sourcemap at route.js.map, debug id 31ff2d39-d03b-450d-a28b-02085e3da5fe)
    ~/329a1f6d-7891-423d-bf3a-1289c38d944e-306.js (sourcemap at 463.js.map, debug id 329a1f6d-7891-423d-bf3a-1289c38d944e)
    ~/33436e8d-38d8-4c06-90f3-d4dac037e7d3-19.js (sourcemap at page.js.map, debug id 33436e8d-38d8-4c06-90f3-d4dac037e7d3)
    ~/336d6964-06b8-4162-89ba-6c88dd564b35-81.js (sourcemap at route.js.map, debug id 336d6964-06b8-4162-89ba-6c88dd564b35)
    ~/35afc700-7ad7-4a1d-82bc-c466184658cb-177.js (sourcemap at route.js.map, debug id 35afc700-7ad7-4a1d-82bc-c466184658cb)
    ~/3687e7c0-4b5a-477f-bc15-e304d8da570e-41.js (sourcemap at page.js.map, debug id 3687e7c0-4b5a-477f-bc15-e304d8da570e)
    ~/369248a6-631a-4d64-8295-2161df4b7f45-158.js (sourcemap at route.js.map, debug id 369248a6-631a-4d64-8295-2161df4b7f45)
    ~/36f1bfe5-47fe-40e4-a045-95465d536f8b-123.js (sourcemap at route.js.map, debug id 36f1bfe5-47fe-40e4-a045-95465d536f8b)
    ~/37584573-67a8-441e-93b2-ce600a64bccb-17.js (sourcemap at page.js.map, debug id 37584573-67a8-441e-93b2-ce600a64bccb)
    ~/37bc50e7-def4-498b-9977-b225bbf69a56-338.js (sourcemap at 821.js.map, debug id 37bc50e7-def4-498b-9977-b225bbf69a56)
    ~/383f1b58-cc38-494d-8b38-10811b58390b-321.js (sourcemap at 6157.js.map, debug id 383f1b58-cc38-494d-8b38-10811b58390b)
    ~/38842a7b-f482-46e3-b76e-33cbb1a4e509-235.js (sourcemap at route.js.map, debug id 38842a7b-f482-46e3-b76e-33cbb1a4e509)
    ~/3890c6ad-e79b-4249-920c-9dee06e97923-344.js (sourcemap at 8673.js.map, debug id 3890c6ad-e79b-4249-920c-9dee06e97923)
    ~/389a541f-369c-46d1-a776-0c7d9316ebaa-246.js (sourcemap at route.js.map, debug id 389a541f-369c-46d1-a776-0c7d9316ebaa)
    ~/38b816e6-d9d8-4527-9bff-d278516e47a5-215.js (sourcemap at route.js.map, debug id 38b816e6-d9d8-4527-9bff-d278516e47a5)
    ~/399d508d-9bfd-41a6-9e0e-7e2458e41cac-341.js (sourcemap at 8387.js.map, debug id 399d508d-9bfd-41a6-9e0e-7e2458e41cac)
    ~/3a285f1c-6185-4337-b3b2-a553642e3fba-194.js (sourcemap at route.js.map, debug id 3a285f1c-6185-4337-b3b2-a553642e3fba)
    ~/3ad588a2-9c5b-4ac8-981b-ad8005d61dcf-152.js (sourcemap at route.js.map, debug id 3ad588a2-9c5b-4ac8-981b-ad8005d61dcf)
    ~/3ae3334d-5771-4237-9ba8-26ef955d4e67-109.js (sourcemap at route.js.map, debug id 3ae3334d-5771-4237-9ba8-26ef955d4e67)
    ~/3b3176b9-c0cb-4566-8658-7224d6f4966b-140.js (sourcemap at route.js.map, debug id 3b3176b9-c0cb-4566-8658-7224d6f4966b)
    ~/3c43b139-aa64-42b8-a29c-33eb2b762d8e-75.js (sourcemap at route.js.map, debug id 3c43b139-aa64-42b8-a29c-33eb2b762d8e)
    ~/3cf11751-f834-4361-96d7-cbd02ac29685-285.js (sourcemap at 2275.js.map, debug id 3cf11751-f834-4361-96d7-cbd02ac29685)
    ~/3daf93fa-1ec7-4c21-b32d-bb0cd664b53c-221.js (sourcemap at route.js.map, debug id 3daf93fa-1ec7-4c21-b32d-bb0cd664b53c)
    ~/3e3423b4-4534-45bc-a02f-8ca6908d591a-217.js (sourcemap at route.js.map, debug id 3e3423b4-4534-45bc-a02f-8ca6908d591a)
    ~/3e65ba02-89e4-4d0d-838a-74de43837662-193.js (sourcemap at route.js.map, debug id 3e65ba02-89e4-4d0d-838a-74de43837662)
    ~/3e7e524e-aa71-448e-8d22-daf2f9bdf5ee-163.js (sourcemap at route.js.map, debug id 3e7e524e-aa71-448e-8d22-daf2f9bdf5ee)
    ~/3ea74b55-4000-4a7a-9662-6f19d2bb3847-314.js (sourcemap at 5320.js.map, debug id 3ea74b55-4000-4a7a-9662-6f19d2bb3847)
    ~/3f92e4e5-d8cd-4e1f-8843-b288c495e81a-191.js (sourcemap at route.js.map, debug id 3f92e4e5-d8cd-4e1f-8843-b288c495e81a)
    ~/40e168ac-deaf-43b3-a9c4-58cf7c32d73b-159.js (sourcemap at route.js.map, debug id 40e168ac-deaf-43b3-a9c4-58cf7c32d73b)
    ~/4250568c-2431-4bcd-9889-6f70119febfc-126.js (sourcemap at route.js.map, debug id 4250568c-2431-4bcd-9889-6f70119febfc)
    ~/433095d5-aac7-4c26-aa1d-d5750df614d2-18.js (sourcemap at page.js.map, debug id 433095d5-aac7-4c26-aa1d-d5750df614d2)
    ~/435f3f80-5207-4528-993d-eeb6191591c2-214.js (sourcemap at route.js.map, debug id 435f3f80-5207-4528-993d-eeb6191591c2)
    ~/43efd33c-aedb-4781-9857-109e8f784825-325.js (sourcemap at 6621.js.map, debug id 43efd33c-aedb-4781-9857-109e8f784825)
    ~/4406e79c-3c04-404e-be25-69122ecd2476-349.js (sourcemap at 939.js.map, debug id 4406e79c-3c04-404e-be25-69122ecd2476)
    ~/440c640f-0cd5-4b81-8712-2946ef02092a-114.js (sourcemap at route.js.map, debug id 440c640f-0cd5-4b81-8712-2946ef02092a)
    ~/47f90ec4-4fa8-4083-83ea-a6a353cd2091-180.js (sourcemap at route.js.map, debug id 47f90ec4-4fa8-4083-83ea-a6a353cd2091)
    ~/47fb12ed-1c52-40ea-b7f8-840ee940c5c3-213.js (sourcemap at route.js.map, debug id 47fb12ed-1c52-40ea-b7f8-840ee940c5c3)
    ~/49d0f954-c6e0-4ce7-96f6-4a790af97d2f-353.js (sourcemap at edge-instrumentation.js.map, debug id 49d0f954-c6e0-4ce7-96f6-4a790af97d2f)
    ~/49f9265d-f074-4cd2-a1dc-129d2ca12656-30.js (sourcemap at page.js.map, debug id 49f9265d-f074-4cd2-a1dc-129d2ca12656)
    ~/4a2d6e44-9eea-4968-af7a-e2a6bd386eed-162.js (sourcemap at route.js.map, debug id 4a2d6e44-9eea-4968-af7a-e2a6bd386eed)
    ~/4abae222-d846-445d-9281-e2b0e49e10be-267.js (sourcemap at route.js.map, debug id 4abae222-d846-445d-9281-e2b0e49e10be)
    ~/4abc68e7-5512-467e-912b-6de9c78b621e-234.js (sourcemap at route.js.map, debug id 4abc68e7-5512-467e-912b-6de9c78b621e)
    ~/4ad7591f-103a-4a58-ac5d-3dc7fb52e1a9-165.js (sourcemap at route.js.map, debug id 4ad7591f-103a-4a58-ac5d-3dc7fb52e1a9)
    ~/4b360779-8858-43ab-9fca-a5b8b880f83c-88.js (sourcemap at route.js.map, debug id 4b360779-8858-43ab-9fca-a5b8b880f83c)
    ~/4b6f2cb3-7808-40ae-8286-730cf3295515-124.js (sourcemap at route.js.map, debug id 4b6f2cb3-7808-40ae-8286-730cf3295515)
    ~/4cd49dfd-cbd3-4f84-815f-1e9e4305129b-327.js (sourcemap at 7037.js.map, debug id 4cd49dfd-cbd3-4f84-815f-1e9e4305129b)
    ~/4f1d5318-bb96-4729-b045-92c6c7d10202-7.js (sourcemap at page.js.map, debug id 4f1d5318-bb96-4729-b045-92c6c7d10202)
    ~/50536649-c9b4-44ec-b30e-057ecafaf6e4-98.js (sourcemap at route.js.map, debug id 50536649-c9b4-44ec-b30e-057ecafaf6e4)
    ~/50b08e55-55ca-4e77-9320-50f63583b3cc-3.js (sourcemap at page.js.map, debug id 50b08e55-55ca-4e77-9320-50f63583b3cc)
    ~/50d13090-ced8-49df-acf5-463a753929ef-173.js (sourcemap at route.js.map, debug id 50d13090-ced8-49df-acf5-463a753929ef)
    ~/522554e6-baa5-4253-9c95-9d8122327308-169.js (sourcemap at route.js.map, debug id 522554e6-baa5-4253-9c95-9d8122327308)
    ~/52ce3363-4a44-40ac-9334-08998c5cbade-199.js (sourcemap at route.js.map, debug id 52ce3363-4a44-40ac-9334-08998c5cbade)
    ~/545a8418-c13b-44c8-9ad6-1683455c1981-65.js (sourcemap at page.js.map, debug id 545a8418-c13b-44c8-9ad6-1683455c1981)
    ~/55799200-2726-466a-9090-d1d6aa1f49eb-265.js (sourcemap at route.js.map, debug id 55799200-2726-466a-9090-d1d6aa1f49eb)
    ~/56c75a97-fb43-4de8-93b2-f721fb54ef4f-6.js (sourcemap at page.js.map, debug id 56c75a97-fb43-4de8-93b2-f721fb54ef4f)
    ~/571707fb-b033-49bb-b44a-86e735db533d-312.js (sourcemap at 5145.js.map, debug id 571707fb-b033-49bb-b44a-86e735db533d)
    ~/57cc3b4d-701f-4f60-930b-9ed979190956-176.js (sourcemap at route.js.map, debug id 57cc3b4d-701f-4f60-930b-9ed979190956)
    ~/57e3bb9d-0e61-4237-87e7-28862785ec54-208.js (sourcemap at route.js.map, debug id 57e3bb9d-0e61-4237-87e7-28862785ec54)
    ~/58385afc-b3d9-4b91-8073-f990eea24a3a-256.js (sourcemap at route.js.map, debug id 58385afc-b3d9-4b91-8073-f990eea24a3a)
    ~/58b3ee72-9afa-4013-8be3-29097b97f6ed-14.js (sourcemap at page.js.map, debug id 58b3ee72-9afa-4013-8be3-29097b97f6ed)
    ~/5b6199ca-cbc8-4dc4-bd82-e407ffbe5103-254.js (sourcemap at route.js.map, debug id 5b6199ca-cbc8-4dc4-bd82-e407ffbe5103)
    ~/5ba64476-37a9-4f52-82d7-c6a75a834aad-245.js (sourcemap at route.js.map, debug id 5ba64476-37a9-4f52-82d7-c6a75a834aad)
    ~/5bef5a5d-667b-419d-a9dc-11282cedf1d4-59.js (sourcemap at page.js.map, debug id 5bef5a5d-667b-419d-a9dc-11282cedf1d4)
    ~/5e20275d-9e90-4ddf-a06e-17e92d1dc894-252.js (sourcemap at route.js.map, debug id 5e20275d-9e90-4ddf-a06e-17e92d1dc894)
    ~/5e765395-c319-493b-9700-7a7aa7b1f1f9-241.js (sourcemap at route.js.map, debug id 5e765395-c319-493b-9700-7a7aa7b1f1f9)
    ~/5fa36bd2-25fd-48c7-906a-bdf8972a9fb5-147.js (sourcemap at route.js.map, debug id 5fa36bd2-25fd-48c7-906a-bdf8972a9fb5)
    ~/62c8e33c-caf8-4376-8a06-822d0f565dcb-288.js (sourcemap at 2438.js.map, debug id 62c8e33c-caf8-4376-8a06-822d0f565dcb)
    ~/63934ff5-9c74-4427-92df-00476ccc4cf5-219.js (sourcemap at route.js.map, debug id 63934ff5-9c74-4427-92df-00476ccc4cf5)
    ~/642a70bf-b0e9-4982-9447-ee7d32f226d0-155.js (sourcemap at route.js.map, debug id 642a70bf-b0e9-4982-9447-ee7d32f226d0)
    ~/64d2367a-c337-45d5-9d4c-95af5e22f786-236.js (sourcemap at route.js.map, debug id 64d2367a-c337-45d5-9d4c-95af5e22f786)
    ~/65d67a40-c84e-47a0-9f9d-82a695cb9760-322.js (sourcemap at 6242.js.map, debug id 65d67a40-c84e-47a0-9f9d-82a695cb9760)
    ~/65da9b9e-eef7-40bf-8579-68588530c865-119.js (sourcemap at route.js.map, debug id 65da9b9e-eef7-40bf-8579-68588530c865)
    ~/672da7ee-0df6-4928-979f-debaa1659628-73.js (sourcemap at page.js.map, debug id 672da7ee-0df6-4928-979f-debaa1659628)
    ~/6976a9fb-d334-4e50-95a8-5ada4fdb3112-8.js (sourcemap at page.js.map, debug id 6976a9fb-d334-4e50-95a8-5ada4fdb3112)
    ~/6a153997-c2b5-40ed-b349-194b91c262dd-205.js (sourcemap at route.js.map, debug id 6a153997-c2b5-40ed-b349-194b91c262dd)
    ~/6a7573e2-6cdb-437b-b48d-babb69d515a8-16.js (sourcemap at page.js.map, debug id 6a7573e2-6cdb-437b-b48d-babb69d515a8)
    ~/6ac29400-11f6-4fcf-8242-23f69a0179fb-294.js (sourcemap at 2999.js.map, debug id 6ac29400-11f6-4fcf-8242-23f69a0179fb)
    ~/6b0e4912-8f29-43d0-9232-37540e79f662-31.js (sourcemap at page.js.map, debug id 6b0e4912-8f29-43d0-9232-37540e79f662)
    ~/6be39ae6-c252-4c48-b2e1-d97c4ddf69c6-24.js (sourcemap at page.js.map, debug id 6be39ae6-c252-4c48-b2e1-d97c4ddf69c6)
    ~/6c0d16a2-0fd4-4716-a2b9-7af7b73d012a-83.js (sourcemap at route.js.map, debug id 6c0d16a2-0fd4-4716-a2b9-7af7b73d012a)
    ~/6c2b7b99-aa84-4d3c-bbc8-d02eb533df4e-23.js (sourcemap at page.js.map, debug id 6c2b7b99-aa84-4d3c-bbc8-d02eb533df4e)
    ~/6d24b2f5-8199-46b8-ad93-9bde97985cd9-240.js (sourcemap at route.js.map, debug id 6d24b2f5-8199-46b8-ad93-9bde97985cd9)
    ~/6ed5bfe9-e814-4f6f-b246-7c65f441863e-141.js (sourcemap at route.js.map, debug id 6ed5bfe9-e814-4f6f-b246-7c65f441863e)
    ~/6f1bf0ee-5e7b-4934-9d15-53f3b458c730-46.js (sourcemap at page.js.map, debug id 6f1bf0ee-5e7b-4934-9d15-53f3b458c730)
    ~/71618830-42cd-4e45-81d3-ff538f55f038-336.js (sourcemap at 8025.js.map, debug id 71618830-42cd-4e45-81d3-ff538f55f038)
    ~/71d9d0ac-138f-4e09-aac5-10769b7f202f-84.js (sourcemap at route.js.map, debug id 71d9d0ac-138f-4e09-aac5-10769b7f202f)
    ~/72b28bfd-e37c-43d7-a766-1c89add198f4-251.js (sourcemap at route.js.map, debug id 72b28bfd-e37c-43d7-a766-1c89add198f4)
    ~/7323cc6d-f26f-42e9-9a18-44775dd63fb2-175.js (sourcemap at route.js.map, debug id 7323cc6d-f26f-42e9-9a18-44775dd63fb2)
    ~/735a623f-c403-4cca-85ce-f8ba84c92b9f-22.js (sourcemap at page.js.map, debug id 735a623f-c403-4cca-85ce-f8ba84c92b9f)
    ~/738e446e-7bfb-4df5-921e-c24d6b6a7af7-308.js (sourcemap at 4704.js.map, debug id 738e446e-7bfb-4df5-921e-c24d6b6a7af7)
    ~/745a2da0-fc52-4303-91d3-f7860ed27f43-348.js (sourcemap at 9291.js.map, debug id 745a2da0-fc52-4303-91d3-f7860ed27f43)
    ~/7543ae03-9b92-4fff-8127-699a2b21727f-360.js (no sourcemap found, debug id 7543ae03-9b92-4fff-8127-699a2b21727f)
      - warning: could not determine a source map reference (Could not auto-detect referenced sourcemap for ~/7543ae03-9b92-4fff-8127-699a2b21727f-360.js)
    ~/7570412a-b1c8-4e5d-87f8-9476ffd96d40-318.js (sourcemap at 6074.js.map, debug id 7570412a-b1c8-4e5d-87f8-9476ffd96d40)
    ~/76256453-aae2-4541-a6b6-dcbc98e8edbd-138.js (sourcemap at route.js.map, debug id 76256453-aae2-4541-a6b6-dcbc98e8edbd)
    ~/76e6f3ec-dc71-43c0-baee-485a4a8c2150-228.js (sourcemap at route.js.map, debug id 76e6f3ec-dc71-43c0-baee-485a4a8c2150)
    ~/76f11df1-4f86-4d9c-8afb-e248171458f3-76.js (sourcemap at route.js.map, debug id 76f11df1-4f86-4d9c-8afb-e248171458f3)
    ~/770782b6-08d2-4e93-a555-a8c9d3624ecd-250.js (sourcemap at route.js.map, debug id 770782b6-08d2-4e93-a555-a8c9d3624ecd)
    ~/78d75680-20f8-4ca3-98ab-a24477023d6e-302.js (sourcemap at 4422.js.map, debug id 78d75680-20f8-4ca3-98ab-a24477023d6e)
    ~/78fe0190-ad67-484d-8202-95db834c328c-136.js (sourcemap at route.js.map, debug id 78fe0190-ad67-484d-8202-95db834c328c)
    ~/7a37859d-f0e7-4273-be74-6edbe2cc840c-331.js (sourcemap at 7386.js.map, debug id 7a37859d-f0e7-4273-be74-6edbe2cc840c)
    ~/7ad64435-2c37-4871-a687-06e0d917bd3d-287.js (sourcemap at 2428.js.map, debug id 7ad64435-2c37-4871-a687-06e0d917bd3d)
    ~/7ba969f2-c5c3-401f-9c1b-5e50ad9486b7-132.js (sourcemap at route.js.map, debug id 7ba969f2-c5c3-401f-9c1b-5e50ad9486b7)
    ~/7c3ed649-b64b-4d9d-a616-9fb05fb90039-227.js (sourcemap at route.js.map, debug id 7c3ed649-b64b-4d9d-a616-9fb05fb90039)
    ~/7d466fd9-35bd-42ef-8665-a4f34076a9e8-248.js (sourcemap at route.js.map, debug id 7d466fd9-35bd-42ef-8665-a4f34076a9e8)
    ~/7dd8961c-c7fe-4c71-a2e4-a9cd9ad5209d-307.js (sourcemap at 4693.js.map, debug id 7dd8961c-c7fe-4c71-a2e4-a9cd9ad5209d)
    ~/7e31bc2b-2fcf-43a6-9fff-5753eb8f5149-32.js (sourcemap at page.js.map, debug id 7e31bc2b-2fcf-43a6-9fff-5753eb8f5149)
    ~/8191155b-a106-4ca8-a7a2-30598797fe57-316.js (sourcemap at 5846.js.map, debug id 8191155b-a106-4ca8-a7a2-30598797fe57)
    ~/82408af3-b406-4e82-89de-73cb052ded2a-216.js (sourcemap at route.js.map, debug id 82408af3-b406-4e82-89de-73cb052ded2a)
    ~/82d0924f-33b6-4aa0-bc1b-d2c33b6fb496-60.js (sourcemap at page.js.map, debug id 82d0924f-33b6-4aa0-bc1b-d2c33b6fb496)
    ~/82f5c1c3-9312-41c2-86ac-67c0d4fce841-143.js (sourcemap at route.js.map, debug id 82f5c1c3-9312-41c2-86ac-67c0d4fce841)
    ~/82f8bdb7-c9c6-44e3-a5d0-3bd5a5247e49-89.js (sourcemap at route.js.map, debug id 82f8bdb7-c9c6-44e3-a5d0-3bd5a5247e49)
    ~/862cb897-e3fa-48a1-9ee1-f02c7a6b10b1-50.js (sourcemap at page.js.map, debug id 862cb897-e3fa-48a1-9ee1-f02c7a6b10b1)
    ~/87315e41-0094-4803-8c2e-d39e89a04a75-15.js (sourcemap at page.js.map, debug id 87315e41-0094-4803-8c2e-d39e89a04a75)
    ~/87344a36-4484-4d8e-ac54-bb9969adba16-330.js (sourcemap at 7208.js.map, debug id 87344a36-4484-4d8e-ac54-bb9969adba16)
    ~/89b8f13c-ffcd-4880-9aa5-ec1066761c97-355.js (sourcemap at instrumentation.js.map, debug id 89b8f13c-ffcd-4880-9aa5-ec1066761c97)
    ~/8a286d23-9d51-43e6-ae0e-273af8769a6e-201.js (sourcemap at route.js.map, debug id 8a286d23-9d51-43e6-ae0e-273af8769a6e)
    ~/8c8c0b53-2388-4adc-ade3-b49790de3df1-184.js (sourcemap at route.js.map, debug id 8c8c0b53-2388-4adc-ade3-b49790de3df1)
    ~/8d094c15-4205-4417-b2ad-2b29c29bc8f2-337.js (sourcemap at 8050.js.map, debug id 8d094c15-4205-4417-b2ad-2b29c29bc8f2)
    ~/8d1baa3e-c9d9-459a-b620-4669a1c70613-101.js (sourcemap at route.js.map, debug id 8d1baa3e-c9d9-459a-b620-4669a1c70613)
    ~/8d58676e-8b76-41d5-a90d-38ff325a8df4-113.js (sourcemap at route.js.map, debug id 8d58676e-8b76-41d5-a90d-38ff325a8df4)
    ~/8d95b7cf-3f4b-47da-8ab9-be917c31c826-284.js (sourcemap at 2006.js.map, debug id 8d95b7cf-3f4b-47da-8ab9-be917c31c826)
    ~/8d9750cf-00d6-4bc8-80df-a8b2c3c7aa07-26.js (sourcemap at page.js.map, debug id 8d9750cf-00d6-4bc8-80df-a8b2c3c7aa07)
    ~/8dade2ec-245f-48ab-ae61-0b379e79dc45-274.js (sourcemap at route.js.map, debug id 8dade2ec-245f-48ab-ae61-0b379e79dc45)
    ~/8dc42e3b-2228-446f-951c-58d629ae5644-96.js (sourcemap at route.js.map, debug id 8dc42e3b-2228-446f-951c-58d629ae5644)
    ~/8e5c5882-e2aa-42c6-8448-0014b52decd9-142.js (sourcemap at route.js.map, debug id 8e5c5882-e2aa-42c6-8448-0014b52decd9)
    ~/8e6e714b-ce48-4247-a0ec-cb9f9925d3dc-222.js (sourcemap at route.js.map, debug id 8e6e714b-ce48-4247-a0ec-cb9f9925d3dc)
    ~/8e755fab-46e0-4510-941a-ffacf3bf00f5-10.js (sourcemap at page.js.map, debug id 8e755fab-46e0-4510-941a-ffacf3bf00f5)
    ~/8ef50a2d-b004-42d8-8e47-f7a9491fa19d-29.js (sourcemap at page.js.map, debug id 8ef50a2d-b004-42d8-8e47-f7a9491fa19d)
    ~/8f8594d9-4196-44a7-83a8-eb58033684bd-110.js (sourcemap at route.js.map, debug id 8f8594d9-4196-44a7-83a8-eb58033684bd)
    ~/8f969610-179e-45ca-9c26-286f8424c1df-153.js (sourcemap at route.js.map, debug id 8f969610-179e-45ca-9c26-286f8424c1df)
    ~/8faf9123-e682-4cb6-b1d4-07448a9c0ddd-303.js (sourcemap at 4438.js.map, debug id 8faf9123-e682-4cb6-b1d4-07448a9c0ddd)
    ~/8ff47a52-e3f3-426c-9e29-2b5863a17ee5-283.js (sourcemap at 1606.js.map, debug id 8ff47a52-e3f3-426c-9e29-2b5863a17ee5)
    ~/9009ecf1-f6c8-45cf-9152-f2787d22591e-20.js (sourcemap at page.js.map, debug id 9009ecf1-f6c8-45cf-9152-f2787d22591e)
    ~/907ab307-2ba1-49c1-a992-864874181624-164.js (sourcemap at route.js.map, debug id 907ab307-2ba1-49c1-a992-864874181624)
    ~/90854797-197d-4eb8-9fd6-d0b1acbcd578-55.js (sourcemap at page.js.map, debug id 90854797-197d-4eb8-9fd6-d0b1acbcd578)
    ~/91e0753c-1c84-4bfa-baf7-35214edb227f-295.js (sourcemap at 3146.js.map, debug id 91e0753c-1c84-4bfa-baf7-35214edb227f)
    ~/9295d754-da35-4e83-87ca-33563fd8d779-270.js (sourcemap at route.js.map, debug id 9295d754-da35-4e83-87ca-33563fd8d779)
    ~/93e9bbf9-daca-4a6c-8a14-61de87cb2662-281.js (sourcemap at 1359.js.map, debug id 93e9bbf9-daca-4a6c-8a14-61de87cb2662)
    ~/97e4e857-e7ad-473b-a019-07e026ef9061-196.js (sourcemap at route.js.map, debug id 97e4e857-e7ad-473b-a019-07e026ef9061)
    ~/98feac52-b614-46ad-92e9-f05448e83a24-121.js (sourcemap at route.js.map, debug id 98feac52-b614-46ad-92e9-f05448e83a24)
    ~/99e98b81-0ffb-49fc-b460-f6abce0a1719-207.js (sourcemap at route.js.map, debug id 99e98b81-0ffb-49fc-b460-f6abce0a1719)
    ~/9aa3eb95-b8ec-462c-8967-635529f961c5-156.js (sourcemap at route.js.map, debug id 9aa3eb95-b8ec-462c-8967-635529f961c5)
    ~/9ae0edfe-d647-4321-a783-1ddf2defbd8d-260.js (sourcemap at route.js.map, debug id 9ae0edfe-d647-4321-a783-1ddf2defbd8d)
    ~/9b222af1-1d46-42c1-b04b-ad3a068f31f6-82.js (sourcemap at route.js.map, debug id 9b222af1-1d46-42c1-b04b-ad3a068f31f6)
    ~/9cf1719b-d806-4cfb-80a9-4f86a638bfd8-47.js (sourcemap at page.js.map, debug id 9cf1719b-d806-4cfb-80a9-4f86a638bfd8)
    ~/9da3d9f1-baf0-4d7d-983a-79d0d4060e76-333.js (sourcemap at 7821.js.map, debug id 9da3d9f1-baf0-4d7d-983a-79d0d4060e76)
    ~/9e0abc71-3153-40a0-bbc1-e8b7ca95d042-335.js (sourcemap at 8002.js.map, debug id 9e0abc71-3153-40a0-bbc1-e8b7ca95d042)
    ~/9e124c79-2278-45b3-8bff-aa1ed42070b5-167.js (sourcemap at route.js.map, debug id 9e124c79-2278-45b3-8bff-aa1ed42070b5)
    ~/9ec8ac5c-cdc6-4d70-92ae-6107717dd9e7-187.js (sourcemap at route.js.map, debug id 9ec8ac5c-cdc6-4d70-92ae-6107717dd9e7)
    ~/9f718506-731c-4e64-8eef-e45af0bf48de-87.js (sourcemap at route.js.map, debug id 9f718506-731c-4e64-8eef-e45af0bf48de)
    ~/9f92ce25-a189-4ebe-af2a-9256af6ab785-195.js (sourcemap at route.js.map, debug id 9f92ce25-a189-4ebe-af2a-9256af6ab785)
    ~/9fe296f4-1ac7-42ac-b30e-ab40070ec736-93.js (sourcemap at route.js.map, debug id 9fe296f4-1ac7-42ac-b30e-ab40070ec736)
    ~/a0e555f8-a82e-4f34-979d-2d54eebb1c5d-300.js (sourcemap at 389.js.map, debug id a0e555f8-a82e-4f34-979d-2d54eebb1c5d)
    ~/a27946ca-110d-431c-8fc8-3937c5ace98b-356.js (sourcemap at middleware.js.map, debug id a27946ca-110d-431c-8fc8-3937c5ace98b)
    ~/a32c5fd5-4af4-46d6-885c-d0e2ff69b917-144.js (sourcemap at route.js.map, debug id a32c5fd5-4af4-46d6-885c-d0e2ff69b917)
    ~/a32c960d-b7a9-4a6d-8826-99c61474949a-170.js (sourcemap at route.js.map, debug id a32c960d-b7a9-4a6d-8826-99c61474949a)
    ~/a391f1f4-147d-4c99-9459-b56ea28c6a97-243.js (sourcemap at route.js.map, debug id a391f1f4-147d-4c99-9459-b56ea28c6a97)
    ~/a44ebded-564e-4f29-a793-514db9af7b2c-100.js (sourcemap at route.js.map, debug id a44ebded-564e-4f29-a793-514db9af7b2c)
    ~/a4e8229f-0a56-47bc-886e-76ac6d01137e-313.js (sourcemap at 5296.js.map, debug id a4e8229f-0a56-47bc-886e-76ac6d01137e)
    ~/a644e862-4f51-45a2-866c-bd0885f21bee-263.js (sourcemap at route.js.map, debug id a644e862-4f51-45a2-866c-bd0885f21bee)
    ~/a676903b-4e20-455f-aa5c-5b53a5aca181-1.js (sourcemap at page.js.map, debug id a676903b-4e20-455f-aa5c-5b53a5aca181)
    ~/a74b8acd-6b6c-4346-8a50-7e1203584f66-149.js (sourcemap at route.js.map, debug id a74b8acd-6b6c-4346-8a50-7e1203584f66)
    ~/a8057fab-1aa6-4ef8-8717-bb0fe358bfb5-220.js (sourcemap at route.js.map, debug id a8057fab-1aa6-4ef8-8717-bb0fe358bfb5)
    ~/a822c8cb-6344-4c46-9e73-9048f45ab77b-242.js (sourcemap at route.js.map, debug id a822c8cb-6344-4c46-9e73-9048f45ab77b)
    ~/a84ca9a3-3b56-4092-858c-9b86a6f01e4e-131.js (sourcemap at route.js.map, debug id a84ca9a3-3b56-4092-858c-9b86a6f01e4e)
    ~/ab1179d2-09c5-4140-9224-e7c1543207fd-12.js (sourcemap at page.js.map, debug id ab1179d2-09c5-4140-9224-e7c1543207fd)
    ~/ab16dbb3-3b89-4ff5-9632-ba2b1049c85b-230.js (sourcemap at route.js.map, debug id ab16dbb3-3b89-4ff5-9632-ba2b1049c85b)
    ~/ab9b014a-02da-469c-a963-1b4d48a308dc-133.js (sourcemap at route.js.map, debug id ab9b014a-02da-469c-a963-1b4d48a308dc)
    ~/abe8322b-2d45-47db-bc15-6fc23b81647b-324.js (sourcemap at 6387.js.map, debug id abe8322b-2d45-47db-bc15-6fc23b81647b)
    ~/ac3fb04c-60a8-4cf0-9c87-f76dda6e5f48-4.js (sourcemap at page.js.map, debug id ac3fb04c-60a8-4cf0-9c87-f76dda6e5f48)
    ~/ac4de8a1-5eb5-4da9-9f81-ec43db516915-192.js (sourcemap at route.js.map, debug id ac4de8a1-5eb5-4da9-9f81-ec43db516915)
    ~/ad35a33a-fd5d-4e22-8730-45dc504fe683-329.js (sourcemap at 714.js.map, debug id ad35a33a-fd5d-4e22-8730-45dc504fe683)
    ~/ad3f4fe9-a0c4-438c-bb2b-7e72a93b19ee-160.js (sourcemap at route.js.map, debug id ad3f4fe9-a0c4-438c-bb2b-7e72a93b19ee)
    ~/ad737a4e-a712-42dc-83ac-02c6dea4dac9-117.js (sourcemap at route.js.map, debug id ad737a4e-a712-42dc-83ac-02c6dea4dac9)
    ~/ae50397b-717c-40e2-a3b1-cb5255aa8359-253.js (sourcemap at route.js.map, debug id ae50397b-717c-40e2-a3b1-cb5255aa8359)
    ~/ae98b02e-6e12-42ca-b21c-d2d6df049e23-120.js (sourcemap at route.js.map, debug id ae98b02e-6e12-42ca-b21c-d2d6df049e23)
    ~/af417b02-01cd-4626-8d3d-f40e10c9d6f4-146.js (sourcemap at route.js.map, debug id af417b02-01cd-4626-8d3d-f40e10c9d6f4)
    ~/b07088db-43fc-4927-9319-e874858f436e-218.js (sourcemap at route.js.map, debug id b07088db-43fc-4927-9319-e874858f436e)
    ~/b125f86a-e428-4a21-bc16-b6dc6da8a44d-296.js (sourcemap at 3242.js.map, debug id b125f86a-e428-4a21-bc16-b6dc6da8a44d)
    ~/b147fd9c-ed8c-4b35-927d-b420faa8b51a-66.js (sourcemap at page.js.map, debug id b147fd9c-ed8c-4b35-927d-b420faa8b51a)
    ~/b157a8a5-b188-4a79-9c5a-e01e28392aa5-68.js (sourcemap at page.js.map, debug id b157a8a5-b188-4a79-9c5a-e01e28392aa5)
    ~/b246277d-82d1-4ad1-9af4-e3a64f449179-211.js (sourcemap at route.js.map, debug id b246277d-82d1-4ad1-9af4-e3a64f449179)
    ~/b2facfc5-e7dc-4411-bacd-eed2f318009f-334.js (sourcemap at 7947.js.map, debug id b2facfc5-e7dc-4411-bacd-eed2f318009f)
    ~/b343288d-1a87-49a1-ab18-5c286fb77c76-297.js (sourcemap at 3362.js.map, debug id b343288d-1a87-49a1-ab18-5c286fb77c76)
    ~/b38c950a-546f-4eed-884c-4f11e844c37b-247.js (sourcemap at route.js.map, debug id b38c950a-546f-4eed-884c-4f11e844c37b)
    ~/b6238231-6cd1-4e23-986b-594669fe32e7-63.js (sourcemap at page.js.map, debug id b6238231-6cd1-4e23-986b-594669fe32e7)
    ~/b72a9f4a-c4c1-403e-9df3-95eb6b5c1056-85.js (sourcemap at route.js.map, debug id b72a9f4a-c4c1-403e-9df3-95eb6b5c1056)
    ~/b78272d2-e136-42a4-acac-a554b4e51025-130.js (sourcemap at route.js.map, debug id b78272d2-e136-42a4-acac-a554b4e51025)
    ~/b7ee8d15-b80f-4295-b4df-f5298de8f0be-118.js (sourcemap at route.js.map, debug id b7ee8d15-b80f-4295-b4df-f5298de8f0be)
    ~/b7ef0237-9dc4-4269-9cc9-464f7d3655a1-95.js (sourcemap at route.js.map, debug id b7ef0237-9dc4-4269-9cc9-464f7d3655a1)
    ~/b90ac8ec-7eec-4db3-8b32-31ef9f4def09-269.js (sourcemap at route.js.map, debug id b90ac8ec-7eec-4db3-8b32-31ef9f4def09)
    ~/b93e73a9-4f2d-4a34-a341-9ebdff6af739-92.js (sourcemap at route.js.map, debug id b93e73a9-4f2d-4a34-a341-9ebdff6af739)
    ~/b964ace9-e80f-4bdf-8a1f-7ea25bff4cfa-231.js (sourcemap at route.js.map, debug id b964ace9-e80f-4bdf-8a1f-7ea25bff4cfa)
    ~/b99ffc48-4529-481a-aafa-40df31edca0d-225.js (sourcemap at route.js.map, debug id b99ffc48-4529-481a-aafa-40df31edca0d)
    ~/ba656d28-8494-433c-9de6-a10afa9ce5d8-49.js (sourcemap at page.js.map, debug id ba656d28-8494-433c-9de6-a10afa9ce5d8)
    ~/ba84077b-a246-4944-92d8-918bad2963ce-223.js (sourcemap at route.js.map, debug id ba84077b-a246-4944-92d8-918bad2963ce)
    ~/bb4fa3d4-89f1-42ba-828b-9cb542fbbba4-42.js (sourcemap at page.js.map, debug id bb4fa3d4-89f1-42ba-828b-9cb542fbbba4)
    ~/bc54420d-85bf-438d-9d52-6e0dbbbfc7c3-129.js (sourcemap at route.js.map, debug id bc54420d-85bf-438d-9d52-6e0dbbbfc7c3)
    ~/bc9197a4-a7c2-41ce-94be-6b0628080812-346.js (sourcemap at 9017.js.map, debug id bc9197a4-a7c2-41ce-94be-6b0628080812)
    ~/bc9570d9-ddef-42bc-8082-2687567c6e72-232.js (sourcemap at route.js.map, debug id bc9570d9-ddef-42bc-8082-2687567c6e72)
    ~/bd45b150-0b0a-431b-b427-ace5dde99bcf-174.js (sourcemap at route.js.map, debug id bd45b150-0b0a-431b-b427-ace5dde99bcf)
    ~/bd8ac9da-2117-4fcf-a273-495413a7cb28-290.js (sourcemap at 2577.js.map, debug id bd8ac9da-2117-4fcf-a273-495413a7cb28)
    ~/bdb31b39-0c16-46be-9b62-42f876382659-273.js (sourcemap at route.js.map, debug id bdb31b39-0c16-46be-9b62-42f876382659)
    ~/bde789ad-d339-4c86-8557-364b083e64f7-145.js (sourcemap at route.js.map, debug id bde789ad-d339-4c86-8557-364b083e64f7)
    ~/bf731df1-ff30-40b4-8858-7ab65361d7dd-57.js (sourcemap at page.js.map, debug id bf731df1-ff30-40b4-8858-7ab65361d7dd)
    ~/bfaefdc4-8431-478f-843e-d18f6856ef9a-135.js (sourcemap at route.js.map, debug id bfaefdc4-8431-478f-843e-d18f6856ef9a)
    ~/c06d7f31-8f86-4879-a6f2-09f9c98d3146-286.js (sourcemap at 2363.js.map, debug id c06d7f31-8f86-4879-a6f2-09f9c98d3146)
    ~/c0bcf78a-2af0-4608-8a50-ac673b3976b2-157.js (sourcemap at route.js.map, debug id c0bcf78a-2af0-4608-8a50-ac673b3976b2)
    ~/c0f75f84-d352-4a06-a887-506e2adb5aea-35.js (sourcemap at page.js.map, debug id c0f75f84-d352-4a06-a887-506e2adb5aea)
    ~/c258abe6-05a6-45e2-81f6-660a73218bb9-105.js (sourcemap at route.js.map, debug id c258abe6-05a6-45e2-81f6-660a73218bb9)
    ~/c289d9d9-3307-44ac-9646-1462d461426e-347.js (sourcemap at 9085.js.map, debug id c289d9d9-3307-44ac-9646-1462d461426e)
    ~/c2af2f11-16a1-4298-8713-cc68b5ce53e7-86.js (sourcemap at route.js.map, debug id c2af2f11-16a1-4298-8713-cc68b5ce53e7)
    ~/c33730df-3f39-4ed2-bf08-dc00c1425b04-116.js (sourcemap at route.js.map, debug id c33730df-3f39-4ed2-bf08-dc00c1425b04)
    ~/c34f76c4-c6bf-45ad-9942-c65378f7bc91-172.js (sourcemap at route.js.map, debug id c34f76c4-c6bf-45ad-9942-c65378f7bc91)
    ~/c3c8d368-45c7-439a-b7f7-981939a1f0e4-25.js (sourcemap at page.js.map, debug id c3c8d368-45c7-439a-b7f7-981939a1f0e4)
    ~/c4101084-29b6-47f3-86b8-034dd3d28c28-21.js (sourcemap at page.js.map, debug id c4101084-29b6-47f3-86b8-034dd3d28c28)
    ~/c52816c5-300e-45c3-b373-7c5a7017c307-358.js (no sourcemap found, debug id c52816c5-300e-45c3-b373-7c5a7017c307)
      - warning: could not determine a source map reference (Could not auto-detect referenced sourcemap for ~/c52816c5-300e-45c3-b373-7c5a7017c307-358.js)
    ~/c591cbb0-8d3a-4484-9230-f2513bac1c4c-154.js (sourcemap at route.js.map, debug id c591cbb0-8d3a-4484-9230-f2513bac1c4c)
    ~/c65f923e-d97f-4c72-9f3c-6de61db1d149-54.js (sourcemap at page.js.map, debug id c65f923e-d97f-4c72-9f3c-6de61db1d149)
    ~/c7ad7cd4-29e5-4807-9be2-55a0249196af-291.js (sourcemap at 2773.js.map, debug id c7ad7cd4-29e5-4807-9be2-55a0249196af)
    ~/c904b001-815f-41e2-a785-b3f3b9533bac-203.js (sourcemap at route.js.map, debug id c904b001-815f-41e2-a785-b3f3b9533bac)
    ~/c9275c58-f005-432e-aced-825737ce8b2e-323.js (sourcemap at 6291.js.map, debug id c9275c58-f005-432e-aced-825737ce8b2e)
    ~/c9a4b153-5a44-4851-b775-556037bf0e5d-328.js (sourcemap at 7082.js.map, debug id c9a4b153-5a44-4851-b775-556037bf0e5d)
    ~/c9b3f1a1-1770-49cb-80d0-f2f5f63cf933-103.js (sourcemap at route.js.map, debug id c9b3f1a1-1770-49cb-80d0-f2f5f63cf933)
    ~/cb6b2a67-cfa6-4d44-bf5c-a86e26358c83-262.js (sourcemap at route.js.map, debug id cb6b2a67-cfa6-4d44-bf5c-a86e26358c83)
    ~/cc580b4a-3656-49d0-8a13-0af6dde1e6be-178.js (sourcemap at route.js.map, debug id cc580b4a-3656-49d0-8a13-0af6dde1e6be)
    ~/cd6e44fb-f905-4691-bce4-ae53b71718e1-357.js (sourcemap at _app.js.map, debug id cd6e44fb-f905-4691-bce4-ae53b71718e1)
    ~/ced9cb29-d9c8-447d-a0a1-714cee7a33d1-268.js (sourcemap at route.js.map, debug id ced9cb29-d9c8-447d-a0a1-714cee7a33d1)
    ~/cf0cefdc-aabc-4d8e-82dd-6439d2193487-226.js (sourcemap at route.js.map, debug id cf0cefdc-aabc-4d8e-82dd-6439d2193487)
    ~/cf1df05b-7937-4307-990b-76b8db65a12c-345.js (sourcemap at 8810.js.map, debug id cf1df05b-7937-4307-990b-76b8db65a12c)
    ~/cf363b62-dae3-4985-bc91-16f15b594abf-340.js (sourcemap at 8270.js.map, debug id cf363b62-dae3-4985-bc91-16f15b594abf)
    ~/cfc7653e-32c3-41fb-a61d-2fcdb818a302-342.js (sourcemap at 8534.js.map, debug id cfc7653e-32c3-41fb-a61d-2fcdb818a302)
    ~/d0b55b26-312d-4817-aff1-5c460ef49559-91.js (sourcemap at route.js.map, debug id d0b55b26-312d-4817-aff1-5c460ef49559)
    ~/d0fec1bd-13c7-4fa0-bf9d-8bc00c893fa3-352.js (sourcemap at 9996.js.map, debug id d0fec1bd-13c7-4fa0-bf9d-8bc00c893fa3)
    ~/d17b27c8-8225-45c2-87c3-5d5392f51596-309.js (sourcemap at 4891.js.map, debug id d17b27c8-8225-45c2-87c3-5d5392f51596)
    ~/d5d3f51a-dbb5-4bb5-a00f-6bb43b9a1ea5-36.js (sourcemap at page.js.map, debug id d5d3f51a-dbb5-4bb5-a00f-6bb43b9a1ea5)
    ~/d8406531-2511-4ec2-add4-7048f3b1c83e-33.js (sourcemap at page.js.map, debug id d8406531-2511-4ec2-add4-7048f3b1c83e)
    ~/d9736725-8d80-4cb0-8dfd-9bfdc7f6d63e-127.js (sourcemap at route.js.map, debug id d9736725-8d80-4cb0-8dfd-9bfdc7f6d63e)
    ~/da51476b-c654-45ea-a1c0-c08257cdf483-351.js (sourcemap at 947.js.map, debug id da51476b-c654-45ea-a1c0-c08257cdf483)
    ~/db38dffa-04c5-4153-895b-a03a5d27c19e-79.js (sourcemap at route.js.map, debug id db38dffa-04c5-4153-895b-a03a5d27c19e)
    ~/db8425e3-d01b-46de-9f34-347b8e2a46a7-99.js (sourcemap at route.js.map, debug id db8425e3-d01b-46de-9f34-347b8e2a46a7)
    ~/dba9714b-4e26-4478-af75-2191d08189db-292.js (sourcemap at 2856.js.map, debug id dba9714b-4e26-4478-af75-2191d08189db)
    ~/dbfd1d09-505e-4e76-85f2-7f1265d1cf14-148.js (sourcemap at route.js.map, debug id dbfd1d09-505e-4e76-85f2-7f1265d1cf14)
    ~/dce581cc-1084-4480-97c3-32808abd1f57-107.js (sourcemap at route.js.map, debug id dce581cc-1084-4480-97c3-32808abd1f57)
    ~/dcf0f9d3-83d3-40af-80c9-bab3c595f6d9-13.js (sourcemap at page.js.map, debug id dcf0f9d3-83d3-40af-80c9-bab3c595f6d9)
    ~/dd2565ce-65d9-48e2-8505-3913e61ea107-261.js (sourcemap at route.js.map, debug id dd2565ce-65d9-48e2-8505-3913e61ea107)
    ~/ddf22308-6520-4555-8edb-1dddfaf898c0-166.js (sourcemap at route.js.map, debug id ddf22308-6520-4555-8edb-1dddfaf898c0)
    ~/de4db3b7-5865-4269-8f43-7daedf68283d-326.js (sourcemap at 6772.js.map, debug id de4db3b7-5865-4269-8f43-7daedf68283d)
    ~/de8aac15-5a34-4c05-8663-d42d4e3e4b8c-56.js (sourcemap at page.js.map, debug id de8aac15-5a34-4c05-8663-d42d4e3e4b8c)
    ~/dece6b7d-eedd-4e89-8ab8-087a2293bb21-150.js (sourcemap at route.js.map, debug id dece6b7d-eedd-4e89-8ab8-087a2293bb21)
    ~/df2015d7-7591-406e-abb4-e95ece2ef84c-134.js (sourcemap at route.js.map, debug id df2015d7-7591-406e-abb4-e95ece2ef84c)
    ~/dfc69859-a103-49b1-aa7b-a83689056e6d-161.js (sourcemap at route.js.map, debug id dfc69859-a103-49b1-aa7b-a83689056e6d)
    ~/e0775e0b-50f1-434a-a494-61db8f9f7bbe-332.js (sourcemap at 759.js.map, debug id e0775e0b-50f1-434a-a494-61db8f9f7bbe)
    ~/e0cd525d-eba5-4c43-bbef-f18b5e98103b-185.js (sourcemap at route.js.map, debug id e0cd525d-eba5-4c43-bbef-f18b5e98103b)
    ~/e1d06d48-2b33-4d54-81cb-9960edec0ff0-200.js (sourcemap at route.js.map, debug id e1d06d48-2b33-4d54-81cb-9960edec0ff0)
    ~/e2760440-5fc9-4d8e-87c8-a4ba1d5be7eb-317.js (sourcemap at 6035.js.map, debug id e2760440-5fc9-4d8e-87c8-a4ba1d5be7eb)
    ~/e32101d3-e2f4-4493-9630-4be0b96ff790-2.js (sourcemap at page.js.map, debug id e32101d3-e2f4-4493-9630-4be0b96ff790)
    ~/e37a27bc-42c2-4181-9670-1325905db163-354.js (sourcemap at edge-runtime-webpack.js.map, debug id e37a27bc-42c2-4181-9670-1325905db163)
    ~/e4e26de0-0d4c-42b0-9fa5-165673cab81d-28.js (sourcemap at page.js.map, debug id e4e26de0-0d4c-42b0-9fa5-165673cab81d)
    ~/e4f5c07e-3384-4845-8cb2-53affcaa100d-181.js (sourcemap at route.js.map, debug id e4f5c07e-3384-4845-8cb2-53affcaa100d)
    ~/e61f030b-2bf5-4f13-965e-3ee7274c0ccc-212.js (sourcemap at route.js.map, debug id e61f030b-2bf5-4f13-965e-3ee7274c0ccc)
    ~/e62cf234-162f-4beb-8b56-65029f77afa3-58.js (sourcemap at page.js.map, debug id e62cf234-162f-4beb-8b56-65029f77afa3)
    ~/e662f7fa-2183-4d0d-8af8-0ddfc4fc863d-304.js (sourcemap at 4441.js.map, debug id e662f7fa-2183-4d0d-8af8-0ddfc4fc863d)
    ~/e669aef8-691b-49d2-9ab8-05aa0c88e7ef-278.js (sourcemap at 1012.js.map, debug id e669aef8-691b-49d2-9ab8-05aa0c88e7ef)
    ~/e6b27739-34e0-4230-9f2c-f04908989578-38.js (sourcemap at page.js.map, debug id e6b27739-34e0-4230-9f2c-f04908989578)
    ~/e7049c94-9a12-40ec-a77e-2b8fe2ce8903-350.js (sourcemap at 9435.js.map, debug id e7049c94-9a12-40ec-a77e-2b8fe2ce8903)
    ~/e7cfd408-0f13-4a59-a9bd-6bd844d76e3c-168.js (sourcemap at route.js.map, debug id e7cfd408-0f13-4a59-a9bd-6bd844d76e3c)
    ~/e848c433-4c18-4159-903a-78da6920542d-9.js (sourcemap at page.js.map, debug id e848c433-4c18-4159-903a-78da6920542d)
    ~/e850661d-1121-46a4-8a7a-b9b9d8012868-43.js (sourcemap at page.js.map, debug id e850661d-1121-46a4-8a7a-b9b9d8012868)
    ~/e8de3e60-e8b9-4025-929c-3896ef26b3b1-102.js (sourcemap at route.js.map, debug id e8de3e60-e8b9-4025-929c-3896ef26b3b1)
    ~/e8f1a8a7-109a-4de4-8ab5-c8feb9d954c6-259.js (sourcemap at route.js.map, debug id e8f1a8a7-109a-4de4-8ab5-c8feb9d954c6)
    ~/eb507d12-87cd-4056-825d-c5a7960d248b-0.js (sourcemap at page.js.map, debug id eb507d12-87cd-4056-825d-c5a7960d248b)
    ~/ec69c9b3-1570-47ce-9bbf-cbf0ad4e133c-233.js (sourcemap at route.js.map, debug id ec69c9b3-1570-47ce-9bbf-cbf0ad4e133c)
    ~/ee6bfb5d-ad12-4f96-a92f-5f4470b1ab0c-112.js (sourcemap at route.js.map, debug id ee6bfb5d-ad12-4f96-a92f-5f4470b1ab0c)
    ~/efc7218a-f6bf-4e5a-aa97-b48311239b51-45.js (sourcemap at page.js.map, debug id efc7218a-f6bf-4e5a-aa97-b48311239b51)
    ~/f030fe42-888a-4a8a-ac9e-764c293af726-44.js (sourcemap at page.js.map, debug id f030fe42-888a-4a8a-ac9e-764c293af726)
    ~/f063cd19-84cf-42c3-8677-11c5fb55c9aa-280.js (sourcemap at 1242.js.map, debug id f063cd19-84cf-42c3-8677-11c5fb55c9aa)
    ~/f265dd1c-2496-4635-b230-6d7a5c4834a1-52.js (sourcemap at page.js.map, debug id f265dd1c-2496-4635-b230-6d7a5c4834a1)
    ~/f4e79006-bee9-4ac3-96f7-79f787bd8dc2-90.js (sourcemap at route.js.map, debug id f4e79006-bee9-4ac3-96f7-79f787bd8dc2)
    ~/f4f05a3d-55e8-4625-babc-fd0b23636c63-34.js (sourcemap at page.js.map, debug id f4f05a3d-55e8-4625-babc-fd0b23636c63)
    ~/f5389e47-4179-460b-afba-5a72c7b7b09d-27.js (sourcemap at page.js.map, debug id f5389e47-4179-460b-afba-5a72c7b7b09d)
    ~/f5eb0853-44dc-4171-b6a1-a43dc507cf6d-206.js (sourcemap at route.js.map, debug id f5eb0853-44dc-4171-b6a1-a43dc507cf6d)
    ~/f605bf0e-e37d-45b6-9673-bea38fd28c14-204.js (sourcemap at route.js.map, debug id f605bf0e-e37d-45b6-9673-bea38fd28c14)
    ~/f6b4e2a4-06cf-476e-b3b8-f480bcc6fdd0-276.js (sourcemap at page.js.map, debug id f6b4e2a4-06cf-476e-b3b8-f480bcc6fdd0)
    ~/f7de15cd-53da-4005-90d5-c8df3874d277-78.js (sourcemap at route.js.map, debug id f7de15cd-53da-4005-90d5-c8df3874d277)
    ~/f80b1693-123b-4856-ab1a-79ac098514a0-40.js (sourcemap at page.js.map, debug id f80b1693-123b-4856-ab1a-79ac098514a0)
    ~/f8471c9f-e0c0-4d00-9518-15a79b8161ba-171.js (sourcemap at route.js.map, debug id f8471c9f-e0c0-4d00-9518-15a79b8161ba)
    ~/f89491c7-3b7e-4864-9e7b-440b60e04831-257.js (sourcemap at route.js.map, debug id f89491c7-3b7e-4864-9e7b-440b60e04831)
    ~/f96e7c34-c51f-448c-88a3-05f527493a46-197.js (sourcemap at route.js.map, debug id f96e7c34-c51f-448c-88a3-05f527493a46)
    ~/f9d12a30-7983-4e7a-ac44-3a7a5001b77a-311.js (sourcemap at 5017.js.map, debug id f9d12a30-7983-4e7a-ac44-3a7a5001b77a)
    ~/fa65637b-f4e4-4fb5-83ab-4ec74a9223f2-239.js (sourcemap at route.js.map, debug id fa65637b-f4e4-4fb5-83ab-4ec74a9223f2)
    ~/fbc04181-9616-4a7e-a3b7-f09c084ee4f2-125.js (sourcemap at route.js.map, debug id fbc04181-9616-4a7e-a3b7-f09c084ee4f2)
    ~/fc541d13-1194-4d56-8672-b1654a48b41e-72.js (sourcemap at page.js.map, debug id fc541d13-1194-4d56-8672-b1654a48b41e)
    ~/fd7b0d21-a6e4-4d6a-8269-c5f307e1e38d-67.js (sourcemap at page.js.map, debug id fd7b0d21-a6e4-4d6a-8269-c5f307e1e38d)
    ~/fdfde8e9-86e4-429f-ba1d-991b0a82c792-151.js (sourcemap at route.js.map, debug id fdfde8e9-86e4-429f-ba1d-991b0a82c792)
    ~/ff0d80a1-5419-4907-9e01-be9bb4460d45-139.js (sourcemap at route.js.map, debug id ff0d80a1-5419-4907-9e01-be9bb4460d45)
    ~/ff5d7abe-f9ac-4d6e-90ae-aa9e14bb75d3-272.js (sourcemap at route.js.map, debug id ff5d7abe-f9ac-4d6e-90ae-aa9e14bb75d3)
    ~/ffd03fc8-9cb9-456a-aa21-40c20f42bf64-80.js (sourcemap at route.js.map, debug id ffd03fc8-9cb9-456a-aa21-40c20f42bf64)
  Source Maps
    ~/002f653b-8786-4814-8f83-1a81dde0c92d-305.js.map (debug id 002f653b-8786-4814-8f83-1a81dde0c92d)
    ~/020a5058-7037-4063-aad5-50f9fecf70f9-64.js.map (debug id 020a5058-7037-4063-aad5-50f9fecf70f9)
    ~/02ece326-ddac-40b0-a3f9-68a62c30e623-266.js.map (debug id 02ece326-ddac-40b0-a3f9-68a62c30e623)
    ~/05145b08-1499-4a89-b51c-103e350e0972-53.js.map (debug id 05145b08-1499-4a89-b51c-103e350e0972)
    ~/055190bc-b6a5-46ee-b81e-830688b032ef-359.js.map (debug id 055190bc-b6a5-46ee-b81e-830688b032ef)
    ~/05cf5af8-fe35-4305-9ead-90711bf1f8b5-282.js.map (debug id 05cf5af8-fe35-4305-9ead-90711bf1f8b5)
    ~/0681207f-e509-4179-9f04-b9816c454638-5.js.map (debug id 0681207f-e509-4179-9f04-b9816c454638)
    ~/069a3be9-2de8-45a9-b99c-7483b3f71dd7-320.js.map (debug id 069a3be9-2de8-45a9-b99c-7483b3f71dd7)
    ~/087baaba-55c6-46d6-b7c4-dd770bd3c3cd-202.js.map (debug id 087baaba-55c6-46d6-b7c4-dd770bd3c3cd)
    ~/0966f26f-ebb4-4248-8fce-886215a76f64-61.js.map (debug id 0966f26f-ebb4-4248-8fce-886215a76f64)
    ~/09c5b429-95fc-42ca-aadb-422052b1d5b8-128.js.map (debug id 09c5b429-95fc-42ca-aadb-422052b1d5b8)
    ~/09f67ff1-8b1a-4fa2-bdb8-5f4a8f77332a-210.js.map (debug id 09f67ff1-8b1a-4fa2-bdb8-5f4a8f77332a)
    ~/0a7d9871-27e6-4568-881b-90e11d5958a0-229.js.map (debug id 0a7d9871-27e6-4568-881b-90e11d5958a0)
    ~/0a888826-7ce2-4044-99bc-6af22bd95c14-62.js.map (debug id 0a888826-7ce2-4044-99bc-6af22bd95c14)
    ~/0be67bd1-ee3a-41d4-84b3-93f91b9d7b9a-37.js.map (debug id 0be67bd1-ee3a-41d4-84b3-93f91b9d7b9a)
    ~/0d23dc9d-09b6-422f-9479-f1377db3f380-293.js.map (debug id 0d23dc9d-09b6-422f-9479-f1377db3f380)
    ~/0e06f541-8b49-4192-ab1b-2fe5b1efbe96-11.js.map (debug id 0e06f541-8b49-4192-ab1b-2fe5b1efbe96)
    ~/0e811e78-8809-4997-bf2c-fb332abc3db6-122.js.map (debug id 0e811e78-8809-4997-bf2c-fb332abc3db6)
    ~/0f3fb371-2234-41c6-a787-e423a6c62458-189.js.map (debug id 0f3fb371-2234-41c6-a787-e423a6c62458)
    ~/10061efd-d27b-409c-95c3-67424612c63b-104.js.map (debug id 10061efd-d27b-409c-95c3-67424612c63b)
    ~/1022403b-a132-4c70-aaf6-d9f3d1c1a981-51.js.map (debug id 1022403b-a132-4c70-aaf6-d9f3d1c1a981)
    ~/125e760a-5dce-4fe2-9435-3f0a47659d92-186.js.map (debug id 125e760a-5dce-4fe2-9435-3f0a47659d92)
    ~/1275ac20-2d75-4043-93f7-126256d2089f-319.js.map (debug id 1275ac20-2d75-4043-93f7-126256d2089f)
    ~/170d99b6-da29-4a1a-a5f3-73143998b456-111.js.map (debug id 170d99b6-da29-4a1a-a5f3-73143998b456)
    ~/175f2f05-1e5e-4754-b3b4-57aabcea42d8-237.js.map (debug id 175f2f05-1e5e-4754-b3b4-57aabcea42d8)
    ~/1761f397-74e8-4c69-bb07-18846721edab-315.js.map (debug id 1761f397-74e8-4c69-bb07-18846721edab)
    ~/179d647a-def3-45d4-87f1-ca906758d41c-209.js.map (debug id 179d647a-def3-45d4-87f1-ca906758d41c)
    ~/1809311e-15df-4a5b-a260-d8b1e91368cf-183.js.map (debug id 1809311e-15df-4a5b-a260-d8b1e91368cf)
    ~/18bd5828-b67c-48df-91cc-20388343ab51-299.js.map (debug id 18bd5828-b67c-48df-91cc-20388343ab51)
    ~/1977739d-033d-482a-81ea-9fb81035dfdd-198.js.map (debug id 1977739d-033d-482a-81ea-9fb81035dfdd)
    ~/1a5f6dc1-3c84-4f3a-bbd6-653f3b450376-190.js.map (debug id 1a5f6dc1-3c84-4f3a-bbd6-653f3b450376)
    ~/1bf94694-9b8f-43b5-b0c2-9788762383dd-69.js.map (debug id 1bf94694-9b8f-43b5-b0c2-9788762383dd)
    ~/1d011ab9-ebc0-4c37-ae67-79bdfd494ae0-258.js.map (debug id 1d011ab9-ebc0-4c37-ae67-79bdfd494ae0)
    ~/1d09a97b-b3ee-4100-ab2c-b09ffd4ddb0f-188.js.map (debug id 1d09a97b-b3ee-4100-ab2c-b09ffd4ddb0f)
    ~/1d73ba60-061c-4f56-b9f8-d5802b272d22-275.js.map (debug id 1d73ba60-061c-4f56-b9f8-d5802b272d22)
    ~/1e28a685-0dad-47c1-8bd9-94526c1964ae-301.js.map (debug id 1e28a685-0dad-47c1-8bd9-94526c1964ae)
    ~/1e503bdb-6889-44b5-8945-76472d25eddc-108.js.map (debug id 1e503bdb-6889-44b5-8945-76472d25eddc)
    ~/1e611099-ba97-4c7d-8523-eb100210b870-182.js.map (debug id 1e611099-ba97-4c7d-8523-eb100210b870)
    ~/1ebd1522-e09c-4134-8cae-649652abbda8-94.js.map (debug id 1ebd1522-e09c-4134-8cae-649652abbda8)
    ~/1ebfd1c6-abb2-49bf-9cc2-7d16c18bcd81-97.js.map (debug id 1ebfd1c6-abb2-49bf-9cc2-7d16c18bcd81)
    ~/2026f649-007a-4f6f-acd0-874ab0a6f35e-70.js.map (debug id 2026f649-007a-4f6f-acd0-874ab0a6f35e)
    ~/209477b5-af90-4b3f-932b-c1c352d5c63b-77.js.map (debug id 209477b5-af90-4b3f-932b-c1c352d5c63b)
    ~/20cf088c-4e34-4aee-8bbf-84334c8acc87-106.js.map (debug id 20cf088c-4e34-4aee-8bbf-84334c8acc87)
    ~/23101896-768a-4dc0-8652-1ccfc604a184-179.js.map (debug id 23101896-768a-4dc0-8652-1ccfc604a184)
    ~/24897c7e-528e-40ee-9013-8997ede6809e-339.js.map (debug id 24897c7e-528e-40ee-9013-8997ede6809e)
    ~/24c8dafe-7e0a-4891-9ac6-e4faeee23af2-74.js.map (debug id 24c8dafe-7e0a-4891-9ac6-e4faeee23af2)
    ~/252169b4-d300-409a-bf3b-952016f78cfc-48.js.map (debug id 252169b4-d300-409a-bf3b-952016f78cfc)
    ~/26971652-331d-4d61-9508-3f2d1b6eba22-137.js.map (debug id 26971652-331d-4d61-9508-3f2d1b6eba22)
    ~/27323fbc-323b-4ba6-bb6e-8258f155eb1a-289.js.map (debug id 27323fbc-323b-4ba6-bb6e-8258f155eb1a)
    ~/28bdae2e-32ac-4a69-9ff6-86f224164236-244.js.map (debug id 28bdae2e-32ac-4a69-9ff6-86f224164236)
    ~/28fd7ef4-a4a1-45a4-963e-01d31e854433-264.js.map (debug id 28fd7ef4-a4a1-45a4-963e-01d31e854433)
    ~/29072c89-2713-401f-8ad3-81eb1144a764-238.js.map (debug id 29072c89-2713-401f-8ad3-81eb1144a764)
    ~/29af8455-56b0-4d4a-a99b-fc5c547bd0c0-39.js.map (debug id 29af8455-56b0-4d4a-a99b-fc5c547bd0c0)
    ~/2a0a1edc-f298-4f4c-be6b-e7d37e7eade4-298.js.map (debug id 2a0a1edc-f298-4f4c-be6b-e7d37e7eade4)
    ~/2ac0e0ae-00d4-4b3b-bdde-abc4ea12bcb9-277.js.map (debug id 2ac0e0ae-00d4-4b3b-bdde-abc4ea12bcb9)
    ~/2b2f06e7-d84c-4caf-815d-4e52ab65ff10-224.js.map (debug id 2b2f06e7-d84c-4caf-815d-4e52ab65ff10)
    ~/2d40ab04-e43e-4c0e-8568-7d7326a0de08-115.js.map (debug id 2d40ab04-e43e-4c0e-8568-7d7326a0de08)
    ~/2d4d2ce6-ee4a-4009-b8cd-b2871613e61a-343.js.map (debug id 2d4d2ce6-ee4a-4009-b8cd-b2871613e61a)
    ~/2e4ca229-2cc9-4ecd-9f48-5dfcb675a926-279.js.map (debug id 2e4ca229-2cc9-4ecd-9f48-5dfcb675a926)
    ~/2e9f7e81-e862-49f4-8a93-3576f8aefb64-271.js.map (debug id 2e9f7e81-e862-49f4-8a93-3576f8aefb64)
    ~/2eb2702d-61c6-4f39-a505-d1fd39e2d361-255.js.map (debug id 2eb2702d-61c6-4f39-a505-d1fd39e2d361)
    ~/2f3ebf01-8835-4ed1-8871-a6b86b9fcbf7-71.js.map (debug id 2f3ebf01-8835-4ed1-8871-a6b86b9fcbf7)
    ~/2f7c0d96-66d9-4bf7-9cf3-9721f8cab3c5-310.js.map (debug id 2f7c0d96-66d9-4bf7-9cf3-9721f8cab3c5)
    ~/31ff2d39-d03b-450d-a28b-02085e3da5fe-249.js.map (debug id 31ff2d39-d03b-450d-a28b-02085e3da5fe)
    ~/329a1f6d-7891-423d-bf3a-1289c38d944e-306.js.map (debug id 329a1f6d-7891-423d-bf3a-1289c38d944e)
    ~/33436e8d-38d8-4c06-90f3-d4dac037e7d3-19.js.map (debug id 33436e8d-38d8-4c06-90f3-d4dac037e7d3)
    ~/336d6964-06b8-4162-89ba-6c88dd564b35-81.js.map (debug id 336d6964-06b8-4162-89ba-6c88dd564b35)
    ~/35afc700-7ad7-4a1d-82bc-c466184658cb-177.js.map (debug id 35afc700-7ad7-4a1d-82bc-c466184658cb)
    ~/3687e7c0-4b5a-477f-bc15-e304d8da570e-41.js.map (debug id 3687e7c0-4b5a-477f-bc15-e304d8da570e)
    ~/369248a6-631a-4d64-8295-2161df4b7f45-158.js.map (debug id 369248a6-631a-4d64-8295-2161df4b7f45)
    ~/36f1bfe5-47fe-40e4-a045-95465d536f8b-123.js.map (debug id 36f1bfe5-47fe-40e4-a045-95465d536f8b)
    ~/37584573-67a8-441e-93b2-ce600a64bccb-17.js.map (debug id 37584573-67a8-441e-93b2-ce600a64bccb)
    ~/37bc50e7-def4-498b-9977-b225bbf69a56-338.js.map (debug id 37bc50e7-def4-498b-9977-b225bbf69a56)
    ~/383f1b58-cc38-494d-8b38-10811b58390b-321.js.map (debug id 383f1b58-cc38-494d-8b38-10811b58390b)
    ~/38842a7b-f482-46e3-b76e-33cbb1a4e509-235.js.map (debug id 38842a7b-f482-46e3-b76e-33cbb1a4e509)
    ~/3890c6ad-e79b-4249-920c-9dee06e97923-344.js.map (debug id 3890c6ad-e79b-4249-920c-9dee06e97923)
    ~/389a541f-369c-46d1-a776-0c7d9316ebaa-246.js.map (debug id 389a541f-369c-46d1-a776-0c7d9316ebaa)
    ~/38b816e6-d9d8-4527-9bff-d278516e47a5-215.js.map (debug id 38b816e6-d9d8-4527-9bff-d278516e47a5)
    ~/399d508d-9bfd-41a6-9e0e-7e2458e41cac-341.js.map (debug id 399d508d-9bfd-41a6-9e0e-7e2458e41cac)
    ~/3a285f1c-6185-4337-b3b2-a553642e3fba-194.js.map (debug id 3a285f1c-6185-4337-b3b2-a553642e3fba)
    ~/3ad588a2-9c5b-4ac8-981b-ad8005d61dcf-152.js.map (debug id 3ad588a2-9c5b-4ac8-981b-ad8005d61dcf)
    ~/3ae3334d-5771-4237-9ba8-26ef955d4e67-109.js.map (debug id 3ae3334d-5771-4237-9ba8-26ef955d4e67)
    ~/3b3176b9-c0cb-4566-8658-7224d6f4966b-140.js.map (debug id 3b3176b9-c0cb-4566-8658-7224d6f4966b)
    ~/3c43b139-aa64-42b8-a29c-33eb2b762d8e-75.js.map (debug id 3c43b139-aa64-42b8-a29c-33eb2b762d8e)
    ~/3cf11751-f834-4361-96d7-cbd02ac29685-285.js.map (debug id 3cf11751-f834-4361-96d7-cbd02ac29685)
    ~/3daf93fa-1ec7-4c21-b32d-bb0cd664b53c-221.js.map (debug id 3daf93fa-1ec7-4c21-b32d-bb0cd664b53c)
    ~/3e3423b4-4534-45bc-a02f-8ca6908d591a-217.js.map (debug id 3e3423b4-4534-45bc-a02f-8ca6908d591a)
    ~/3e65ba02-89e4-4d0d-838a-74de43837662-193.js.map (debug id 3e65ba02-89e4-4d0d-838a-74de43837662)
    ~/3e7e524e-aa71-448e-8d22-daf2f9bdf5ee-163.js.map (debug id 3e7e524e-aa71-448e-8d22-daf2f9bdf5ee)
    ~/3ea74b55-4000-4a7a-9662-6f19d2bb3847-314.js.map (debug id 3ea74b55-4000-4a7a-9662-6f19d2bb3847)
    ~/3f92e4e5-d8cd-4e1f-8843-b288c495e81a-191.js.map (debug id 3f92e4e5-d8cd-4e1f-8843-b288c495e81a)
    ~/40e168ac-deaf-43b3-a9c4-58cf7c32d73b-159.js.map (debug id 40e168ac-deaf-43b3-a9c4-58cf7c32d73b)
    ~/4250568c-2431-4bcd-9889-6f70119febfc-126.js.map (debug id 4250568c-2431-4bcd-9889-6f70119febfc)
    ~/433095d5-aac7-4c26-aa1d-d5750df614d2-18.js.map (debug id 433095d5-aac7-4c26-aa1d-d5750df614d2)
    ~/435f3f80-5207-4528-993d-eeb6191591c2-214.js.map (debug id 435f3f80-5207-4528-993d-eeb6191591c2)
    ~/43efd33c-aedb-4781-9857-109e8f784825-325.js.map (debug id 43efd33c-aedb-4781-9857-109e8f784825)
    ~/4406e79c-3c04-404e-be25-69122ecd2476-349.js.map (debug id 4406e79c-3c04-404e-be25-69122ecd2476)
    ~/440c640f-0cd5-4b81-8712-2946ef02092a-114.js.map (debug id 440c640f-0cd5-4b81-8712-2946ef02092a)
    ~/47f90ec4-4fa8-4083-83ea-a6a353cd2091-180.js.map (debug id 47f90ec4-4fa8-4083-83ea-a6a353cd2091)
    ~/47fb12ed-1c52-40ea-b7f8-840ee940c5c3-213.js.map (debug id 47fb12ed-1c52-40ea-b7f8-840ee940c5c3)
    ~/49d0f954-c6e0-4ce7-96f6-4a790af97d2f-353.js.map (debug id 49d0f954-c6e0-4ce7-96f6-4a790af97d2f)
    ~/49f9265d-f074-4cd2-a1dc-129d2ca12656-30.js.map (debug id 49f9265d-f074-4cd2-a1dc-129d2ca12656)
    ~/4a2d6e44-9eea-4968-af7a-e2a6bd386eed-162.js.map (debug id 4a2d6e44-9eea-4968-af7a-e2a6bd386eed)
    ~/4abae222-d846-445d-9281-e2b0e49e10be-267.js.map (debug id 4abae222-d846-445d-9281-e2b0e49e10be)
    ~/4abc68e7-5512-467e-912b-6de9c78b621e-234.js.map (debug id 4abc68e7-5512-467e-912b-6de9c78b621e)
    ~/4ad7591f-103a-4a58-ac5d-3dc7fb52e1a9-165.js.map (debug id 4ad7591f-103a-4a58-ac5d-3dc7fb52e1a9)
    ~/4b360779-8858-43ab-9fca-a5b8b880f83c-88.js.map (debug id 4b360779-8858-43ab-9fca-a5b8b880f83c)
    ~/4b6f2cb3-7808-40ae-8286-730cf3295515-124.js.map (debug id 4b6f2cb3-7808-40ae-8286-730cf3295515)
    ~/4cd49dfd-cbd3-4f84-815f-1e9e4305129b-327.js.map (debug id 4cd49dfd-cbd3-4f84-815f-1e9e4305129b)
    ~/4f1d5318-bb96-4729-b045-92c6c7d10202-7.js.map (debug id 4f1d5318-bb96-4729-b045-92c6c7d10202)
    ~/50536649-c9b4-44ec-b30e-057ecafaf6e4-98.js.map (debug id 50536649-c9b4-44ec-b30e-057ecafaf6e4)
    ~/50b08e55-55ca-4e77-9320-50f63583b3cc-3.js.map (debug id 50b08e55-55ca-4e77-9320-50f63583b3cc)
    ~/50d13090-ced8-49df-acf5-463a753929ef-173.js.map (debug id 50d13090-ced8-49df-acf5-463a753929ef)
    ~/522554e6-baa5-4253-9c95-9d8122327308-169.js.map (debug id 522554e6-baa5-4253-9c95-9d8122327308)
    ~/52ce3363-4a44-40ac-9334-08998c5cbade-199.js.map (debug id 52ce3363-4a44-40ac-9334-08998c5cbade)
    ~/545a8418-c13b-44c8-9ad6-1683455c1981-65.js.map (debug id 545a8418-c13b-44c8-9ad6-1683455c1981)
    ~/55799200-2726-466a-9090-d1d6aa1f49eb-265.js.map (debug id 55799200-2726-466a-9090-d1d6aa1f49eb)
    ~/56c75a97-fb43-4de8-93b2-f721fb54ef4f-6.js.map (debug id 56c75a97-fb43-4de8-93b2-f721fb54ef4f)
    ~/571707fb-b033-49bb-b44a-86e735db533d-312.js.map (debug id 571707fb-b033-49bb-b44a-86e735db533d)
    ~/57cc3b4d-701f-4f60-930b-9ed979190956-176.js.map (debug id 57cc3b4d-701f-4f60-930b-9ed979190956)
    ~/57e3bb9d-0e61-4237-87e7-28862785ec54-208.js.map (debug id 57e3bb9d-0e61-4237-87e7-28862785ec54)
    ~/58385afc-b3d9-4b91-8073-f990eea24a3a-256.js.map (debug id 58385afc-b3d9-4b91-8073-f990eea24a3a)
    ~/58b3ee72-9afa-4013-8be3-29097b97f6ed-14.js.map (debug id 58b3ee72-9afa-4013-8be3-29097b97f6ed)
    ~/5b6199ca-cbc8-4dc4-bd82-e407ffbe5103-254.js.map (debug id 5b6199ca-cbc8-4dc4-bd82-e407ffbe5103)
    ~/5ba64476-37a9-4f52-82d7-c6a75a834aad-245.js.map (debug id 5ba64476-37a9-4f52-82d7-c6a75a834aad)
    ~/5bef5a5d-667b-419d-a9dc-11282cedf1d4-59.js.map (debug id 5bef5a5d-667b-419d-a9dc-11282cedf1d4)
    ~/5e20275d-9e90-4ddf-a06e-17e92d1dc894-252.js.map (debug id 5e20275d-9e90-4ddf-a06e-17e92d1dc894)
    ~/5e765395-c319-493b-9700-7a7aa7b1f1f9-241.js.map (debug id 5e765395-c319-493b-9700-7a7aa7b1f1f9)
    ~/5fa36bd2-25fd-48c7-906a-bdf8972a9fb5-147.js.map (debug id 5fa36bd2-25fd-48c7-906a-bdf8972a9fb5)
    ~/62c8e33c-caf8-4376-8a06-822d0f565dcb-288.js.map (debug id 62c8e33c-caf8-4376-8a06-822d0f565dcb)
    ~/63934ff5-9c74-4427-92df-00476ccc4cf5-219.js.map (debug id 63934ff5-9c74-4427-92df-00476ccc4cf5)
    ~/642a70bf-b0e9-4982-9447-ee7d32f226d0-155.js.map (debug id 642a70bf-b0e9-4982-9447-ee7d32f226d0)
    ~/64d2367a-c337-45d5-9d4c-95af5e22f786-236.js.map (debug id 64d2367a-c337-45d5-9d4c-95af5e22f786)
    ~/65d67a40-c84e-47a0-9f9d-82a695cb9760-322.js.map (debug id 65d67a40-c84e-47a0-9f9d-82a695cb9760)
    ~/65da9b9e-eef7-40bf-8579-68588530c865-119.js.map (debug id 65da9b9e-eef7-40bf-8579-68588530c865)
    ~/672da7ee-0df6-4928-979f-debaa1659628-73.js.map (debug id 672da7ee-0df6-4928-979f-debaa1659628)
    ~/6976a9fb-d334-4e50-95a8-5ada4fdb3112-8.js.map (debug id 6976a9fb-d334-4e50-95a8-5ada4fdb3112)
    ~/6a153997-c2b5-40ed-b349-194b91c262dd-205.js.map (debug id 6a153997-c2b5-40ed-b349-194b91c262dd)
    ~/6a7573e2-6cdb-437b-b48d-babb69d515a8-16.js.map (debug id 6a7573e2-6cdb-437b-b48d-babb69d515a8)
    ~/6ac29400-11f6-4fcf-8242-23f69a0179fb-294.js.map (debug id 6ac29400-11f6-4fcf-8242-23f69a0179fb)
    ~/6b0e4912-8f29-43d0-9232-37540e79f662-31.js.map (debug id 6b0e4912-8f29-43d0-9232-37540e79f662)
    ~/6be39ae6-c252-4c48-b2e1-d97c4ddf69c6-24.js.map (debug id 6be39ae6-c252-4c48-b2e1-d97c4ddf69c6)
    ~/6c0d16a2-0fd4-4716-a2b9-7af7b73d012a-83.js.map (debug id 6c0d16a2-0fd4-4716-a2b9-7af7b73d012a)
    ~/6c2b7b99-aa84-4d3c-bbc8-d02eb533df4e-23.js.map (debug id 6c2b7b99-aa84-4d3c-bbc8-d02eb533df4e)
    ~/6d24b2f5-8199-46b8-ad93-9bde97985cd9-240.js.map (debug id 6d24b2f5-8199-46b8-ad93-9bde97985cd9)
    ~/6ed5bfe9-e814-4f6f-b246-7c65f441863e-141.js.map (debug id 6ed5bfe9-e814-4f6f-b246-7c65f441863e)
    ~/6f1bf0ee-5e7b-4934-9d15-53f3b458c730-46.js.map (debug id 6f1bf0ee-5e7b-4934-9d15-53f3b458c730)
    ~/71618830-42cd-4e45-81d3-ff538f55f038-336.js.map (debug id 71618830-42cd-4e45-81d3-ff538f55f038)
    ~/71d9d0ac-138f-4e09-aac5-10769b7f202f-84.js.map (debug id 71d9d0ac-138f-4e09-aac5-10769b7f202f)
    ~/72b28bfd-e37c-43d7-a766-1c89add198f4-251.js.map (debug id 72b28bfd-e37c-43d7-a766-1c89add198f4)
    ~/7323cc6d-f26f-42e9-9a18-44775dd63fb2-175.js.map (debug id 7323cc6d-f26f-42e9-9a18-44775dd63fb2)
    ~/735a623f-c403-4cca-85ce-f8ba84c92b9f-22.js.map (debug id 735a623f-c403-4cca-85ce-f8ba84c92b9f)
    ~/738e446e-7bfb-4df5-921e-c24d6b6a7af7-308.js.map (debug id 738e446e-7bfb-4df5-921e-c24d6b6a7af7)
    ~/745a2da0-fc52-4303-91d3-f7860ed27f43-348.js.map (debug id 745a2da0-fc52-4303-91d3-f7860ed27f43)
    ~/7570412a-b1c8-4e5d-87f8-9476ffd96d40-318.js.map (debug id 7570412a-b1c8-4e5d-87f8-9476ffd96d40)
    ~/76256453-aae2-4541-a6b6-dcbc98e8edbd-138.js.map (debug id 76256453-aae2-4541-a6b6-dcbc98e8edbd)
    ~/76e6f3ec-dc71-43c0-baee-485a4a8c2150-228.js.map (debug id 76e6f3ec-dc71-43c0-baee-485a4a8c2150)
    ~/76f11df1-4f86-4d9c-8afb-e248171458f3-76.js.map (debug id 76f11df1-4f86-4d9c-8afb-e248171458f3)
    ~/770782b6-08d2-4e93-a555-a8c9d3624ecd-250.js.map (debug id 770782b6-08d2-4e93-a555-a8c9d3624ecd)
    ~/78d75680-20f8-4ca3-98ab-a24477023d6e-302.js.map (debug id 78d75680-20f8-4ca3-98ab-a24477023d6e)
    ~/78fe0190-ad67-484d-8202-95db834c328c-136.js.map (debug id 78fe0190-ad67-484d-8202-95db834c328c)
    ~/7a37859d-f0e7-4273-be74-6edbe2cc840c-331.js.map (debug id 7a37859d-f0e7-4273-be74-6edbe2cc840c)
    ~/7ad64435-2c37-4871-a687-06e0d917bd3d-287.js.map (debug id 7ad64435-2c37-4871-a687-06e0d917bd3d)
    ~/7ba969f2-c5c3-401f-9c1b-5e50ad9486b7-132.js.map (debug id 7ba969f2-c5c3-401f-9c1b-5e50ad9486b7)
    ~/7c3ed649-b64b-4d9d-a616-9fb05fb90039-227.js.map (debug id 7c3ed649-b64b-4d9d-a616-9fb05fb90039)
    ~/7d466fd9-35bd-42ef-8665-a4f34076a9e8-248.js.map (debug id 7d466fd9-35bd-42ef-8665-a4f34076a9e8)
    ~/7dd8961c-c7fe-4c71-a2e4-a9cd9ad5209d-307.js.map (debug id 7dd8961c-c7fe-4c71-a2e4-a9cd9ad5209d)
    ~/7e31bc2b-2fcf-43a6-9fff-5753eb8f5149-32.js.map (debug id 7e31bc2b-2fcf-43a6-9fff-5753eb8f5149)
    ~/8191155b-a106-4ca8-a7a2-30598797fe57-316.js.map (debug id 8191155b-a106-4ca8-a7a2-30598797fe57)
    ~/82408af3-b406-4e82-89de-73cb052ded2a-216.js.map (debug id 82408af3-b406-4e82-89de-73cb052ded2a)
    ~/82d0924f-33b6-4aa0-bc1b-d2c33b6fb496-60.js.map (debug id 82d0924f-33b6-4aa0-bc1b-d2c33b6fb496)
    ~/82f5c1c3-9312-41c2-86ac-67c0d4fce841-143.js.map (debug id 82f5c1c3-9312-41c2-86ac-67c0d4fce841)
    ~/82f8bdb7-c9c6-44e3-a5d0-3bd5a5247e49-89.js.map (debug id 82f8bdb7-c9c6-44e3-a5d0-3bd5a5247e49)
    ~/862cb897-e3fa-48a1-9ee1-f02c7a6b10b1-50.js.map (debug id 862cb897-e3fa-48a1-9ee1-f02c7a6b10b1)
    ~/87315e41-0094-4803-8c2e-d39e89a04a75-15.js.map (debug id 87315e41-0094-4803-8c2e-d39e89a04a75)
    ~/87344a36-4484-4d8e-ac54-bb9969adba16-330.js.map (debug id 87344a36-4484-4d8e-ac54-bb9969adba16)
    ~/89b8f13c-ffcd-4880-9aa5-ec1066761c97-355.js.map (debug id 89b8f13c-ffcd-4880-9aa5-ec1066761c97)
    ~/8a286d23-9d51-43e6-ae0e-273af8769a6e-201.js.map (debug id 8a286d23-9d51-43e6-ae0e-273af8769a6e)
    ~/8c8c0b53-2388-4adc-ade3-b49790de3df1-184.js.map (debug id 8c8c0b53-2388-4adc-ade3-b49790de3df1)
    ~/8d094c15-4205-4417-b2ad-2b29c29bc8f2-337.js.map (debug id 8d094c15-4205-4417-b2ad-2b29c29bc8f2)
    ~/8d1baa3e-c9d9-459a-b620-4669a1c70613-101.js.map (debug id 8d1baa3e-c9d9-459a-b620-4669a1c70613)
    ~/8d58676e-8b76-41d5-a90d-38ff325a8df4-113.js.map (debug id 8d58676e-8b76-41d5-a90d-38ff325a8df4)
    ~/8d95b7cf-3f4b-47da-8ab9-be917c31c826-284.js.map (debug id 8d95b7cf-3f4b-47da-8ab9-be917c31c826)
    ~/8d9750cf-00d6-4bc8-80df-a8b2c3c7aa07-26.js.map (debug id 8d9750cf-00d6-4bc8-80df-a8b2c3c7aa07)
    ~/8dade2ec-245f-48ab-ae61-0b379e79dc45-274.js.map (debug id 8dade2ec-245f-48ab-ae61-0b379e79dc45)
    ~/8dc42e3b-2228-446f-951c-58d629ae5644-96.js.map (debug id 8dc42e3b-2228-446f-951c-58d629ae5644)
    ~/8e5c5882-e2aa-42c6-8448-0014b52decd9-142.js.map (debug id 8e5c5882-e2aa-42c6-8448-0014b52decd9)
    ~/8e6e714b-ce48-4247-a0ec-cb9f9925d3dc-222.js.map (debug id 8e6e714b-ce48-4247-a0ec-cb9f9925d3dc)
    ~/8e755fab-46e0-4510-941a-ffacf3bf00f5-10.js.map (debug id 8e755fab-46e0-4510-941a-ffacf3bf00f5)
    ~/8ef50a2d-b004-42d8-8e47-f7a9491fa19d-29.js.map (debug id 8ef50a2d-b004-42d8-8e47-f7a9491fa19d)
    ~/8f8594d9-4196-44a7-83a8-eb58033684bd-110.js.map (debug id 8f8594d9-4196-44a7-83a8-eb58033684bd)
    ~/8f969610-179e-45ca-9c26-286f8424c1df-153.js.map (debug id 8f969610-179e-45ca-9c26-286f8424c1df)
    ~/8faf9123-e682-4cb6-b1d4-07448a9c0ddd-303.js.map (debug id 8faf9123-e682-4cb6-b1d4-07448a9c0ddd)
    ~/8ff47a52-e3f3-426c-9e29-2b5863a17ee5-283.js.map (debug id 8ff47a52-e3f3-426c-9e29-2b5863a17ee5)
    ~/9009ecf1-f6c8-45cf-9152-f2787d22591e-20.js.map (debug id 9009ecf1-f6c8-45cf-9152-f2787d22591e)
    ~/907ab307-2ba1-49c1-a992-864874181624-164.js.map (debug id 907ab307-2ba1-49c1-a992-864874181624)
    ~/90854797-197d-4eb8-9fd6-d0b1acbcd578-55.js.map (debug id 90854797-197d-4eb8-9fd6-d0b1acbcd578)
    ~/91e0753c-1c84-4bfa-baf7-35214edb227f-295.js.map (debug id 91e0753c-1c84-4bfa-baf7-35214edb227f)
    ~/9295d754-da35-4e83-87ca-33563fd8d779-270.js.map (debug id 9295d754-da35-4e83-87ca-33563fd8d779)
    ~/93e9bbf9-daca-4a6c-8a14-61de87cb2662-281.js.map (debug id 93e9bbf9-daca-4a6c-8a14-61de87cb2662)
    ~/97e4e857-e7ad-473b-a019-07e026ef9061-196.js.map (debug id 97e4e857-e7ad-473b-a019-07e026ef9061)
    ~/98feac52-b614-46ad-92e9-f05448e83a24-121.js.map (debug id 98feac52-b614-46ad-92e9-f05448e83a24)
    ~/99e98b81-0ffb-49fc-b460-f6abce0a1719-207.js.map (debug id 99e98b81-0ffb-49fc-b460-f6abce0a1719)
    ~/9aa3eb95-b8ec-462c-8967-635529f961c5-156.js.map (debug id 9aa3eb95-b8ec-462c-8967-635529f961c5)
    ~/9ae0edfe-d647-4321-a783-1ddf2defbd8d-260.js.map (debug id 9ae0edfe-d647-4321-a783-1ddf2defbd8d)
    ~/9b222af1-1d46-42c1-b04b-ad3a068f31f6-82.js.map (debug id 9b222af1-1d46-42c1-b04b-ad3a068f31f6)
    ~/9cf1719b-d806-4cfb-80a9-4f86a638bfd8-47.js.map (debug id 9cf1719b-d806-4cfb-80a9-4f86a638bfd8)
    ~/9da3d9f1-baf0-4d7d-983a-79d0d4060e76-333.js.map (debug id 9da3d9f1-baf0-4d7d-983a-79d0d4060e76)
    ~/9e0abc71-3153-40a0-bbc1-e8b7ca95d042-335.js.map (debug id 9e0abc71-3153-40a0-bbc1-e8b7ca95d042)
    ~/9e124c79-2278-45b3-8bff-aa1ed42070b5-167.js.map (debug id 9e124c79-2278-45b3-8bff-aa1ed42070b5)
    ~/9ec8ac5c-cdc6-4d70-92ae-6107717dd9e7-187.js.map (debug id 9ec8ac5c-cdc6-4d70-92ae-6107717dd9e7)
    ~/9f718506-731c-4e64-8eef-e45af0bf48de-87.js.map (debug id 9f718506-731c-4e64-8eef-e45af0bf48de)
    ~/9f92ce25-a189-4ebe-af2a-9256af6ab785-195.js.map (debug id 9f92ce25-a189-4ebe-af2a-9256af6ab785)
    ~/9fe296f4-1ac7-42ac-b30e-ab40070ec736-93.js.map (debug id 9fe296f4-1ac7-42ac-b30e-ab40070ec736)
    ~/a0e555f8-a82e-4f34-979d-2d54eebb1c5d-300.js.map (debug id a0e555f8-a82e-4f34-979d-2d54eebb1c5d)
    ~/a27946ca-110d-431c-8fc8-3937c5ace98b-356.js.map (debug id a27946ca-110d-431c-8fc8-3937c5ace98b)
    ~/a32c5fd5-4af4-46d6-885c-d0e2ff69b917-144.js.map (debug id a32c5fd5-4af4-46d6-885c-d0e2ff69b917)
    ~/a32c960d-b7a9-4a6d-8826-99c61474949a-170.js.map (debug id a32c960d-b7a9-4a6d-8826-99c61474949a)
    ~/a391f1f4-147d-4c99-9459-b56ea28c6a97-243.js.map (debug id a391f1f4-147d-4c99-9459-b56ea28c6a97)
    ~/a44ebded-564e-4f29-a793-514db9af7b2c-100.js.map (debug id a44ebded-564e-4f29-a793-514db9af7b2c)
    ~/a4e8229f-0a56-47bc-886e-76ac6d01137e-313.js.map (debug id a4e8229f-0a56-47bc-886e-76ac6d01137e)
    ~/a644e862-4f51-45a2-866c-bd0885f21bee-263.js.map (debug id a644e862-4f51-45a2-866c-bd0885f21bee)
    ~/a676903b-4e20-455f-aa5c-5b53a5aca181-1.js.map (debug id a676903b-4e20-455f-aa5c-5b53a5aca181)
    ~/a74b8acd-6b6c-4346-8a50-7e1203584f66-149.js.map (debug id a74b8acd-6b6c-4346-8a50-7e1203584f66)
    ~/a8057fab-1aa6-4ef8-8717-bb0fe358bfb5-220.js.map (debug id a8057fab-1aa6-4ef8-8717-bb0fe358bfb5)
    ~/a822c8cb-6344-4c46-9e73-9048f45ab77b-242.js.map (debug id a822c8cb-6344-4c46-9e73-9048f45ab77b)
    ~/a84ca9a3-3b56-4092-858c-9b86a6f01e4e-131.js.map (debug id a84ca9a3-3b56-4092-858c-9b86a6f01e4e)
    ~/ab1179d2-09c5-4140-9224-e7c1543207fd-12.js.map (debug id ab1179d2-09c5-4140-9224-e7c1543207fd)
    ~/ab16dbb3-3b89-4ff5-9632-ba2b1049c85b-230.js.map (debug id ab16dbb3-3b89-4ff5-9632-ba2b1049c85b)
    ~/ab9b014a-02da-469c-a963-1b4d48a308dc-133.js.map (debug id ab9b014a-02da-469c-a963-1b4d48a308dc)
    ~/abe8322b-2d45-47db-bc15-6fc23b81647b-324.js.map (debug id abe8322b-2d45-47db-bc15-6fc23b81647b)
    ~/ac3fb04c-60a8-4cf0-9c87-f76dda6e5f48-4.js.map (debug id ac3fb04c-60a8-4cf0-9c87-f76dda6e5f48)
    ~/ac4de8a1-5eb5-4da9-9f81-ec43db516915-192.js.map (debug id ac4de8a1-5eb5-4da9-9f81-ec43db516915)
    ~/ad35a33a-fd5d-4e22-8730-45dc504fe683-329.js.map (debug id ad35a33a-fd5d-4e22-8730-45dc504fe683)
    ~/ad3f4fe9-a0c4-438c-bb2b-7e72a93b19ee-160.js.map (debug id ad3f4fe9-a0c4-438c-bb2b-7e72a93b19ee)
    ~/ad737a4e-a712-42dc-83ac-02c6dea4dac9-117.js.map (debug id ad737a4e-a712-42dc-83ac-02c6dea4dac9)
    ~/ae50397b-717c-40e2-a3b1-cb5255aa8359-253.js.map (debug id ae50397b-717c-40e2-a3b1-cb5255aa8359)
    ~/ae98b02e-6e12-42ca-b21c-d2d6df049e23-120.js.map (debug id ae98b02e-6e12-42ca-b21c-d2d6df049e23)
    ~/af417b02-01cd-4626-8d3d-f40e10c9d6f4-146.js.map (debug id af417b02-01cd-4626-8d3d-f40e10c9d6f4)
    ~/b07088db-43fc-4927-9319-e874858f436e-218.js.map (debug id b07088db-43fc-4927-9319-e874858f436e)
    ~/b125f86a-e428-4a21-bc16-b6dc6da8a44d-296.js.map (debug id b125f86a-e428-4a21-bc16-b6dc6da8a44d)
    ~/b147fd9c-ed8c-4b35-927d-b420faa8b51a-66.js.map (debug id b147fd9c-ed8c-4b35-927d-b420faa8b51a)
    ~/b157a8a5-b188-4a79-9c5a-e01e28392aa5-68.js.map (debug id b157a8a5-b188-4a79-9c5a-e01e28392aa5)
    ~/b246277d-82d1-4ad1-9af4-e3a64f449179-211.js.map (debug id b246277d-82d1-4ad1-9af4-e3a64f449179)
    ~/b2facfc5-e7dc-4411-bacd-eed2f318009f-334.js.map (debug id b2facfc5-e7dc-4411-bacd-eed2f318009f)
    ~/b343288d-1a87-49a1-ab18-5c286fb77c76-297.js.map (debug id b343288d-1a87-49a1-ab18-5c286fb77c76)
    ~/b38c950a-546f-4eed-884c-4f11e844c37b-247.js.map (debug id b38c950a-546f-4eed-884c-4f11e844c37b)
    ~/b6238231-6cd1-4e23-986b-594669fe32e7-63.js.map (debug id b6238231-6cd1-4e23-986b-594669fe32e7)
    ~/b72a9f4a-c4c1-403e-9df3-95eb6b5c1056-85.js.map (debug id b72a9f4a-c4c1-403e-9df3-95eb6b5c1056)
    ~/b78272d2-e136-42a4-acac-a554b4e51025-130.js.map (debug id b78272d2-e136-42a4-acac-a554b4e51025)
    ~/b7ee8d15-b80f-4295-b4df-f5298de8f0be-118.js.map (debug id b7ee8d15-b80f-4295-b4df-f5298de8f0be)
    ~/b7ef0237-9dc4-4269-9cc9-464f7d3655a1-95.js.map (debug id b7ef0237-9dc4-4269-9cc9-464f7d3655a1)
    ~/b90ac8ec-7eec-4db3-8b32-31ef9f4def09-269.js.map (debug id b90ac8ec-7eec-4db3-8b32-31ef9f4def09)
    ~/b93e73a9-4f2d-4a34-a341-9ebdff6af739-92.js.map (debug id b93e73a9-4f2d-4a34-a341-9ebdff6af739)
    ~/b964ace9-e80f-4bdf-8a1f-7ea25bff4cfa-231.js.map (debug id b964ace9-e80f-4bdf-8a1f-7ea25bff4cfa)
    ~/b99ffc48-4529-481a-aafa-40df31edca0d-225.js.map (debug id b99ffc48-4529-481a-aafa-40df31edca0d)
    ~/ba656d28-8494-433c-9de6-a10afa9ce5d8-49.js.map (debug id ba656d28-8494-433c-9de6-a10afa9ce5d8)
    ~/ba84077b-a246-4944-92d8-918bad2963ce-223.js.map (debug id ba84077b-a246-4944-92d8-918bad2963ce)
    ~/bb4fa3d4-89f1-42ba-828b-9cb542fbbba4-42.js.map (debug id bb4fa3d4-89f1-42ba-828b-9cb542fbbba4)
    ~/bc54420d-85bf-438d-9d52-6e0dbbbfc7c3-129.js.map (debug id bc54420d-85bf-438d-9d52-6e0dbbbfc7c3)
    ~/bc9197a4-a7c2-41ce-94be-6b0628080812-346.js.map (debug id bc9197a4-a7c2-41ce-94be-6b0628080812)
    ~/bc9570d9-ddef-42bc-8082-2687567c6e72-232.js.map (debug id bc9570d9-ddef-42bc-8082-2687567c6e72)
    ~/bd45b150-0b0a-431b-b427-ace5dde99bcf-174.js.map (debug id bd45b150-0b0a-431b-b427-ace5dde99bcf)
    ~/bd8ac9da-2117-4fcf-a273-495413a7cb28-290.js.map (debug id bd8ac9da-2117-4fcf-a273-495413a7cb28)
    ~/bdb31b39-0c16-46be-9b62-42f876382659-273.js.map (debug id bdb31b39-0c16-46be-9b62-42f876382659)
    ~/bde789ad-d339-4c86-8557-364b083e64f7-145.js.map (debug id bde789ad-d339-4c86-8557-364b083e64f7)
    ~/bf731df1-ff30-40b4-8858-7ab65361d7dd-57.js.map (debug id bf731df1-ff30-40b4-8858-7ab65361d7dd)
    ~/bfaefdc4-8431-478f-843e-d18f6856ef9a-135.js.map (debug id bfaefdc4-8431-478f-843e-d18f6856ef9a)
    ~/c06d7f31-8f86-4879-a6f2-09f9c98d3146-286.js.map (debug id c06d7f31-8f86-4879-a6f2-09f9c98d3146)
    ~/c0bcf78a-2af0-4608-8a50-ac673b3976b2-157.js.map (debug id c0bcf78a-2af0-4608-8a50-ac673b3976b2)
    ~/c0f75f84-d352-4a06-a887-506e2adb5aea-35.js.map (debug id c0f75f84-d352-4a06-a887-506e2adb5aea)
    ~/c258abe6-05a6-45e2-81f6-660a73218bb9-105.js.map (debug id c258abe6-05a6-45e2-81f6-660a73218bb9)
    ~/c289d9d9-3307-44ac-9646-1462d461426e-347.js.map (debug id c289d9d9-3307-44ac-9646-1462d461426e)
    ~/c2af2f11-16a1-4298-8713-cc68b5ce53e7-86.js.map (debug id c2af2f11-16a1-4298-8713-cc68b5ce53e7)
    ~/c33730df-3f39-4ed2-bf08-dc00c1425b04-116.js.map (debug id c33730df-3f39-4ed2-bf08-dc00c1425b04)
    ~/c34f76c4-c6bf-45ad-9942-c65378f7bc91-172.js.map (debug id c34f76c4-c6bf-45ad-9942-c65378f7bc91)
    ~/c3c8d368-45c7-439a-b7f7-981939a1f0e4-25.js.map (debug id c3c8d368-45c7-439a-b7f7-981939a1f0e4)
    ~/c4101084-29b6-47f3-86b8-034dd3d28c28-21.js.map (debug id c4101084-29b6-47f3-86b8-034dd3d28c28)
    ~/c591cbb0-8d3a-4484-9230-f2513bac1c4c-154.js.map (debug id c591cbb0-8d3a-4484-9230-f2513bac1c4c)
    ~/c65f923e-d97f-4c72-9f3c-6de61db1d149-54.js.map (debug id c65f923e-d97f-4c72-9f3c-6de61db1d149)
    ~/c7ad7cd4-29e5-4807-9be2-55a0249196af-291.js.map (debug id c7ad7cd4-29e5-4807-9be2-55a0249196af)
    ~/c904b001-815f-41e2-a785-b3f3b9533bac-203.js.map (debug id c904b001-815f-41e2-a785-b3f3b9533bac)
    ~/c9275c58-f005-432e-aced-825737ce8b2e-323.js.map (debug id c9275c58-f005-432e-aced-825737ce8b2e)
    ~/c9a4b153-5a44-4851-b775-556037bf0e5d-328.js.map (debug id c9a4b153-5a44-4851-b775-556037bf0e5d)
    ~/c9b3f1a1-1770-49cb-80d0-f2f5f63cf933-103.js.map (debug id c9b3f1a1-1770-49cb-80d0-f2f5f63cf933)
    ~/cb6b2a67-cfa6-4d44-bf5c-a86e26358c83-262.js.map (debug id cb6b2a67-cfa6-4d44-bf5c-a86e26358c83)
    ~/cc580b4a-3656-49d0-8a13-0af6dde1e6be-178.js.map (debug id cc580b4a-3656-49d0-8a13-0af6dde1e6be)
    ~/cd6e44fb-f905-4691-bce4-ae53b71718e1-357.js.map (debug id cd6e44fb-f905-4691-bce4-ae53b71718e1)
    ~/ced9cb29-d9c8-447d-a0a1-714cee7a33d1-268.js.map (debug id ced9cb29-d9c8-447d-a0a1-714cee7a33d1)
    ~/cf0cefdc-aabc-4d8e-82dd-6439d2193487-226.js.map (debug id cf0cefdc-aabc-4d8e-82dd-6439d2193487)
    ~/cf1df05b-7937-4307-990b-76b8db65a12c-345.js.map (debug id cf1df05b-7937-4307-990b-76b8db65a12c)
    ~/cf363b62-dae3-4985-bc91-16f15b594abf-340.js.map (debug id cf363b62-dae3-4985-bc91-16f15b594abf)
    ~/cfc7653e-32c3-41fb-a61d-2fcdb818a302-342.js.map (debug id cfc7653e-32c3-41fb-a61d-2fcdb818a302)
    ~/d0b55b26-312d-4817-aff1-5c460ef49559-91.js.map (debug id d0b55b26-312d-4817-aff1-5c460ef49559)
    ~/d0fec1bd-13c7-4fa0-bf9d-8bc00c893fa3-352.js.map (debug id d0fec1bd-13c7-4fa0-bf9d-8bc00c893fa3)
    ~/d17b27c8-8225-45c2-87c3-5d5392f51596-309.js.map (debug id d17b27c8-8225-45c2-87c3-5d5392f51596)
    ~/d5d3f51a-dbb5-4bb5-a00f-6bb43b9a1ea5-36.js.map (debug id d5d3f51a-dbb5-4bb5-a00f-6bb43b9a1ea5)
    ~/d8406531-2511-4ec2-add4-7048f3b1c83e-33.js.map (debug id d8406531-2511-4ec2-add4-7048f3b1c83e)
    ~/d9736725-8d80-4cb0-8dfd-9bfdc7f6d63e-127.js.map (debug id d9736725-8d80-4cb0-8dfd-9bfdc7f6d63e)
    ~/da51476b-c654-45ea-a1c0-c08257cdf483-351.js.map (debug id da51476b-c654-45ea-a1c0-c08257cdf483)
    ~/db38dffa-04c5-4153-895b-a03a5d27c19e-79.js.map (debug id db38dffa-04c5-4153-895b-a03a5d27c19e)
    ~/db8425e3-d01b-46de-9f34-347b8e2a46a7-99.js.map (debug id db8425e3-d01b-46de-9f34-347b8e2a46a7)
    ~/dba9714b-4e26-4478-af75-2191d08189db-292.js.map (debug id dba9714b-4e26-4478-af75-2191d08189db)
    ~/dbfd1d09-505e-4e76-85f2-7f1265d1cf14-148.js.map (debug id dbfd1d09-505e-4e76-85f2-7f1265d1cf14)
    ~/dce581cc-1084-4480-97c3-32808abd1f57-107.js.map (debug id dce581cc-1084-4480-97c3-32808abd1f57)
    ~/dcf0f9d3-83d3-40af-80c9-bab3c595f6d9-13.js.map (debug id dcf0f9d3-83d3-40af-80c9-bab3c595f6d9)
    ~/dd2565ce-65d9-48e2-8505-3913e61ea107-261.js.map (debug id dd2565ce-65d9-48e2-8505-3913e61ea107)
    ~/ddf22308-6520-4555-8edb-1dddfaf898c0-166.js.map (debug id ddf22308-6520-4555-8edb-1dddfaf898c0)
    ~/de4db3b7-5865-4269-8f43-7daedf68283d-326.js.map (debug id de4db3b7-5865-4269-8f43-7daedf68283d)
    ~/de8aac15-5a34-4c05-8663-d42d4e3e4b8c-56.js.map (debug id de8aac15-5a34-4c05-8663-d42d4e3e4b8c)
    ~/dece6b7d-eedd-4e89-8ab8-087a2293bb21-150.js.map (debug id dece6b7d-eedd-4e89-8ab8-087a2293bb21)
    ~/df2015d7-7591-406e-abb4-e95ece2ef84c-134.js.map (debug id df2015d7-7591-406e-abb4-e95ece2ef84c)
    ~/dfc69859-a103-49b1-aa7b-a83689056e6d-161.js.map (debug id dfc69859-a103-49b1-aa7b-a83689056e6d)
    ~/e0775e0b-50f1-434a-a494-61db8f9f7bbe-332.js.map (debug id e0775e0b-50f1-434a-a494-61db8f9f7bbe)
    ~/e0cd525d-eba5-4c43-bbef-f18b5e98103b-185.js.map (debug id e0cd525d-eba5-4c43-bbef-f18b5e98103b)
    ~/e1d06d48-2b33-4d54-81cb-9960edec0ff0-200.js.map (debug id e1d06d48-2b33-4d54-81cb-9960edec0ff0)
    ~/e2760440-5fc9-4d8e-87c8-a4ba1d5be7eb-317.js.map (debug id e2760440-5fc9-4d8e-87c8-a4ba1d5be7eb)
    ~/e32101d3-e2f4-4493-9630-4be0b96ff790-2.js.map (debug id e32101d3-e2f4-4493-9630-4be0b96ff790)
    ~/e37a27bc-42c2-4181-9670-1325905db163-354.js.map (debug id e37a27bc-42c2-4181-9670-1325905db163)
    ~/e4e26de0-0d4c-42b0-9fa5-165673cab81d-28.js.map (debug id e4e26de0-0d4c-42b0-9fa5-165673cab81d)
    ~/e4f5c07e-3384-4845-8cb2-53affcaa100d-181.js.map (debug id e4f5c07e-3384-4845-8cb2-53affcaa100d)
    ~/e61f030b-2bf5-4f13-965e-3ee7274c0ccc-212.js.map (debug id e61f030b-2bf5-4f13-965e-3ee7274c0ccc)
    ~/e62cf234-162f-4beb-8b56-65029f77afa3-58.js.map (debug id e62cf234-162f-4beb-8b56-65029f77afa3)
    ~/e662f7fa-2183-4d0d-8af8-0ddfc4fc863d-304.js.map (debug id e662f7fa-2183-4d0d-8af8-0ddfc4fc863d)
    ~/e669aef8-691b-49d2-9ab8-05aa0c88e7ef-278.js.map (debug id e669aef8-691b-49d2-9ab8-05aa0c88e7ef)
    ~/e6b27739-34e0-4230-9f2c-f04908989578-38.js.map (debug id e6b27739-34e0-4230-9f2c-f04908989578)
    ~/e7049c94-9a12-40ec-a77e-2b8fe2ce8903-350.js.map (debug id e7049c94-9a12-40ec-a77e-2b8fe2ce8903)
    ~/e7cfd408-0f13-4a59-a9bd-6bd844d76e3c-168.js.map (debug id e7cfd408-0f13-4a59-a9bd-6bd844d76e3c)
    ~/e848c433-4c18-4159-903a-78da6920542d-9.js.map (debug id e848c433-4c18-4159-903a-78da6920542d)
    ~/e850661d-1121-46a4-8a7a-b9b9d8012868-43.js.map (debug id e850661d-1121-46a4-8a7a-b9b9d8012868)
    ~/e8de3e60-e8b9-4025-929c-3896ef26b3b1-102.js.map (debug id e8de3e60-e8b9-4025-929c-3896ef26b3b1)
    ~/e8f1a8a7-109a-4de4-8ab5-c8feb9d954c6-259.js.map (debug id e8f1a8a7-109a-4de4-8ab5-c8feb9d954c6)
    ~/eb507d12-87cd-4056-825d-c5a7960d248b-0.js.map (debug id eb507d12-87cd-4056-825d-c5a7960d248b)
    ~/ec69c9b3-1570-47ce-9bbf-cbf0ad4e133c-233.js.map (debug id ec69c9b3-1570-47ce-9bbf-cbf0ad4e133c)
    ~/ee6bfb5d-ad12-4f96-a92f-5f4470b1ab0c-112.js.map (debug id ee6bfb5d-ad12-4f96-a92f-5f4470b1ab0c)
    ~/efc7218a-f6bf-4e5a-aa97-b48311239b51-45.js.map (debug id efc7218a-f6bf-4e5a-aa97-b48311239b51)
    ~/f030fe42-888a-4a8a-ac9e-764c293af726-44.js.map (debug id f030fe42-888a-4a8a-ac9e-764c293af726)
    ~/f063cd19-84cf-42c3-8677-11c5fb55c9aa-280.js.map (debug id f063cd19-84cf-42c3-8677-11c5fb55c9aa)
    ~/f265dd1c-2496-4635-b230-6d7a5c4834a1-52.js.map (debug id f265dd1c-2496-4635-b230-6d7a5c4834a1)
    ~/f4e79006-bee9-4ac3-96f7-79f787bd8dc2-90.js.map (debug id f4e79006-bee9-4ac3-96f7-79f787bd8dc2)
    ~/f4f05a3d-55e8-4625-babc-fd0b23636c63-34.js.map (debug id f4f05a3d-55e8-4625-babc-fd0b23636c63)
    ~/f5389e47-4179-460b-afba-5a72c7b7b09d-27.js.map (debug id f5389e47-4179-460b-afba-5a72c7b7b09d)
    ~/f5eb0853-44dc-4171-b6a1-a43dc507cf6d-206.js.map (debug id f5eb0853-44dc-4171-b6a1-a43dc507cf6d)
    ~/f605bf0e-e37d-45b6-9673-bea38fd28c14-204.js.map (debug id f605bf0e-e37d-45b6-9673-bea38fd28c14)
    ~/f6b4e2a4-06cf-476e-b3b8-f480bcc6fdd0-276.js.map (debug id f6b4e2a4-06cf-476e-b3b8-f480bcc6fdd0)
    ~/f7de15cd-53da-4005-90d5-c8df3874d277-78.js.map (debug id f7de15cd-53da-4005-90d5-c8df3874d277)
    ~/f80b1693-123b-4856-ab1a-79ac098514a0-40.js.map (debug id f80b1693-123b-4856-ab1a-79ac098514a0)
    ~/f8471c9f-e0c0-4d00-9518-15a79b8161ba-171.js.map (debug id f8471c9f-e0c0-4d00-9518-15a79b8161ba)
    ~/f89491c7-3b7e-4864-9e7b-440b60e04831-257.js.map (debug id f89491c7-3b7e-4864-9e7b-440b60e04831)
    ~/f96e7c34-c51f-448c-88a3-05f527493a46-197.js.map (debug id f96e7c34-c51f-448c-88a3-05f527493a46)
    ~/f9d12a30-7983-4e7a-ac44-3a7a5001b77a-311.js.map (debug id f9d12a30-7983-4e7a-ac44-3a7a5001b77a)
    ~/fa65637b-f4e4-4fb5-83ab-4ec74a9223f2-239.js.map (debug id fa65637b-f4e4-4fb5-83ab-4ec74a9223f2)
    ~/fbc04181-9616-4a7e-a3b7-f09c084ee4f2-125.js.map (debug id fbc04181-9616-4a7e-a3b7-f09c084ee4f2)
    ~/fc541d13-1194-4d56-8672-b1654a48b41e-72.js.map (debug id fc541d13-1194-4d56-8672-b1654a48b41e)
    ~/fd7b0d21-a6e4-4d6a-8269-c5f307e1e38d-67.js.map (debug id fd7b0d21-a6e4-4d6a-8269-c5f307e1e38d)
    ~/fdfde8e9-86e4-429f-ba1d-991b0a82c792-151.js.map (debug id fdfde8e9-86e4-429f-ba1d-991b0a82c792)
    ~/ff0d80a1-5419-4907-9e01-be9bb4460d45-139.js.map (debug id ff0d80a1-5419-4907-9e01-be9bb4460d45)
    ~/ff5d7abe-f9ac-4d6e-90ae-aa9e14bb75d3-272.js.map (debug id ff5d7abe-f9ac-4d6e-90ae-aa9e14bb75d3)
    ~/ffd03fc8-9cb9-456a-aa21-40c20f42bf64-80.js.map (debug id ffd03fc8-9cb9-456a-aa21-40c20f42bf64)
[@sentry/nextjs - Edge] Info: Successfully uploaded source maps to Sentry
<w> [webpack.cache.PackFileCacheStrategy] Serializing big strings (127kiB) impacts deserialization performance (consider using Buffer instead and decode when needed)
<w> [webpack.cache.PackFileCacheStrategy] Serializing big strings (139kiB) impacts deserialization performance (consider using Buffer instead and decode when needed)
<w> [webpack.cache.PackFileCacheStrategy] Serializing big strings (131kiB) impacts deserialization performance (consider using Buffer instead and decode when needed)
[@sentry/nextjs - Client] Info: Sending telemetry data on issues and performance to Sentry. To disable telemetry, set `options.telemetry` to `false`.
Browserslist: browsers data (caniuse-lite) is 6 months old. Please run:
  npx update-browserslist-db@latest
  Why you should do it regularly: https://github.com/browserslist/update-db#readme
(node:81333) ExperimentalWarning: Type Stripping is an experimental feature and might change at any time
Browserslist: caniuse-lite is outdated. Please run:
  npx update-browserslist-db@latest
  Why you should do it regularly: https://github.com/browserslist/update-db#readme
> Found 284 files
> Analyzing 284 sources
> Analyzing completed in 0.019s
> Adding source map references
> Bundling completed in 0.393s
> Bundled 284 files for upload
> Bundle ID: a4af53f4-25a0-5543-82a8-c89d37c3b146
> Optimizing completed in 0.012s
> Uploading completed in 0.783s
> Uploaded files to Sentry
> Processing completed in 0.14s
> File upload complete (processing pending on server)
> Organization: 3rdplace
> Projects: 3rdplace-web
> Release: 42c3a0f4a180589701aadb3167a6af5e478341ca
> Dist: None
> Upload type: artifact bundle

Source Map Upload Report
  Scripts
    ~/00bf650c-3f61-482a-9c91-c8c51ff8d448-9.js (sourcemap at 00bf650c-3f61-482a-9c91-c8c51ff8d448-9.js.map, debug id 00bf650c-3f61-482a-9c91-c8c51ff8d448)
    ~/012ea1bf-8d67-407e-bb8d-9aab1ab2883b-75.js (sourcemap at 012ea1bf-8d67-407e-bb8d-9aab1ab2883b-75.js.map, debug id 012ea1bf-8d67-407e-bb8d-9aab1ab2883b)
    ~/016ea726-7a1c-4427-8ed4-66191895104e-131.js (no sourcemap found, debug id 016ea726-7a1c-4427-8ed4-66191895104e)
      - warning: could not determine a source map reference (Could not auto-detect referenced sourcemap for ~/016ea726-7a1c-4427-8ed4-66191895104e-131.js)
    ~/025f9281-89a3-4800-86aa-e75f0737d218-106.js (sourcemap at 025f9281-89a3-4800-86aa-e75f0737d218-106.js.map, debug id 025f9281-89a3-4800-86aa-e75f0737d218)
    ~/0321ec98-a32c-46f5-9b46-3abca487f266-82.js (sourcemap at 0321ec98-a32c-46f5-9b46-3abca487f266-82.js.map, debug id 0321ec98-a32c-46f5-9b46-3abca487f266)
    ~/03cec71b-f481-4966-84f4-bd85e1f5f0d6-33.js (sourcemap at 03cec71b-f481-4966-84f4-bd85e1f5f0d6-33.js.map, debug id 03cec71b-f481-4966-84f4-bd85e1f5f0d6)
    ~/042e8768-185d-4a5d-ab45-25ee1bddfb43-12.js (sourcemap at 042e8768-185d-4a5d-ab45-25ee1bddfb43-12.js.map, debug id 042e8768-185d-4a5d-ab45-25ee1bddfb43)
    ~/0bd55eaa-e404-4fdd-8016-42945166d221-94.js (sourcemap at 0bd55eaa-e404-4fdd-8016-42945166d221-94.js.map, debug id 0bd55eaa-e404-4fdd-8016-42945166d221)
    ~/0e6e766b-609a-4331-8b33-00993aaca8cf-140.js (no sourcemap found, debug id 0e6e766b-609a-4331-8b33-00993aaca8cf)
      - warning: could not determine a source map reference (Could not auto-detect referenced sourcemap for ~/0e6e766b-609a-4331-8b33-00993aaca8cf-140.js)
    ~/0eebc021-ccda-4552-a9d4-73bb4838ab5e-38.js (sourcemap at 0eebc021-ccda-4552-a9d4-73bb4838ab5e-38.js.map, debug id 0eebc021-ccda-4552-a9d4-73bb4838ab5e)
    ~/0f38a023-42f8-4fd9-89aa-607a2344b7ee-118.js (sourcemap at 0f38a023-42f8-4fd9-89aa-607a2344b7ee-118.js.map, debug id 0f38a023-42f8-4fd9-89aa-607a2344b7ee)
    ~/0f8e32a9-03c8-4aed-b9c2-124d2e47759f-84.js (sourcemap at 0f8e32a9-03c8-4aed-b9c2-124d2e47759f-84.js.map, debug id 0f8e32a9-03c8-4aed-b9c2-124d2e47759f)
    ~/1450c674-45ac-47ba-9452-3272d0337ee1-138.js (no sourcemap found, debug id 1450c674-45ac-47ba-9452-3272d0337ee1)
      - warning: could not determine a source map reference (Could not auto-detect referenced sourcemap for ~/1450c674-45ac-47ba-9452-3272d0337ee1-138.js)
    ~/15f3b0e3-3311-4688-99b7-22865e2a5e39-115.js (sourcemap at 15f3b0e3-3311-4688-99b7-22865e2a5e39-115.js.map, debug id 15f3b0e3-3311-4688-99b7-22865e2a5e39)
    ~/177d6e23-5dff-4ca5-aac5-da42f9fcec4a-46.js (sourcemap at 177d6e23-5dff-4ca5-aac5-da42f9fcec4a-46.js.map, debug id 177d6e23-5dff-4ca5-aac5-da42f9fcec4a)
    ~/1d0bd847-b120-4445-9523-8e3d9e469bde-99.js (sourcemap at 1d0bd847-b120-4445-9523-8e3d9e469bde-99.js.map, debug id 1d0bd847-b120-4445-9523-8e3d9e469bde)
    ~/201b14d5-be19-46dd-ab82-d5187f47d156-55.js (no sourcemap found, debug id 201b14d5-be19-46dd-ab82-d5187f47d156)
      - warning: could not determine a source map reference (Could not auto-detect referenced sourcemap for ~/201b14d5-be19-46dd-ab82-d5187f47d156-55.js)
    ~/205e111b-b98d-4135-9857-304402002623-139.js (sourcemap at 205e111b-b98d-4135-9857-304402002623-139.js.map, debug id 205e111b-b98d-4135-9857-304402002623)
    ~/22dd978e-b8ab-4155-af45-ce5b9bcda394-40.js (sourcemap at 22dd978e-b8ab-4155-af45-ce5b9bcda394-40.js.map, debug id 22dd978e-b8ab-4155-af45-ce5b9bcda394)
    ~/25f49839-de6d-46c0-8488-264627ef30e4-72.js (sourcemap at 25f49839-de6d-46c0-8488-264627ef30e4-72.js.map, debug id 25f49839-de6d-46c0-8488-264627ef30e4)
    ~/264a7aa3-7224-4919-ae0b-fab475098cb3-73.js (no sourcemap found, debug id 264a7aa3-7224-4919-ae0b-fab475098cb3)
      - warning: could not determine a source map reference (Could not auto-detect referenced sourcemap for ~/264a7aa3-7224-4919-ae0b-fab475098cb3-73.js)
    ~/278eacbb-88f3-489f-8f23-1209ffd388f1-130.js (no sourcemap found, debug id 278eacbb-88f3-489f-8f23-1209ffd388f1)
      - warning: could not determine a source map reference (Could not auto-detect referenced sourcemap for ~/278eacbb-88f3-489f-8f23-1209ffd388f1-130.js)
    ~/27cde9a0-9533-4ff8-ac21-784e0011cfcb-86.js (sourcemap at 27cde9a0-9533-4ff8-ac21-784e0011cfcb-86.js.map, debug id 27cde9a0-9533-4ff8-ac21-784e0011cfcb)
    ~/28bce732-70cb-427d-9abf-11c1fc6a6c56-2.js (sourcemap at 28bce732-70cb-427d-9abf-11c1fc6a6c56-2.js.map, debug id 28bce732-70cb-427d-9abf-11c1fc6a6c56)
    ~/2a9d033b-8d44-4e35-b5ed-15d8ba62b3dc-128.js (sourcemap at 2a9d033b-8d44-4e35-b5ed-15d8ba62b3dc-128.js.map, debug id 2a9d033b-8d44-4e35-b5ed-15d8ba62b3dc)
    ~/2b6f8139-108a-471d-90ae-dd052ee17a5f-21.js (sourcemap at 2b6f8139-108a-471d-90ae-dd052ee17a5f-21.js.map, debug id 2b6f8139-108a-471d-90ae-dd052ee17a5f)
    ~/30c87b02-c872-4453-a0d1-f0cfe6fcf710-29.js (sourcemap at 30c87b02-c872-4453-a0d1-f0cfe6fcf710-29.js.map, debug id 30c87b02-c872-4453-a0d1-f0cfe6fcf710)
    ~/3182f0e6-91d0-497c-9558-d8d6f8127abc-104.js (sourcemap at 3182f0e6-91d0-497c-9558-d8d6f8127abc-104.js.map, debug id 3182f0e6-91d0-497c-9558-d8d6f8127abc)
    ~/32f15c65-0b92-495d-841e-762b9fe2e449-18.js (sourcemap at 32f15c65-0b92-495d-841e-762b9fe2e449-18.js.map, debug id 32f15c65-0b92-495d-841e-762b9fe2e449)
    ~/334b0fda-e5fe-4cda-a238-0e2c640b2a75-15.js (sourcemap at 334b0fda-e5fe-4cda-a238-0e2c640b2a75-15.js.map, debug id 334b0fda-e5fe-4cda-a238-0e2c640b2a75)
    ~/33b195ac-4850-4fdd-8bcd-bd57a5c3424b-23.js (sourcemap at 33b195ac-4850-4fdd-8bcd-bd57a5c3424b-23.js.map, debug id 33b195ac-4850-4fdd-8bcd-bd57a5c3424b)
    ~/3c403501-43e4-4af2-8a12-813ee0992996-83.js (sourcemap at 3c403501-43e4-4af2-8a12-813ee0992996-83.js.map, debug id 3c403501-43e4-4af2-8a12-813ee0992996)
    ~/3d82df56-e346-4c5c-bc3a-988f65e17ea9-80.js (no sourcemap found, debug id 3d82df56-e346-4c5c-bc3a-988f65e17ea9)
      - warning: could not determine a source map reference (Could not auto-detect referenced sourcemap for ~/3d82df56-e346-4c5c-bc3a-988f65e17ea9-80.js)
    ~/3d923ac0-9af7-441b-8d54-07729a4d5b68-6.js (sourcemap at 3d923ac0-9af7-441b-8d54-07729a4d5b68-6.js.map, debug id 3d923ac0-9af7-441b-8d54-07729a4d5b68)
    ~/3ec58768-e421-4765-9533-094096c3885f-50.js (sourcemap at 3ec58768-e421-4765-9533-094096c3885f-50.js.map, debug id 3ec58768-e421-4765-9533-094096c3885f)
    ~/3ef64317-6406-4308-ad67-3c94830876e5-24.js (sourcemap at 3ef64317-6406-4308-ad67-3c94830876e5-24.js.map, debug id 3ef64317-6406-4308-ad67-3c94830876e5)
    ~/43974a56-774b-4a26-a3da-374c630e4d3c-137.js (sourcemap at 43974a56-774b-4a26-a3da-374c630e4d3c-137.js.map, debug id 43974a56-774b-4a26-a3da-374c630e4d3c)
    ~/44520df1-c5cb-4cd2-9cd3-fa731b648c2b-41.js (sourcemap at 44520df1-c5cb-4cd2-9cd3-fa731b648c2b-41.js.map, debug id 44520df1-c5cb-4cd2-9cd3-fa731b648c2b)
    ~/47d78478-fcee-4a12-9984-a245b95b25bc-108.js (sourcemap at 47d78478-fcee-4a12-9984-a245b95b25bc-108.js.map, debug id 47d78478-fcee-4a12-9984-a245b95b25bc)
    ~/47dc24c4-5b21-4328-9db5-db4184d65459-136.js (no sourcemap found, debug id 47dc24c4-5b21-4328-9db5-db4184d65459)
      - warning: could not determine a source map reference (Could not auto-detect referenced sourcemap for ~/47dc24c4-5b21-4328-9db5-db4184d65459-136.js)
    ~/4d681105-1f2d-4d09-a47b-e20d5f069c18-134.js (sourcemap at 4d681105-1f2d-4d09-a47b-e20d5f069c18-134.js.map, debug id 4d681105-1f2d-4d09-a47b-e20d5f069c18)
    ~/4f316dbe-af42-434b-afbe-3479cb950273-109.js (sourcemap at 4f316dbe-af42-434b-afbe-3479cb950273-109.js.map, debug id 4f316dbe-af42-434b-afbe-3479cb950273)
    ~/54f1139a-30b7-4479-93ee-d77109deb0a8-124.js (sourcemap at 54f1139a-30b7-4479-93ee-d77109deb0a8-124.js.map, debug id 54f1139a-30b7-4479-93ee-d77109deb0a8)
    ~/552ce989-8b1a-4f8a-a25f-71d8d5a7c8ce-43.js (sourcemap at 552ce989-8b1a-4f8a-a25f-71d8d5a7c8ce-43.js.map, debug id 552ce989-8b1a-4f8a-a25f-71d8d5a7c8ce)
    ~/552ed9c2-6bb9-4849-92e5-37b8615a66e7-121.js (sourcemap at 552ed9c2-6bb9-4849-92e5-37b8615a66e7-121.js.map, debug id 552ed9c2-6bb9-4849-92e5-37b8615a66e7)
    ~/56274b7f-2979-4ef1-9073-5904436c6dc0-125.js (sourcemap at 56274b7f-2979-4ef1-9073-5904436c6dc0-125.js.map, debug id 56274b7f-2979-4ef1-9073-5904436c6dc0)
    ~/5b8a3503-efb8-4337-ae58-6ca818aab7e8-143.js (sourcemap at 5b8a3503-efb8-4337-ae58-6ca818aab7e8-143.js.map, debug id 5b8a3503-efb8-4337-ae58-6ca818aab7e8)
    ~/5c22da02-3360-4ee5-ae0e-a75e6331ebff-44.js (sourcemap at 5c22da02-3360-4ee5-ae0e-a75e6331ebff-44.js.map, debug id 5c22da02-3360-4ee5-ae0e-a75e6331ebff)
    ~/60beca70-3cc0-42b2-92d2-2363161053b8-127.js (sourcemap at 60beca70-3cc0-42b2-92d2-2363161053b8-127.js.map, debug id 60beca70-3cc0-42b2-92d2-2363161053b8)
    ~/63009251-62ec-44dd-8a2f-09bdb396b230-51.js (sourcemap at 63009251-62ec-44dd-8a2f-09bdb396b230-51.js.map, debug id 63009251-62ec-44dd-8a2f-09bdb396b230)
    ~/6a80a903-faf4-40b2-aa6f-42a3b93f6c68-45.js (sourcemap at 6a80a903-faf4-40b2-aa6f-42a3b93f6c68-45.js.map, debug id 6a80a903-faf4-40b2-aa6f-42a3b93f6c68)
    ~/6b56754e-26bf-4f3e-8988-f87db8051faf-149.js (sourcemap at 6b56754e-26bf-4f3e-8988-f87db8051faf-149.js.map, debug id 6b56754e-26bf-4f3e-8988-f87db8051faf)
    ~/6cdeb91f-f8d2-4b59-8361-4ab151086b6f-105.js (sourcemap at 6cdeb91f-f8d2-4b59-8361-4ab151086b6f-105.js.map, debug id 6cdeb91f-f8d2-4b59-8361-4ab151086b6f)
    ~/6df856f9-51f5-457a-9079-4ff2c32a4f58-112.js (sourcemap at 6df856f9-51f5-457a-9079-4ff2c32a4f58-112.js.map, debug id 6df856f9-51f5-457a-9079-4ff2c32a4f58)
    ~/71b3b438-876f-409b-a67b-9e821572fc55-20.js (sourcemap at 71b3b438-876f-409b-a67b-9e821572fc55-20.js.map, debug id 71b3b438-876f-409b-a67b-9e821572fc55)
    ~/737df953-314f-4536-b2b2-90a3e75d5d29-135.js (no sourcemap found, debug id 737df953-314f-4536-b2b2-90a3e75d5d29)
      - warning: could not determine a source map reference (Could not auto-detect referenced sourcemap for ~/737df953-314f-4536-b2b2-90a3e75d5d29-135.js)
    ~/73b68cb1-7143-4fea-ab59-d69acfad2b5a-64.js (sourcemap at 73b68cb1-7143-4fea-ab59-d69acfad2b5a-64.js.map, debug id 73b68cb1-7143-4fea-ab59-d69acfad2b5a)
    ~/74d07175-ea92-4cf1-b106-a91fdbbc3637-70.js (sourcemap at 74d07175-ea92-4cf1-b106-a91fdbbc3637-70.js.map, debug id 74d07175-ea92-4cf1-b106-a91fdbbc3637)
    ~/74d57b2d-ea89-4b39-b46a-f26eb2aba728-25.js (sourcemap at 74d57b2d-ea89-4b39-b46a-f26eb2aba728-25.js.map, debug id 74d57b2d-ea89-4b39-b46a-f26eb2aba728)
    ~/74e069bf-182f-4a26-9a35-f452c497ee80-16.js (sourcemap at 74e069bf-182f-4a26-9a35-f452c497ee80-16.js.map, debug id 74e069bf-182f-4a26-9a35-f452c497ee80)
    ~/7538a4b4-4572-4f7d-b266-55205a6c76d1-107.js (sourcemap at 7538a4b4-4572-4f7d-b266-55205a6c76d1-107.js.map, debug id 7538a4b4-4572-4f7d-b266-55205a6c76d1)
    ~/7670aefb-520e-47eb-9937-c6bf68dca806-133.js (sourcemap at 7670aefb-520e-47eb-9937-c6bf68dca806-133.js.map, debug id 7670aefb-520e-47eb-9937-c6bf68dca806)
    ~/786734d8-0fe1-4b61-9f02-81b2d9dc7fab-69.js (no sourcemap found, debug id 786734d8-0fe1-4b61-9f02-81b2d9dc7fab)
      - warning: could not determine a source map reference (Could not auto-detect referenced sourcemap for ~/786734d8-0fe1-4b61-9f02-81b2d9dc7fab-69.js)
    ~/790e3732-2d6a-4892-b85b-4591f269c625-3.js (sourcemap at 790e3732-2d6a-4892-b85b-4591f269c625-3.js.map, debug id 790e3732-2d6a-4892-b85b-4591f269c625)
    ~/791c098a-a92d-4420-8962-e059300f9dca-39.js (sourcemap at 791c098a-a92d-4420-8962-e059300f9dca-39.js.map, debug id 791c098a-a92d-4420-8962-e059300f9dca)
    ~/79b2430c-9092-4363-98b9-a740d1babe55-26.js (sourcemap at 79b2430c-9092-4363-98b9-a740d1babe55-26.js.map, debug id 79b2430c-9092-4363-98b9-a740d1babe55)
    ~/79d7ef12-3ce5-48fa-ace1-5dffd07fedb9-114.js (sourcemap at 79d7ef12-3ce5-48fa-ace1-5dffd07fedb9-114.js.map, debug id 79d7ef12-3ce5-48fa-ace1-5dffd07fedb9)
    ~/7aba408f-4863-49f3-873d-4bcf7037c16d-1.js (sourcemap at 7aba408f-4863-49f3-873d-4bcf7037c16d-1.js.map, debug id 7aba408f-4863-49f3-873d-4bcf7037c16d)
    ~/7b2d2aaa-fa3a-416e-b090-f98a050f871a-101.js (sourcemap at 7b2d2aaa-fa3a-416e-b090-f98a050f871a-101.js.map, debug id 7b2d2aaa-fa3a-416e-b090-f98a050f871a)
    ~/7c179389-f64a-4723-ab97-25812fa02a0e-95.js (sourcemap at 7c179389-f64a-4723-ab97-25812fa02a0e-95.js.map, debug id 7c179389-f64a-4723-ab97-25812fa02a0e)
    ~/7e98611b-e6cd-46b3-b913-9cefe8f17ae6-63.js (sourcemap at 7e98611b-e6cd-46b3-b913-9cefe8f17ae6-63.js.map, debug id 7e98611b-e6cd-46b3-b913-9cefe8f17ae6)
    ~/7f125c37-12de-425b-8d3e-31a265d723f1-144.js (sourcemap at 7f125c37-12de-425b-8d3e-31a265d723f1-144.js.map, debug id 7f125c37-12de-425b-8d3e-31a265d723f1)
    ~/7fa82a08-604e-4e70-af48-bde08cd51cc6-59.js (sourcemap at 7fa82a08-604e-4e70-af48-bde08cd51cc6-59.js.map, debug id 7fa82a08-604e-4e70-af48-bde08cd51cc6)
    ~/81568051-ea36-4f77-a88e-2b4c74aa2d68-61.js (sourcemap at 81568051-ea36-4f77-a88e-2b4c74aa2d68-61.js.map, debug id 81568051-ea36-4f77-a88e-2b4c74aa2d68)
    ~/823a76a9-b256-4d5d-be83-d2187adb0916-129.js (sourcemap at 823a76a9-b256-4d5d-be83-d2187adb0916-129.js.map, debug id 823a76a9-b256-4d5d-be83-d2187adb0916)
    ~/8292ddda-3616-4d22-81ea-8e0a664a9fd6-103.js (sourcemap at 8292ddda-3616-4d22-81ea-8e0a664a9fd6-103.js.map, debug id 8292ddda-3616-4d22-81ea-8e0a664a9fd6)
    ~/849912c9-3fee-40a1-937d-692d9a1a59e8-146.js (sourcemap at 849912c9-3fee-40a1-937d-692d9a1a59e8-146.js.map, debug id 849912c9-3fee-40a1-937d-692d9a1a59e8)
    ~/84e1d832-3617-4822-9117-7aac4bdb4a3c-111.js (sourcemap at 84e1d832-3617-4822-9117-7aac4bdb4a3c-111.js.map, debug id 84e1d832-3617-4822-9117-7aac4bdb4a3c)
    ~/853519ae-2de7-4afb-89d4-2bc24593de42-62.js (sourcemap at 853519ae-2de7-4afb-89d4-2bc24593de42-62.js.map, debug id 853519ae-2de7-4afb-89d4-2bc24593de42)
    ~/85efe010-2bed-47ba-8fa9-50ebeda7286b-148.js (sourcemap at 85efe010-2bed-47ba-8fa9-50ebeda7286b-148.js.map, debug id 85efe010-2bed-47ba-8fa9-50ebeda7286b)
    ~/86c0392c-d2eb-4bb3-be3e-a4f4643dc6bf-81.js (sourcemap at 86c0392c-d2eb-4bb3-be3e-a4f4643dc6bf-81.js.map, debug id 86c0392c-d2eb-4bb3-be3e-a4f4643dc6bf)
    ~/89ff3d5d-97a8-403f-a0c0-376dc2bc83c8-54.js (sourcemap at 89ff3d5d-97a8-403f-a0c0-376dc2bc83c8-54.js.map, debug id 89ff3d5d-97a8-403f-a0c0-376dc2bc83c8)
    ~/8b756e48-a34e-46ad-8bbc-19326b440d45-147.js (sourcemap at 8b756e48-a34e-46ad-8bbc-19326b440d45-147.js.map, debug id 8b756e48-a34e-46ad-8bbc-19326b440d45)
    ~/8db6c1c7-3b69-49d0-ae2d-6176beb06151-47.js (sourcemap at 8db6c1c7-3b69-49d0-ae2d-6176beb06151-47.js.map, debug id 8db6c1c7-3b69-49d0-ae2d-6176beb06151)
    ~/8e7793d6-61a1-4d47-9e28-0bcd09cdd4a4-32.js (sourcemap at 8e7793d6-61a1-4d47-9e28-0bcd09cdd4a4-32.js.map, debug id 8e7793d6-61a1-4d47-9e28-0bcd09cdd4a4)
    ~/8fc724d6-9cdf-46ab-87d6-00b76125fcc8-19.js (sourcemap at 8fc724d6-9cdf-46ab-87d6-00b76125fcc8-19.js.map, debug id 8fc724d6-9cdf-46ab-87d6-00b76125fcc8)
    ~/94d14733-a370-47ff-a766-80fe069a9d19-27.js (sourcemap at 94d14733-a370-47ff-a766-80fe069a9d19-27.js.map, debug id 94d14733-a370-47ff-a766-80fe069a9d19)
    ~/95fa2f92-ba30-433c-a135-336c9b4f883b-119.js (sourcemap at 95fa2f92-ba30-433c-a135-336c9b4f883b-119.js.map, debug id 95fa2f92-ba30-433c-a135-336c9b4f883b)
    ~/97e15096-d548-490d-9e36-d2ecff6768a1-85.js (sourcemap at 97e15096-d548-490d-9e36-d2ecff6768a1-85.js.map, debug id 97e15096-d548-490d-9e36-d2ecff6768a1)
    ~/97fd5b34-9fee-46ae-8aef-05097973804a-102.js (sourcemap at 97fd5b34-9fee-46ae-8aef-05097973804a-102.js.map, debug id 97fd5b34-9fee-46ae-8aef-05097973804a)
    ~/98be610c-9aff-4f91-a20e-7a80bd988514-34.js (sourcemap at 98be610c-9aff-4f91-a20e-7a80bd988514-34.js.map, debug id 98be610c-9aff-4f91-a20e-7a80bd988514)
    ~/a15a8336-6df4-4729-95f9-90269ea55d2b-58.js (no sourcemap found, debug id a15a8336-6df4-4729-95f9-90269ea55d2b)
      - warning: could not determine a source map reference (Could not auto-detect referenced sourcemap for ~/a15a8336-6df4-4729-95f9-90269ea55d2b-58.js)
    ~/a293e324-46ef-4385-9c27-3e49900f0251-76.js (sourcemap at a293e324-46ef-4385-9c27-3e49900f0251-76.js.map, debug id a293e324-46ef-4385-9c27-3e49900f0251)
    ~/a45eac61-12b0-4495-8bca-785676bb0545-126.js (sourcemap at a45eac61-12b0-4495-8bca-785676bb0545-126.js.map, debug id a45eac61-12b0-4495-8bca-785676bb0545)
    ~/a60cb7c5-a8cc-462f-8600-452925765509-98.js (no sourcemap found, debug id a60cb7c5-a8cc-462f-8600-452925765509)
      - warning: could not determine a source map reference (Could not auto-detect referenced sourcemap for ~/a60cb7c5-a8cc-462f-8600-452925765509-98.js)
    ~/a61e176b-07d6-48a8-ad4f-8aa86ece4f56-36.js (sourcemap at a61e176b-07d6-48a8-ad4f-8aa86ece4f56-36.js.map, debug id a61e176b-07d6-48a8-ad4f-8aa86ece4f56)
    ~/a9be844f-1029-428f-94aa-9b030df094ca-14.js (sourcemap at a9be844f-1029-428f-94aa-9b030df094ca-14.js.map, debug id a9be844f-1029-428f-94aa-9b030df094ca)
    ~/aa561fc2-73a4-4773-8f12-2faad647fc88-78.js (sourcemap at aa561fc2-73a4-4773-8f12-2faad647fc88-78.js.map, debug id aa561fc2-73a4-4773-8f12-2faad647fc88)
    ~/aa781ea0-785b-4ad3-9f3e-e7879cc4c8f5-0.js (sourcemap at aa781ea0-785b-4ad3-9f3e-e7879cc4c8f5-0.js.map, debug id aa781ea0-785b-4ad3-9f3e-e7879cc4c8f5)
    ~/ae4e1dd6-ef5f-4e50-b1ab-2fc77e3f92d0-97.js (no sourcemap found, debug id ae4e1dd6-ef5f-4e50-b1ab-2fc77e3f92d0)
      - warning: could not determine a source map reference (Could not auto-detect referenced sourcemap for ~/ae4e1dd6-ef5f-4e50-b1ab-2fc77e3f92d0-97.js)
    ~/aed745a7-31ab-4b7e-9fee-35e2b0006bc8-142.js (sourcemap at aed745a7-31ab-4b7e-9fee-35e2b0006bc8-142.js.map, debug id aed745a7-31ab-4b7e-9fee-35e2b0006bc8)
    ~/b047ac86-3467-441e-a351-b52a894c1de6-71.js (sourcemap at b047ac86-3467-441e-a351-b52a894c1de6-71.js.map, debug id b047ac86-3467-441e-a351-b52a894c1de6)
    ~/b17775f5-4c24-4e87-a320-3bb6670f0a3b-87.js (sourcemap at b17775f5-4c24-4e87-a320-3bb6670f0a3b-87.js.map, debug id b17775f5-4c24-4e87-a320-3bb6670f0a3b)
    ~/b22603fa-8b40-4cf1-9f4e-a48bb4ee0aad-4.js (sourcemap at b22603fa-8b40-4cf1-9f4e-a48bb4ee0aad-4.js.map, debug id b22603fa-8b40-4cf1-9f4e-a48bb4ee0aad)
    ~/b2506e99-4f5f-4736-ae8e-04fe19dedf28-22.js (sourcemap at b2506e99-4f5f-4736-ae8e-04fe19dedf28-22.js.map, debug id b2506e99-4f5f-4736-ae8e-04fe19dedf28)
    ~/b3dff330-f7b7-4a45-b0cb-51e95da42ae8-48.js (sourcemap at b3dff330-f7b7-4a45-b0cb-51e95da42ae8-48.js.map, debug id b3dff330-f7b7-4a45-b0cb-51e95da42ae8)
    ~/b409a307-a277-43f2-a61a-e90c51cda886-5.js (sourcemap at b409a307-a277-43f2-a61a-e90c51cda886-5.js.map, debug id b409a307-a277-43f2-a61a-e90c51cda886)
    ~/b659c87e-53a3-4937-ad52-50dd37e687f1-100.js (sourcemap at b659c87e-53a3-4937-ad52-50dd37e687f1-100.js.map, debug id b659c87e-53a3-4937-ad52-50dd37e687f1)
    ~/b8495c71-1cd6-4a4b-98ed-624d4cb91a63-37.js (sourcemap at b8495c71-1cd6-4a4b-98ed-624d4cb91a63-37.js.map, debug id b8495c71-1cd6-4a4b-98ed-624d4cb91a63)
    ~/b9de4b00-1dde-4ed4-b66a-15249c70c903-145.js (sourcemap at b9de4b00-1dde-4ed4-b66a-15249c70c903-145.js.map, debug id b9de4b00-1dde-4ed4-b66a-15249c70c903)
    ~/ba1cd52c-2f18-4bf7-9d02-a1ab30475df8-123.js (sourcemap at ba1cd52c-2f18-4bf7-9d02-a1ab30475df8-123.js.map, debug id ba1cd52c-2f18-4bf7-9d02-a1ab30475df8)
    ~/bb92e909-8edf-4dea-b76f-2781e4785cad-7.js (sourcemap at bb92e909-8edf-4dea-b76f-2781e4785cad-7.js.map, debug id bb92e909-8edf-4dea-b76f-2781e4785cad)
    ~/c2c39bce-8918-4077-9f99-5dc435ac1197-42.js (sourcemap at c2c39bce-8918-4077-9f99-5dc435ac1197-42.js.map, debug id c2c39bce-8918-4077-9f99-5dc435ac1197)
    ~/c3f36e9d-f94a-476d-962d-2f814903bc25-88.js (sourcemap at c3f36e9d-f94a-476d-962d-2f814903bc25-88.js.map, debug id c3f36e9d-f94a-476d-962d-2f814903bc25)
    ~/c82e120e-ef6e-4c1a-bc95-e105aaf2e2fe-77.js (no sourcemap found, debug id c82e120e-ef6e-4c1a-bc95-e105aaf2e2fe)
      - warning: could not determine a source map reference (Could not auto-detect referenced sourcemap for ~/c82e120e-ef6e-4c1a-bc95-e105aaf2e2fe-77.js)
    ~/c97abd6c-1323-4381-8bfe-ce63c4d6ec7d-10.js (sourcemap at c97abd6c-1323-4381-8bfe-ce63c4d6ec7d-10.js.map, debug id c97abd6c-1323-4381-8bfe-ce63c4d6ec7d)
    ~/ca045890-751e-424c-8a87-b1f75a683616-57.js (no sourcemap found, debug id ca045890-751e-424c-8a87-b1f75a683616)
      - warning: could not determine a source map reference (Could not auto-detect referenced sourcemap for ~/ca045890-751e-424c-8a87-b1f75a683616-57.js)
    ~/cd1297b7-017f-4bd8-933f-24ea3e4ac010-132.js (no sourcemap found, debug id cd1297b7-017f-4bd8-933f-24ea3e4ac010)
      - warning: could not determine a source map reference (Could not auto-detect referenced sourcemap for ~/cd1297b7-017f-4bd8-933f-24ea3e4ac010-132.js)
    ~/cd37b377-c040-4b2d-916b-31130cedac00-68.js (sourcemap at cd37b377-c040-4b2d-916b-31130cedac00-68.js.map, debug id cd37b377-c040-4b2d-916b-31130cedac00)
    ~/cd9cf35b-8160-4f28-813b-9bf820138b9c-120.js (sourcemap at cd9cf35b-8160-4f28-813b-9bf820138b9c-120.js.map, debug id cd9cf35b-8160-4f28-813b-9bf820138b9c)
    ~/cff771b1-eafd-4ae5-b2a9-fde5cd10c82f-35.js (sourcemap at cff771b1-eafd-4ae5-b2a9-fde5cd10c82f-35.js.map, debug id cff771b1-eafd-4ae5-b2a9-fde5cd10c82f)
    ~/d2151950-7915-4c96-89a6-938178020f1d-56.js (sourcemap at d2151950-7915-4c96-89a6-938178020f1d-56.js.map, debug id d2151950-7915-4c96-89a6-938178020f1d)
    ~/d3b2b123-d292-42ae-a52a-53e4bf894f2d-60.js (sourcemap at d3b2b123-d292-42ae-a52a-53e4bf894f2d-60.js.map, debug id d3b2b123-d292-42ae-a52a-53e4bf894f2d)
    ~/d5105980-661c-4f59-895c-7a8d5f9a0982-150.js (sourcemap at d5105980-661c-4f59-895c-7a8d5f9a0982-150.js.map, debug id d5105980-661c-4f59-895c-7a8d5f9a0982)
    ~/d6ac234c-61bc-4738-9567-a0a8a632d5a3-91.js (sourcemap at d6ac234c-61bc-4738-9567-a0a8a632d5a3-91.js.map, debug id d6ac234c-61bc-4738-9567-a0a8a632d5a3)
    ~/d718b318-ff22-4c03-9c39-b475c2d0aef1-13.js (sourcemap at d718b318-ff22-4c03-9c39-b475c2d0aef1-13.js.map, debug id d718b318-ff22-4c03-9c39-b475c2d0aef1)
    ~/d7574662-4a3a-4620-9ccd-3d108b2823df-17.js (sourcemap at d7574662-4a3a-4620-9ccd-3d108b2823df-17.js.map, debug id d7574662-4a3a-4620-9ccd-3d108b2823df)
    ~/da05cfce-d415-473e-85c7-cfebe57a7dd6-65.js (sourcemap at da05cfce-d415-473e-85c7-cfebe57a7dd6-65.js.map, debug id da05cfce-d415-473e-85c7-cfebe57a7dd6)
    ~/dab1f48b-e53d-4674-9122-1cb61951c3b1-110.js (sourcemap at dab1f48b-e53d-4674-9122-1cb61951c3b1-110.js.map, debug id dab1f48b-e53d-4674-9122-1cb61951c3b1)
    ~/dada82a4-07fd-48d3-89b7-ed04c7513f0f-116.js (sourcemap at dada82a4-07fd-48d3-89b7-ed04c7513f0f-116.js.map, debug id dada82a4-07fd-48d3-89b7-ed04c7513f0f)
    ~/dba31c0d-c862-47ff-8cee-c05a08cdda59-96.js (sourcemap at dba31c0d-c862-47ff-8cee-c05a08cdda59-96.js.map, debug id dba31c0d-c862-47ff-8cee-c05a08cdda59)
    ~/e1d5e010-fd46-48ae-975b-2a6be0ee19e3-67.js (no sourcemap found, debug id e1d5e010-fd46-48ae-975b-2a6be0ee19e3)
      - warning: could not determine a source map reference (Could not auto-detect referenced sourcemap for ~/e1d5e010-fd46-48ae-975b-2a6be0ee19e3-67.js)
    ~/e2b698ce-6218-45dd-b5ce-5320bccdc7e7-8.js (sourcemap at e2b698ce-6218-45dd-b5ce-5320bccdc7e7-8.js.map, debug id e2b698ce-6218-45dd-b5ce-5320bccdc7e7)
    ~/e3a86716-e629-4fb6-87d5-58e5f74de1c1-31.js (sourcemap at e3a86716-e629-4fb6-87d5-58e5f74de1c1-31.js.map, debug id e3a86716-e629-4fb6-87d5-58e5f74de1c1)
    ~/e52e8f74-a13d-4f14-9f14-a905532a5b4e-89.js (sourcemap at e52e8f74-a13d-4f14-9f14-a905532a5b4e-89.js.map, debug id e52e8f74-a13d-4f14-9f14-a905532a5b4e)
    ~/e68eca4b-6330-46ae-a68c-47c036d81bd6-92.js (sourcemap at e68eca4b-6330-46ae-a68c-47c036d81bd6-92.js.map, debug id e68eca4b-6330-46ae-a68c-47c036d81bd6)
    ~/e7d8dfa7-7b3b-4856-8df7-3fb6c196e07f-79.js (sourcemap at e7d8dfa7-7b3b-4856-8df7-3fb6c196e07f-79.js.map, debug id e7d8dfa7-7b3b-4856-8df7-3fb6c196e07f)
    ~/e82672bc-418f-420c-9743-59d136800b5a-30.js (sourcemap at e82672bc-418f-420c-9743-59d136800b5a-30.js.map, debug id e82672bc-418f-420c-9743-59d136800b5a)
    ~/e8413aaf-d525-4ecd-843d-3f26241fda76-52.js (sourcemap at e8413aaf-d525-4ecd-843d-3f26241fda76-52.js.map, debug id e8413aaf-d525-4ecd-843d-3f26241fda76)
    ~/ebebe02b-a157-4a17-80ec-c92df8a984e1-11.js (sourcemap at ebebe02b-a157-4a17-80ec-c92df8a984e1-11.js.map, debug id ebebe02b-a157-4a17-80ec-c92df8a984e1)
    ~/ec3cb4fd-52d2-41af-bc5d-0ae7ac21b28e-141.js (sourcemap at ec3cb4fd-52d2-41af-bc5d-0ae7ac21b28e-141.js.map, debug id ec3cb4fd-52d2-41af-bc5d-0ae7ac21b28e)
    ~/eeb93af8-e285-42ad-81cb-badb2ec9415c-113.js (sourcemap at eeb93af8-e285-42ad-81cb-badb2ec9415c-113.js.map, debug id eeb93af8-e285-42ad-81cb-badb2ec9415c)
    ~/f0984839-01f0-42b8-96a1-2d559f5b1c47-66.js (sourcemap at f0984839-01f0-42b8-96a1-2d559f5b1c47-66.js.map, debug id f0984839-01f0-42b8-96a1-2d559f5b1c47)
    ~/f0f6bd20-694e-4172-a4d2-1ea587089fe8-28.js (sourcemap at f0f6bd20-694e-4172-a4d2-1ea587089fe8-28.js.map, debug id f0f6bd20-694e-4172-a4d2-1ea587089fe8)
    ~/f132ef27-2d02-4e55-87ab-a218efa99564-90.js (sourcemap at f132ef27-2d02-4e55-87ab-a218efa99564-90.js.map, debug id f132ef27-2d02-4e55-87ab-a218efa99564)
    ~/f1605e38-68d0-4029-953a-00090d4f1ab3-117.js (sourcemap at f1605e38-68d0-4029-953a-00090d4f1ab3-117.js.map, debug id f1605e38-68d0-4029-953a-00090d4f1ab3)
    ~/f30903da-eafa-4d99-81de-6f6cd60257e7-93.js (sourcemap at f30903da-eafa-4d99-81de-6f6cd60257e7-93.js.map, debug id f30903da-eafa-4d99-81de-6f6cd60257e7)
    ~/f559edd4-d8f1-46ba-bcec-7ffcf80fb772-49.js (sourcemap at f559edd4-d8f1-46ba-bcec-7ffcf80fb772-49.js.map, debug id f559edd4-d8f1-46ba-bcec-7ffcf80fb772)
    ~/fa1f1a4f-4d1b-4274-a9f9-f7135aaaca1e-74.js (sourcemap at fa1f1a4f-4d1b-4274-a9f9-f7135aaaca1e-74.js.map, debug id fa1f1a4f-4d1b-4274-a9f9-f7135aaaca1e)
    ~/fa603c69-a8f4-4139-9170-5dc6ac0a6476-122.js (sourcemap at fa603c69-a8f4-4139-9170-5dc6ac0a6476-122.js.map, debug id fa603c69-a8f4-4139-9170-5dc6ac0a6476)
    ~/fbe0ff55-bdb6-4d68-8dba-c3c8ab6845fe-53.js (no sourcemap found, debug id fbe0ff55-bdb6-4d68-8dba-c3c8ab6845fe)
      - warning: could not determine a source map reference (Could not auto-detect referenced sourcemap for ~/fbe0ff55-bdb6-4d68-8dba-c3c8ab6845fe-53.js)
  Source Maps
    ~/00bf650c-3f61-482a-9c91-c8c51ff8d448-9.js.map (debug id 00bf650c-3f61-482a-9c91-c8c51ff8d448)
    ~/012ea1bf-8d67-407e-bb8d-9aab1ab2883b-75.js.map (debug id 012ea1bf-8d67-407e-bb8d-9aab1ab2883b)
    ~/025f9281-89a3-4800-86aa-e75f0737d218-106.js.map (debug id 025f9281-89a3-4800-86aa-e75f0737d218)
    ~/0321ec98-a32c-46f5-9b46-3abca487f266-82.js.map (debug id 0321ec98-a32c-46f5-9b46-3abca487f266)
    ~/03cec71b-f481-4966-84f4-bd85e1f5f0d6-33.js.map (debug id 03cec71b-f481-4966-84f4-bd85e1f5f0d6)
    ~/042e8768-185d-4a5d-ab45-25ee1bddfb43-12.js.map (debug id 042e8768-185d-4a5d-ab45-25ee1bddfb43)
    ~/0bd55eaa-e404-4fdd-8016-42945166d221-94.js.map (debug id 0bd55eaa-e404-4fdd-8016-42945166d221)
    ~/0eebc021-ccda-4552-a9d4-73bb4838ab5e-38.js.map (debug id 0eebc021-ccda-4552-a9d4-73bb4838ab5e)
    ~/0f38a023-42f8-4fd9-89aa-607a2344b7ee-118.js.map (debug id 0f38a023-42f8-4fd9-89aa-607a2344b7ee)
    ~/0f8e32a9-03c8-4aed-b9c2-124d2e47759f-84.js.map (debug id 0f8e32a9-03c8-4aed-b9c2-124d2e47759f)
    ~/15f3b0e3-3311-4688-99b7-22865e2a5e39-115.js.map (debug id 15f3b0e3-3311-4688-99b7-22865e2a5e39)
    ~/177d6e23-5dff-4ca5-aac5-da42f9fcec4a-46.js.map (debug id 177d6e23-5dff-4ca5-aac5-da42f9fcec4a)
    ~/1d0bd847-b120-4445-9523-8e3d9e469bde-99.js.map (debug id 1d0bd847-b120-4445-9523-8e3d9e469bde)
    ~/205e111b-b98d-4135-9857-304402002623-139.js.map (debug id 205e111b-b98d-4135-9857-304402002623)
    ~/22dd978e-b8ab-4155-af45-ce5b9bcda394-40.js.map (debug id 22dd978e-b8ab-4155-af45-ce5b9bcda394)
    ~/25f49839-de6d-46c0-8488-264627ef30e4-72.js.map (debug id 25f49839-de6d-46c0-8488-264627ef30e4)
    ~/27cde9a0-9533-4ff8-ac21-784e0011cfcb-86.js.map (debug id 27cde9a0-9533-4ff8-ac21-784e0011cfcb)
    ~/28bce732-70cb-427d-9abf-11c1fc6a6c56-2.js.map (debug id 28bce732-70cb-427d-9abf-11c1fc6a6c56)
    ~/2a9d033b-8d44-4e35-b5ed-15d8ba62b3dc-128.js.map (debug id 2a9d033b-8d44-4e35-b5ed-15d8ba62b3dc)
    ~/2b6f8139-108a-471d-90ae-dd052ee17a5f-21.js.map (debug id 2b6f8139-108a-471d-90ae-dd052ee17a5f)
    ~/30c87b02-c872-4453-a0d1-f0cfe6fcf710-29.js.map (debug id 30c87b02-c872-4453-a0d1-f0cfe6fcf710)
    ~/3182f0e6-91d0-497c-9558-d8d6f8127abc-104.js.map (debug id 3182f0e6-91d0-497c-9558-d8d6f8127abc)
    ~/32f15c65-0b92-495d-841e-762b9fe2e449-18.js.map (debug id 32f15c65-0b92-495d-841e-762b9fe2e449)
    ~/334b0fda-e5fe-4cda-a238-0e2c640b2a75-15.js.map (debug id 334b0fda-e5fe-4cda-a238-0e2c640b2a75)
    ~/33b195ac-4850-4fdd-8bcd-bd57a5c3424b-23.js.map (debug id 33b195ac-4850-4fdd-8bcd-bd57a5c3424b)
    ~/3c403501-43e4-4af2-8a12-813ee0992996-83.js.map (debug id 3c403501-43e4-4af2-8a12-813ee0992996)
    ~/3d923ac0-9af7-441b-8d54-07729a4d5b68-6.js.map (debug id 3d923ac0-9af7-441b-8d54-07729a4d5b68)
    ~/3ec58768-e421-4765-9533-094096c3885f-50.js.map (debug id 3ec58768-e421-4765-9533-094096c3885f)
    ~/3ef64317-6406-4308-ad67-3c94830876e5-24.js.map (debug id 3ef64317-6406-4308-ad67-3c94830876e5)
    ~/43974a56-774b-4a26-a3da-374c630e4d3c-137.js.map (debug id 43974a56-774b-4a26-a3da-374c630e4d3c)
    ~/44520df1-c5cb-4cd2-9cd3-fa731b648c2b-41.js.map (debug id 44520df1-c5cb-4cd2-9cd3-fa731b648c2b)
    ~/47d78478-fcee-4a12-9984-a245b95b25bc-108.js.map (debug id 47d78478-fcee-4a12-9984-a245b95b25bc)
    ~/4d681105-1f2d-4d09-a47b-e20d5f069c18-134.js.map (debug id 4d681105-1f2d-4d09-a47b-e20d5f069c18)
    ~/4f316dbe-af42-434b-afbe-3479cb950273-109.js.map (debug id 4f316dbe-af42-434b-afbe-3479cb950273)
    ~/54f1139a-30b7-4479-93ee-d77109deb0a8-124.js.map (debug id 54f1139a-30b7-4479-93ee-d77109deb0a8)
    ~/552ce989-8b1a-4f8a-a25f-71d8d5a7c8ce-43.js.map (debug id 552ce989-8b1a-4f8a-a25f-71d8d5a7c8ce)
    ~/552ed9c2-6bb9-4849-92e5-37b8615a66e7-121.js.map (debug id 552ed9c2-6bb9-4849-92e5-37b8615a66e7)
    ~/56274b7f-2979-4ef1-9073-5904436c6dc0-125.js.map (debug id 56274b7f-2979-4ef1-9073-5904436c6dc0)
    ~/5b8a3503-efb8-4337-ae58-6ca818aab7e8-143.js.map (debug id 5b8a3503-efb8-4337-ae58-6ca818aab7e8)
    ~/5c22da02-3360-4ee5-ae0e-a75e6331ebff-44.js.map (debug id 5c22da02-3360-4ee5-ae0e-a75e6331ebff)
    ~/60beca70-3cc0-42b2-92d2-2363161053b8-127.js.map (debug id 60beca70-3cc0-42b2-92d2-2363161053b8)
    ~/63009251-62ec-44dd-8a2f-09bdb396b230-51.js.map (debug id 63009251-62ec-44dd-8a2f-09bdb396b230)
    ~/6a80a903-faf4-40b2-aa6f-42a3b93f6c68-45.js.map (debug id 6a80a903-faf4-40b2-aa6f-42a3b93f6c68)
    ~/6b56754e-26bf-4f3e-8988-f87db8051faf-149.js.map (debug id 6b56754e-26bf-4f3e-8988-f87db8051faf)
    ~/6cdeb91f-f8d2-4b59-8361-4ab151086b6f-105.js.map (debug id 6cdeb91f-f8d2-4b59-8361-4ab151086b6f)
    ~/6df856f9-51f5-457a-9079-4ff2c32a4f58-112.js.map (debug id 6df856f9-51f5-457a-9079-4ff2c32a4f58)
    ~/71b3b438-876f-409b-a67b-9e821572fc55-20.js.map (debug id 71b3b438-876f-409b-a67b-9e821572fc55)
    ~/73b68cb1-7143-4fea-ab59-d69acfad2b5a-64.js.map (debug id 73b68cb1-7143-4fea-ab59-d69acfad2b5a)
    ~/74d07175-ea92-4cf1-b106-a91fdbbc3637-70.js.map (debug id 74d07175-ea92-4cf1-b106-a91fdbbc3637)
    ~/74d57b2d-ea89-4b39-b46a-f26eb2aba728-25.js.map (debug id 74d57b2d-ea89-4b39-b46a-f26eb2aba728)
    ~/74e069bf-182f-4a26-9a35-f452c497ee80-16.js.map (debug id 74e069bf-182f-4a26-9a35-f452c497ee80)
    ~/7538a4b4-4572-4f7d-b266-55205a6c76d1-107.js.map (debug id 7538a4b4-4572-4f7d-b266-55205a6c76d1)
    ~/7670aefb-520e-47eb-9937-c6bf68dca806-133.js.map (debug id 7670aefb-520e-47eb-9937-c6bf68dca806)
    ~/790e3732-2d6a-4892-b85b-4591f269c625-3.js.map (debug id 790e3732-2d6a-4892-b85b-4591f269c625)
    ~/791c098a-a92d-4420-8962-e059300f9dca-39.js.map (debug id 791c098a-a92d-4420-8962-e059300f9dca)
    ~/79b2430c-9092-4363-98b9-a740d1babe55-26.js.map (debug id 79b2430c-9092-4363-98b9-a740d1babe55)
    ~/79d7ef12-3ce5-48fa-ace1-5dffd07fedb9-114.js.map (debug id 79d7ef12-3ce5-48fa-ace1-5dffd07fedb9)
    ~/7aba408f-4863-49f3-873d-4bcf7037c16d-1.js.map (debug id 7aba408f-4863-49f3-873d-4bcf7037c16d)
    ~/7b2d2aaa-fa3a-416e-b090-f98a050f871a-101.js.map (debug id 7b2d2aaa-fa3a-416e-b090-f98a050f871a)
    ~/7c179389-f64a-4723-ab97-25812fa02a0e-95.js.map (debug id 7c179389-f64a-4723-ab97-25812fa02a0e)
    ~/7e98611b-e6cd-46b3-b913-9cefe8f17ae6-63.js.map (debug id 7e98611b-e6cd-46b3-b913-9cefe8f17ae6)
    ~/7f125c37-12de-425b-8d3e-31a265d723f1-144.js.map (debug id 7f125c37-12de-425b-8d3e-31a265d723f1)
    ~/7fa82a08-604e-4e70-af48-bde08cd51cc6-59.js.map (debug id 7fa82a08-604e-4e70-af48-bde08cd51cc6)
    ~/81568051-ea36-4f77-a88e-2b4c74aa2d68-61.js.map (debug id 81568051-ea36-4f77-a88e-2b4c74aa2d68)
    ~/823a76a9-b256-4d5d-be83-d2187adb0916-129.js.map (debug id 823a76a9-b256-4d5d-be83-d2187adb0916)
    ~/8292ddda-3616-4d22-81ea-8e0a664a9fd6-103.js.map (debug id 8292ddda-3616-4d22-81ea-8e0a664a9fd6)
    ~/849912c9-3fee-40a1-937d-692d9a1a59e8-146.js.map (debug id 849912c9-3fee-40a1-937d-692d9a1a59e8)
    ~/84e1d832-3617-4822-9117-7aac4bdb4a3c-111.js.map (debug id 84e1d832-3617-4822-9117-7aac4bdb4a3c)
    ~/853519ae-2de7-4afb-89d4-2bc24593de42-62.js.map (debug id 853519ae-2de7-4afb-89d4-2bc24593de42)
    ~/85efe010-2bed-47ba-8fa9-50ebeda7286b-148.js.map (debug id 85efe010-2bed-47ba-8fa9-50ebeda7286b)
    ~/86c0392c-d2eb-4bb3-be3e-a4f4643dc6bf-81.js.map (debug id 86c0392c-d2eb-4bb3-be3e-a4f4643dc6bf)
    ~/89ff3d5d-97a8-403f-a0c0-376dc2bc83c8-54.js.map (debug id 89ff3d5d-97a8-403f-a0c0-376dc2bc83c8)
    ~/8b756e48-a34e-46ad-8bbc-19326b440d45-147.js.map (debug id 8b756e48-a34e-46ad-8bbc-19326b440d45)
    ~/8db6c1c7-3b69-49d0-ae2d-6176beb06151-47.js.map (debug id 8db6c1c7-3b69-49d0-ae2d-6176beb06151)
    ~/8e7793d6-61a1-4d47-9e28-0bcd09cdd4a4-32.js.map (debug id 8e7793d6-61a1-4d47-9e28-0bcd09cdd4a4)
    ~/8fc724d6-9cdf-46ab-87d6-00b76125fcc8-19.js.map (debug id 8fc724d6-9cdf-46ab-87d6-00b76125fcc8)
    ~/94d14733-a370-47ff-a766-80fe069a9d19-27.js.map (debug id 94d14733-a370-47ff-a766-80fe069a9d19)
    ~/95fa2f92-ba30-433c-a135-336c9b4f883b-119.js.map (debug id 95fa2f92-ba30-433c-a135-336c9b4f883b)
    ~/97e15096-d548-490d-9e36-d2ecff6768a1-85.js.map (debug id 97e15096-d548-490d-9e36-d2ecff6768a1)
    ~/97fd5b34-9fee-46ae-8aef-05097973804a-102.js.map (debug id 97fd5b34-9fee-46ae-8aef-05097973804a)
    ~/98be610c-9aff-4f91-a20e-7a80bd988514-34.js.map (debug id 98be610c-9aff-4f91-a20e-7a80bd988514)
    ~/a293e324-46ef-4385-9c27-3e49900f0251-76.js.map (debug id a293e324-46ef-4385-9c27-3e49900f0251)
    ~/a45eac61-12b0-4495-8bca-785676bb0545-126.js.map (debug id a45eac61-12b0-4495-8bca-785676bb0545)
    ~/a61e176b-07d6-48a8-ad4f-8aa86ece4f56-36.js.map (debug id a61e176b-07d6-48a8-ad4f-8aa86ece4f56)
    ~/a9be844f-1029-428f-94aa-9b030df094ca-14.js.map (debug id a9be844f-1029-428f-94aa-9b030df094ca)
    ~/aa561fc2-73a4-4773-8f12-2faad647fc88-78.js.map (debug id aa561fc2-73a4-4773-8f12-2faad647fc88)
    ~/aa781ea0-785b-4ad3-9f3e-e7879cc4c8f5-0.js.map (debug id aa781ea0-785b-4ad3-9f3e-e7879cc4c8f5)
    ~/aed745a7-31ab-4b7e-9fee-35e2b0006bc8-142.js.map (debug id aed745a7-31ab-4b7e-9fee-35e2b0006bc8)
    ~/b047ac86-3467-441e-a351-b52a894c1de6-71.js.map (debug id b047ac86-3467-441e-a351-b52a894c1de6)
    ~/b17775f5-4c24-4e87-a320-3bb6670f0a3b-87.js.map (debug id b17775f5-4c24-4e87-a320-3bb6670f0a3b)
    ~/b22603fa-8b40-4cf1-9f4e-a48bb4ee0aad-4.js.map (debug id b22603fa-8b40-4cf1-9f4e-a48bb4ee0aad)
    ~/b2506e99-4f5f-4736-ae8e-04fe19dedf28-22.js.map (debug id b2506e99-4f5f-4736-ae8e-04fe19dedf28)
    ~/b3dff330-f7b7-4a45-b0cb-51e95da42ae8-48.js.map (debug id b3dff330-f7b7-4a45-b0cb-51e95da42ae8)
    ~/b409a307-a277-43f2-a61a-e90c51cda886-5.js.map (debug id b409a307-a277-43f2-a61a-e90c51cda886)
    ~/b659c87e-53a3-4937-ad52-50dd37e687f1-100.js.map (debug id b659c87e-53a3-4937-ad52-50dd37e687f1)
    ~/b8495c71-1cd6-4a4b-98ed-624d4cb91a63-37.js.map (debug id b8495c71-1cd6-4a4b-98ed-624d4cb91a63)
    ~/b9de4b00-1dde-4ed4-b66a-15249c70c903-145.js.map (debug id b9de4b00-1dde-4ed4-b66a-15249c70c903)
    ~/ba1cd52c-2f18-4bf7-9d02-a1ab30475df8-123.js.map (debug id ba1cd52c-2f18-4bf7-9d02-a1ab30475df8)
    ~/bb92e909-8edf-4dea-b76f-2781e4785cad-7.js.map (debug id bb92e909-8edf-4dea-b76f-2781e4785cad)
    ~/c2c39bce-8918-4077-9f99-5dc435ac1197-42.js.map (debug id c2c39bce-8918-4077-9f99-5dc435ac1197)
    ~/c3f36e9d-f94a-476d-962d-2f814903bc25-88.js.map (debug id c3f36e9d-f94a-476d-962d-2f814903bc25)
    ~/c97abd6c-1323-4381-8bfe-ce63c4d6ec7d-10.js.map (debug id c97abd6c-1323-4381-8bfe-ce63c4d6ec7d)
    ~/cd37b377-c040-4b2d-916b-31130cedac00-68.js.map (debug id cd37b377-c040-4b2d-916b-31130cedac00)
    ~/cd9cf35b-8160-4f28-813b-9bf820138b9c-120.js.map (debug id cd9cf35b-8160-4f28-813b-9bf820138b9c)
    ~/cff771b1-eafd-4ae5-b2a9-fde5cd10c82f-35.js.map (debug id cff771b1-eafd-4ae5-b2a9-fde5cd10c82f)
    ~/d2151950-7915-4c96-89a6-938178020f1d-56.js.map (debug id d2151950-7915-4c96-89a6-938178020f1d)
    ~/d3b2b123-d292-42ae-a52a-53e4bf894f2d-60.js.map (debug id d3b2b123-d292-42ae-a52a-53e4bf894f2d)
    ~/d5105980-661c-4f59-895c-7a8d5f9a0982-150.js.map (debug id d5105980-661c-4f59-895c-7a8d5f9a0982)
    ~/d6ac234c-61bc-4738-9567-a0a8a632d5a3-91.js.map (debug id d6ac234c-61bc-4738-9567-a0a8a632d5a3)
    ~/d718b318-ff22-4c03-9c39-b475c2d0aef1-13.js.map (debug id d718b318-ff22-4c03-9c39-b475c2d0aef1)
    ~/d7574662-4a3a-4620-9ccd-3d108b2823df-17.js.map (debug id d7574662-4a3a-4620-9ccd-3d108b2823df)
    ~/da05cfce-d415-473e-85c7-cfebe57a7dd6-65.js.map (debug id da05cfce-d415-473e-85c7-cfebe57a7dd6)
    ~/dab1f48b-e53d-4674-9122-1cb61951c3b1-110.js.map (debug id dab1f48b-e53d-4674-9122-1cb61951c3b1)
    ~/dada82a4-07fd-48d3-89b7-ed04c7513f0f-116.js.map (debug id dada82a4-07fd-48d3-89b7-ed04c7513f0f)
    ~/dba31c0d-c862-47ff-8cee-c05a08cdda59-96.js.map (debug id dba31c0d-c862-47ff-8cee-c05a08cdda59)
    ~/e2b698ce-6218-45dd-b5ce-5320bccdc7e7-8.js.map (debug id e2b698ce-6218-45dd-b5ce-5320bccdc7e7)
    ~/e3a86716-e629-4fb6-87d5-58e5f74de1c1-31.js.map (debug id e3a86716-e629-4fb6-87d5-58e5f74de1c1)
    ~/e52e8f74-a13d-4f14-9f14-a905532a5b4e-89.js.map (debug id e52e8f74-a13d-4f14-9f14-a905532a5b4e)
    ~/e68eca4b-6330-46ae-a68c-47c036d81bd6-92.js.map (debug id e68eca4b-6330-46ae-a68c-47c036d81bd6)
    ~/e7d8dfa7-7b3b-4856-8df7-3fb6c196e07f-79.js.map (debug id e7d8dfa7-7b3b-4856-8df7-3fb6c196e07f)
    ~/e82672bc-418f-420c-9743-59d136800b5a-30.js.map (debug id e82672bc-418f-420c-9743-59d136800b5a)
    ~/e8413aaf-d525-4ecd-843d-3f26241fda76-52.js.map (debug id e8413aaf-d525-4ecd-843d-3f26241fda76)
    ~/ebebe02b-a157-4a17-80ec-c92df8a984e1-11.js.map (debug id ebebe02b-a157-4a17-80ec-c92df8a984e1)
    ~/ec3cb4fd-52d2-41af-bc5d-0ae7ac21b28e-141.js.map (debug id ec3cb4fd-52d2-41af-bc5d-0ae7ac21b28e)
    ~/eeb93af8-e285-42ad-81cb-badb2ec9415c-113.js.map (debug id eeb93af8-e285-42ad-81cb-badb2ec9415c)
    ~/f0984839-01f0-42b8-96a1-2d559f5b1c47-66.js.map (debug id f0984839-01f0-42b8-96a1-2d559f5b1c47)
    ~/f0f6bd20-694e-4172-a4d2-1ea587089fe8-28.js.map (debug id f0f6bd20-694e-4172-a4d2-1ea587089fe8)
    ~/f132ef27-2d02-4e55-87ab-a218efa99564-90.js.map (debug id f132ef27-2d02-4e55-87ab-a218efa99564)
    ~/f1605e38-68d0-4029-953a-00090d4f1ab3-117.js.map (debug id f1605e38-68d0-4029-953a-00090d4f1ab3)
    ~/f30903da-eafa-4d99-81de-6f6cd60257e7-93.js.map (debug id f30903da-eafa-4d99-81de-6f6cd60257e7)
    ~/f559edd4-d8f1-46ba-bcec-7ffcf80fb772-49.js.map (debug id f559edd4-d8f1-46ba-bcec-7ffcf80fb772)
    ~/fa1f1a4f-4d1b-4274-a9f9-f7135aaaca1e-74.js.map (debug id fa1f1a4f-4d1b-4274-a9f9-f7135aaaca1e)
    ~/fa603c69-a8f4-4139-9170-5dc6ac0a6476-122.js.map (debug id fa603c69-a8f4-4139-9170-5dc6ac0a6476)
[@sentry/nextjs - Client] Info: Successfully uploaded source maps to Sentry
 ✓ Compiled successfully
   Linting and checking validity of types ...

./components/auth/RoleLoginPage.tsx
91:6  Warning: React Hook useEffect has a missing dependency: 'loginError'. Either include it or remove the dependency array.  react-hooks/exhaustive-deps

./components/auth/SignupExperience.tsx
511:6  Warning: React Hook useEffect has a missing dependency: 'inlineError'. Either include it or remove the dependency array.  react-hooks/exhaustive-deps
1021:6  Warning: React Hook useEffect has a missing dependency: 'inlineError'. Either include it or remove the dependency array.  react-hooks/exhaustive-deps
1436:6  Warning: React Hook useEffect has a missing dependency: 'inlineError'. Either include it or remove the dependency array.  react-hooks/exhaustive-deps

./components/builder/event-wizard/EventVenueStep.tsx
72:9  Warning: The 'venues' conditional could make the dependencies of useMemo Hook (at line 87) change on every render. To fix this, wrap the initialization of 'venues' in its own useMemo() Hook.  react-hooks/exhaustive-deps
72:9  Warning: The 'venues' conditional could make the dependencies of useMemo Hook (at line 92) change on every render. To fix this, wrap the initialization of 'venues' in its own useMemo() Hook.  react-hooks/exhaustive-deps

./components/builder/event-wizard/EventbriteImportPanel.tsx
190:6  Warning: React Hook useEffect has a missing dependency: 'loadIntegration'. Either include it or remove the dependency array.  react-hooks/exhaustive-deps
206:6  Warning: React Hook useEffect has missing dependencies: 'addToast' and 'loadImportedAttendees'. Either include them or remove the dependency array.  react-hooks/exhaustive-deps
232:6  Warning: React Hook useEffect has a missing dependency: 'loadIntegration'. Either include it or remove the dependency array.  react-hooks/exhaustive-deps

./components/planner/planner-page/PlannerWorkspace.tsx
195:6  Warning: React Hook useEffect has missing dependencies: 'isTimelineLoading', 'loadPlannerTimeline', and 'timelineResult'. Either include them or remove the dependency array.  react-hooks/exhaustive-deps
279:6  Warning: React Hook useEffect has a missing dependency: 'resetDemoSession'. Either include it or remove the dependency array.  react-hooks/exhaustive-deps
420:6  Warning: React Hook useEffect has a missing dependency: 'startInitialDraftPlan'. Either include it or remove the dependency array.  react-hooks/exhaustive-deps
437:6  Warning: React Hook useEffect has a missing dependency: 'triggerRecommendations'. Either include it or remove the dependency array.  react-hooks/exhaustive-deps

./components/shared/FilterSidebar.tsx
91:33  Warning: React Hook useCallback received a function whose dependencies are unknown. Pass an inline function instead.  react-hooks/exhaustive-deps

./components/shared/SearchBar.tsx
59:27  Warning: React Hook useCallback received a function whose dependencies are unknown. Pass an inline function instead.  react-hooks/exhaustive-deps

./components/venue/AmenitiesSelector.tsx
155:6  Warning: React Hook useEffect has a missing dependency: 'loadAmenities'. Either include it or remove the dependency array.  react-hooks/exhaustive-deps

./components/venue/BulkApprovalDashboard.tsx
127:6  Warning: React Hook useEffect has a missing dependency: 'loadPendingBookings'. Either include it or remove the dependency array.  react-hooks/exhaustive-deps

./components/venue/BulkApprovalSettings.tsx
82:6  Warning: React Hook useEffect has a missing dependency: 'loadSettings'. Either include it or remove the dependency array.  react-hooks/exhaustive-deps

./components/venue/RulesManager.tsx
131:6  Warning: React Hook useEffect has a missing dependency: 'loadRules'. Either include it or remove the dependency array.  react-hooks/exhaustive-deps

info  - Need to disable some ESLint rules? Learn more here: https://nextjs.org/docs/basic-features/eslint#disabling-rules
   Collecting page data ...
   Generating static pages (0/69) ...
Time 4.211208
Time 5.921208
   Generating static pages (17/69) 
   Generating static pages (34/69) 
   Generating static pages (51/69) 
 ✓ Generating static pages (69/69)
   Finalizing page optimization ...
   Collecting build traces ...

Route (app)                                                                   Size     First Load JS
┌ ○ /                                                                         2.24 kB         178 kB
├ ○ /_not-found                                                               1.04 kB         163 kB
├ ƒ /[userType]/messages                                                      10 kB           245 kB
├ ƒ /[userType]/notifications                                                 10.2 kB         240 kB
├ ƒ /[userType]/settings                                                      363 B           179 kB
├ ƒ /admin                                                                    363 B           164 kB
├ ƒ /admin/catalog/vendors                                                    318 B           174 kB
├ ƒ /admin/catalog/venues                                                     317 B           174 kB
├ ƒ /admin/claims                                                             362 B           162 kB
├ ƒ /admin/concierge                                                          6.31 kB         175 kB
├ ƒ /admin/failures                                                           361 B           162 kB
├ ƒ /admin/health                                                             361 B           162 kB
├ ƒ /admin/ops                                                                5.34 kB         174 kB
├ ƒ /admin/overrides                                                          361 B           162 kB
├ ƒ /admin/stripe                                                             360 B           162 kB
├ ƒ /admin/tasks                                                              6.77 kB         175 kB
├ ƒ /api/account/settings                                                     0 B                0 B
├ ƒ /api/admin/catalog/vendors                                                0 B                0 B
├ ƒ /api/admin/catalog/venues                                                 0 B                0 B
├ ƒ /api/admin/concierge/actions                                              0 B                0 B
├ ƒ /api/admin/concierge/invites/[id]/override                                0 B                0 B
├ ƒ /api/admin/ops                                                            0 B                0 B
├ ƒ /api/admin/reconcile/captured-deposits                                    0 B                0 B
├ ƒ /api/admin/tasks/[id]                                                     0 B                0 B
├ ƒ /api/ai/agents/run                                                        0 B                0 B
├ ƒ /api/auth/login                                                           0 B                0 B
├ ƒ /api/auth/logout                                                          0 B                0 B
├ ƒ /api/auth/refresh                                                         0 B                0 B
├ ƒ /api/auth/signup                                                          0 B                0 B
├ ƒ /api/auth/user                                                            0 B                0 B
├ ƒ /api/builder/billing/checkout                                             0 B                0 B
├ ƒ /api/builder/billing/status                                               0 B                0 B
├ ƒ /api/builder/events                                                       0 B                0 B
├ ƒ /api/builder/events/[id]                                                  0 B                0 B
├ ƒ /api/builder/events/[id]/tasks                                            0 B                0 B
├ ƒ /api/builder/events/[id]/team                                             0 B                0 B
├ ƒ /api/builder/payouts/summary                                              0 B                0 B
├ ƒ /api/builder/stats                                                        0 B                0 B
├ ƒ /api/builder/stripe/callback                                              0 B                0 B
├ ƒ /api/builder/stripe/connect                                               0 B                0 B
├ ƒ /api/builder/stripe/dashboard                                             0 B                0 B
├ ƒ /api/builder/stripe/refresh                                               0 B                0 B
├ ƒ /api/builder/stripe/status                                                0 B                0 B
├ ƒ /api/builder/subscription/cancel                                          0 B                0 B
├ ƒ /api/builder/subscription/create                                          0 B                0 B
├ ƒ /api/builder/venue-bookings                                               0 B                0 B
├ ƒ /api/cron/settlement-runs/create                                          0 B                0 B
├ ƒ /api/demo/reset                                                           0 B                0 B
├ ƒ /api/errors/log                                                           0 B                0 B
├ ƒ /api/events/[eventId]/financials                                          0 B                0 B
├ ƒ /api/events/[eventId]/upload-checkins                                     0 B                0 B
├ ƒ /api/health                                                               0 B                0 B
├ ƒ /api/integrations/eventbrite/backfill                                     0 B                0 B
├ ƒ /api/integrations/eventbrite/callback                                     0 B                0 B
├ ƒ /api/integrations/eventbrite/connect                                      0 B                0 B
├ ƒ /api/integrations/eventbrite/events                                       0 B                0 B
├ ƒ /api/integrations/eventbrite/import                                       0 B                0 B
├ ƒ /api/integrations/eventbrite/link                                         0 B                0 B
├ ƒ /api/integrations/gmail/account                                           0 B                0 B
├ ƒ /api/integrations/gmail/callback                                          0 B                0 B
├ ƒ /api/integrations/gmail/connect                                           0 B                0 B
├ ƒ /api/integrations/ticketing/connections                                   0 B                0 B
├ ƒ /api/integrations/webhooks/luma                                           0 B                0 B
├ ƒ /api/integrations/webhooks/posh                                           0 B                0 B
├ ƒ /api/integrations/webhooks/setup                                          0 B                0 B
├ ƒ /api/internal/cron/venue-overdue-check                                    0 B                0 B
├ ƒ /api/internal/jobs/live-event-recompute                                   0 B                0 B
├ ƒ /api/internal/jobs/run                                                    0 B                0 B
├ ƒ /api/internal/jobs/venue-website-extraction                               0 B                0 B
├ ƒ /api/invoices/generate                                                    0 B                0 B
├ ƒ /api/jobs/run                                                             0 B                0 B
├ ƒ /api/messages/[threadId]                                                  0 B                0 B
├ ƒ /api/messages/read                                                        0 B                0 B
├ ƒ /api/messages/send                                                        0 B                0 B
├ ƒ /api/messages/threads                                                     0 B                0 B
├ ƒ /api/messages/threads/[threadId]                                          0 B                0 B
├ ƒ /api/messages/threads/[threadId]/read                                     0 B                0 B
├ ƒ /api/messages/threads/create                                              0 B                0 B
├ ƒ /api/messages/typing                                                      0 B                0 B
├ ƒ /api/messages/unread-count                                                0 B                0 B
├ ƒ /api/notifications                                                        0 B                0 B
├ ƒ /api/notifications/mark-all-read                                          0 B                0 B
├ ƒ /api/notifications/preferences                                            0 B                0 B
├ ƒ /api/onboarding/builder                                                   0 B                0 B
├ ƒ /api/onboarding/check                                                     0 B                0 B
├ ƒ /api/onboarding/vendor                                                    0 B                0 B
├ ƒ /api/onboarding/venue                                                     0 B                0 B
├ ƒ /api/opportunities/respond/[token]                                        0 B                0 B
├ ƒ /api/payments/capture                                                     0 B                0 B
├ ƒ /api/payments/confirm                                                     0 B                0 B
├ ƒ /api/payments/create-intent                                               0 B                0 B
├ ƒ /api/payments/history                                                     0 B                0 B
├ ƒ /api/payments/platform-fee                                                0 B                0 B
├ ƒ /api/payments/refund                                                      0 B                0 B
├ ƒ /api/payments/refund/calculate                                            0 B                0 B
├ ƒ /api/payments/refund/process                                              0 B                0 B
├ ƒ /api/payments/vendor                                                      0 B                0 B
├ ƒ /api/planner/analytics                                                    0 B                0 B
├ ƒ /api/planner/builder-attendance                                           0 B                0 B
├ ƒ /api/planner/builder-elasticity                                           0 B                0 B
├ ƒ /api/planner/data-connections/setup                                       0 B                0 B
├ ƒ /api/planner/events/[eventId]/commitments                                 0 B                0 B
├ ƒ /api/planner/events/[eventId]/commitments/[commitmentId]                  0 B                0 B
├ ƒ /api/planner/events/[eventId]/live                                        0 B                0 B
├ ƒ /api/planner/events/[eventId]/receipts                                    0 B                0 B
├ ƒ /api/planner/events/[eventId]/revenue-terms                               0 B                0 B
├ ƒ /api/planner/events/import                                                0 B                0 B
├ ƒ /api/planner/events/import/[importId]/csv                                 0 B                0 B
├ ƒ /api/planner/events/import/[importId]/finalize                            0 B                0 B
├ ƒ /api/planner/events/import/[importId]/screenshot                          0 B                0 B
├ ƒ /api/planner/integrations/posh                                            0 B                0 B
├ ƒ /api/planner/outreach/gmail-approval                                      0 B                0 B
├ ƒ /api/planner/outreach/gmail-approval/threads/[threadId]/modify            0 B                0 B
├ ƒ /api/planner/outreach/gmail-approval/threads/[threadId]/sync              0 B                0 B
├ ƒ /api/planner/payments/venue-rentals/summary                               0 B                0 B
├ ƒ /api/planner/plans                                                        0 B                0 B
├ ƒ /api/planner/plans/[planId]                                               0 B                0 B
├ ƒ /api/planner/plans/[planId]/activity                                      0 B                0 B
├ ƒ /api/planner/plans/[planId]/agent-actions                                 0 B                0 B
├ ƒ /api/planner/plans/[planId]/approvals                                     0 B                0 B
├ ƒ /api/planner/plans/[planId]/budget                                        0 B                0 B
├ ƒ /api/planner/plans/[planId]/custom-costs                                  0 B                0 B
├ ƒ /api/planner/plans/[planId]/event-report                                  0 B                0 B
├ ƒ /api/planner/plans/[planId]/messages                                      0 B                0 B
├ ƒ /api/planner/plans/[planId]/mobile-home                                   0 B                0 B
├ ƒ /api/planner/plans/[planId]/opportunities                                 0 B                0 B
├ ƒ /api/planner/plans/[planId]/opportunities/vendors                         0 B                0 B
├ ƒ /api/planner/plans/[planId]/opportunities/venues                          0 B                0 B
├ ƒ /api/planner/plans/[planId]/partnerships                                  0 B                0 B
├ ƒ /api/planner/plans/[planId]/payments/authorize                            0 B                0 B
├ ƒ /api/planner/plans/[planId]/recommend                                     0 B                0 B
├ ƒ /api/planner/plans/[planId]/recommendations                               0 B                0 B
├ ƒ /api/planner/plans/[planId]/refund-decision                               0 B                0 B
├ ƒ /api/planner/plans/[planId]/trigger-recommendations                       0 B                0 B
├ ƒ /api/planner/plans/[planId]/vendors/[vendorId]/rate                       0 B                0 B
├ ƒ /api/planner/plans/[planId]/venue-payment/[transactionId]/refund-request  0 B                0 B
├ ƒ /api/planner/plans/[planId]/venue-payment/checkout                        0 B                0 B
├ ƒ /api/planner/post-event/report                                            0 B                0 B
├ ƒ /api/planner/public-intake                                                0 B                0 B
├ ƒ /api/planner/settlement-runs/[runId]/attendance                           0 B                0 B
├ ƒ /api/planner/settlement-runs/[runId]/review                               0 B                0 B
├ ƒ /api/planner/templates                                                    0 B                0 B
├ ƒ /api/planner/templates/[id]/apply                                         0 B                0 B
├ ƒ /api/planner/ticketing/analytics                                          0 B                0 B
├ ƒ /api/vendor/analytics                                                     0 B                0 B
├ ƒ /api/vendor/availability                                                  0 B                0 B
├ ƒ /api/vendor/availability/[id]                                             0 B                0 B
├ ƒ /api/vendor/blocks                                                        0 B                0 B
├ ƒ /api/vendor/blocks/[id]                                                   0 B                0 B
├ ƒ /api/vendor/bookings                                                      0 B                0 B
├ ƒ /api/vendor/bookings/[id]                                                 0 B                0 B
├ ƒ /api/vendor/bookings/[id]/approve                                         0 B                0 B
├ ƒ /api/vendor/bookings/[id]/details                                         0 B                0 B
├ ƒ /api/vendor/bookings/[id]/reject                                          0 B                0 B
├ ƒ /api/vendor/claim                                                         0 B                0 B
├ ƒ /api/vendor/conflicts                                                     0 B                0 B
├ ƒ /api/vendor/deposit                                                       0 B                0 B
├ ƒ /api/vendor/invoices                                                      0 B                0 B
├ ƒ /api/vendor/invoices/[id]                                                 0 B                0 B
├ ƒ /api/vendor/invoices/[id]/pdf                                             0 B                0 B
├ ƒ /api/vendor/invoices/[id]/send                                            0 B                0 B
├ ƒ /api/vendor/payouts/summary                                               0 B                0 B
├ ƒ /api/vendor/reviews                                                       0 B                0 B
├ ƒ /api/vendor/reviews/[id]/respond                                          0 B                0 B
├ ƒ /api/vendor/services                                                      0 B                0 B
├ ƒ /api/vendor/services/[id]                                                 0 B                0 B
├ ƒ /api/vendor/services/[id]/photos                                          0 B                0 B
├ ƒ /api/vendor/stats                                                         0 B                0 B
├ ƒ /api/vendor/stripe/callback                                               0 B                0 B
├ ƒ /api/vendor/stripe/connect                                                0 B                0 B
├ ƒ /api/vendor/stripe/dashboard                                              0 B                0 B
├ ƒ /api/vendor/stripe/refresh                                                0 B                0 B
├ ƒ /api/vendor/stripe/status                                                 0 B                0 B
├ ƒ /api/vendors                                                              0 B                0 B
├ ƒ /api/vendors/[id]                                                         0 B                0 B
├ ƒ /api/vendors/featured                                                     0 B                0 B
├ ƒ /api/vendors/search                                                       0 B                0 B
├ ƒ /api/venue/amenities                                                      0 B                0 B
├ ƒ /api/venue/availability                                                   0 B                0 B
├ ƒ /api/venue/blocks                                                         0 B                0 B
├ ƒ /api/venue/blocks/[id]                                                    0 B                0 B
├ ƒ /api/venue/bookings/[id]                                                  0 B                0 B
├ ƒ /api/venue/bulk-approval/approve                                          0 B                0 B
├ ƒ /api/venue/bulk-approval/pending                                          0 B                0 B
├ ƒ /api/venue/bulk-approval/reject                                           0 B                0 B
├ ƒ /api/venue/bulk-approval/settings                                         0 B                0 B
├ ƒ /api/venue/community-host-incentive/[id]/checkout                         0 B                0 B
├ ƒ /api/venue/community-host-incentive/[id]/refund-request                   0 B                0 B
├ ƒ /api/venue/community-host-incentive/[id]/spend-report                     0 B                0 B
├ ƒ /api/venue/community-host-incentive/summary                               0 B                0 B
├ ƒ /api/venue/deposit                                                        0 B                0 B
├ ƒ /api/venue/kickbacks/[id]/checkout                                        0 B                0 B
├ ƒ /api/venue/kickbacks/[id]/refund-request                                  0 B                0 B
├ ƒ /api/venue/kickbacks/[id]/spend-report                                    0 B                0 B
├ ƒ /api/venue/kickbacks/summary                                              0 B                0 B
├ ƒ /api/venue/rentals/[transactionId]/refund-decision                        0 B                0 B
├ ƒ /api/venue/rentals/summary                                                0 B                0 B
├ ƒ /api/venue/requests                                                       0 B                0 B
├ ƒ /api/venue/rules                                                          0 B                0 B
├ ƒ /api/venue/stats                                                          0 B                0 B
├ ƒ /api/venue/stripe/callback                                                0 B                0 B
├ ƒ /api/venue/stripe/connect                                                 0 B                0 B
├ ƒ /api/venue/stripe/dashboard                                               0 B                0 B
├ ƒ /api/venue/stripe/refresh                                                 0 B                0 B
├ ƒ /api/venue/stripe/status                                                  0 B                0 B
├ ƒ /api/venue/unique-features                                                0 B                0 B
├ ƒ /api/venues                                                               0 B                0 B
├ ƒ /api/venues/search                                                        0 B                0 B
├ ƒ /api/webhooks/eventbrite                                                  0 B                0 B
├ ƒ /api/webhooks/luma                                                        0 B                0 B
├ ƒ /api/webhooks/partiful                                                    0 B                0 B
├ ƒ /api/webhooks/posh                                                        0 B                0 B
├ ƒ /api/webhooks/stripe                                                      0 B                0 B
├ ƒ /api/webhooks/stripe/connect                                              0 B                0 B
├ ƒ /auth/callback                                                            0 B                0 B
├ ○ /faq                                                                      362 B           164 kB
├ ƒ /login                                                                    361 B           162 kB
├ ƒ /login/[portal]                                                           7.95 kB         262 kB
├ ƒ /onboarding                                                               6.24 kB         211 kB
├ ○ /planner                                                                  518 B           258 kB
├ ○ /planner/analytics                                                        10.3 kB         191 kB
├ ○ /planner/billing                                                          6.69 kB         175 kB
├ ƒ /planner/events/[eventId]/costs                                           7.22 kB         176 kB
├ ƒ /planner/events/[eventId]/live                                            8.79 kB         231 kB
├ ƒ /planner/events/[eventId]/report                                          363 B           164 kB
├ ƒ /planner/events/[eventId]/revenue-terms                                   6.25 kB         175 kB
├ ƒ /planner/events/import                                                    8.45 kB         177 kB
├ ƒ /planner/experiences                                                      2.13 kB         173 kB
├ ƒ /planner/integrations/eventbrite                                          1.93 kB         176 kB
├ ƒ /planner/integrations/posh                                                5.93 kB         174 kB
├ ○ /planner/messages                                                         9.98 kB         245 kB
├ ○ /planner/new-plan                                                         517 B           258 kB
├ ○ /planner/outreach                                                         6.55 kB         177 kB
├ ○ /planner/payments                                                         8.42 kB         179 kB
├ ○ /planner/settings                                                         1.02 kB         182 kB
├ ○ /planner/settings/integrations                                            4.31 kB         175 kB
├ ƒ /planner/settlements                                                      4.17 kB         173 kB
├ ○ /planner/templates                                                        7.83 kB         176 kB
├ ○ /planner/tickets                                                          1.09 kB         190 kB
├ ○ /planner/vendors                                                          8.66 kB         201 kB
├ ƒ /planner/vendors/[vendorId]                                               5.93 kB         246 kB
├ ○ /planner/vendors/marketplace                                              4.83 kB         245 kB
├ ○ /planner/venues                                                           5.26 kB         198 kB
├ ƒ /planner/venues/[venueId]                                                 12.6 kB         273 kB
├ ○ /planner/venues/marketplace                                               7.88 kB         246 kB
├ ○ /pricing                                                                  362 B           164 kB
├ ○ /privacy                                                                  362 B           162 kB
├ ○ /robots.txt                                                               0 B                0 B
├ ƒ /signup                                                                   330 B           244 kB
├ ƒ /signup/[portal]                                                          331 B           244 kB
├ ƒ /sitemap.xml                                                              0 B                0 B
├ ○ /terms                                                                    362 B           162 kB
├ ƒ /v/respond/[token]                                                        8.33 kB         186 kB
├ ƒ /vendor                                                                   3.85 kB         189 kB
├ ƒ /vendor/analytics                                                         7.37 kB         176 kB
├ ƒ /vendor/bookings                                                          9.32 kB         239 kB
├ ƒ /vendor/calendar                                                          5.11 kB         235 kB
├ ƒ /vendor/claim                                                             7.2 kB          178 kB
├ ƒ /vendor/claim-pending                                                     361 B           162 kB
├ ƒ /vendor/payouts                                                           5.58 kB         178 kB
├ ƒ /vendor/pricing                                                           8.74 kB         269 kB
├ ƒ /vendor/requests                                                          362 B           162 kB
├ ƒ /vendor/services                                                          14.7 kB         272 kB
├ ƒ /venue                                                                    3.56 kB         189 kB
├ ƒ /venue/calendar                                                           7.83 kB         245 kB
├ ƒ /venue/claim-pending                                                      361 B           162 kB
├ ƒ /venue/confirmed                                                          6.94 kB         237 kB
├ ƒ /venue/listing                                                            10.4 kB         276 kB
├ ƒ /venue/payouts                                                            12.8 kB         185 kB
├ ƒ /venue/pricing                                                            6.54 kB         268 kB
├ ƒ /venue/requests                                                           2.79 kB         250 kB
├ ƒ /venue/requirements                                                       5.92 kB         244 kB
├ ƒ /venue/settings                                                           361 B           179 kB
├ ƒ /venue/settings/amenities                                                 2.57 kB         241 kB
├ ƒ /venue/settings/bulk-approval                                             907 B           241 kB
├ ƒ /venue/settings/deposits                                                  846 B           240 kB
├ ƒ /venue/settings/rules                                                     1.01 kB         240 kB
└ ƒ /venue/settings/unique-features                                           2.82 kB         239 kB
+ First Load JS shared by all                                                 161 kB
  ├ chunks/1357-1ac70184da8be5d9.js                                           104 kB
  ├ chunks/fd9d1056-ee173974bf11bf66.js                                       53.8 kB
  └ other shared chunks (total)                                               3.81 kB


ƒ Middleware                                                                  137 kB

○  (Static)   prerendered as static content
ƒ  (Dynamic)  server-rendered on demand

