
> 3rdspace-webapp@0.1.0 build
> next build

  ▲ Next.js 14.2.35
  - Environments: .env.local
  - Experiments (use with caution):
    · optimizeCss
    · instrumentationHook

   Creating an optimized production build ...
[@sentry/nextjs] DEPRECATION WARNING: It is recommended renaming your `sentry.client.config.ts` file, or moving its content to `instrumentation-client.ts`. When using Turbopack `sentry.client.config.ts` will no longer work. Read more about the `instrumentation-client.ts` file: https://nextjs.org/docs/app/api-reference/file-conventions/instrumentation-client
[@sentry/nextjs - Node.js] Info: Sending telemetry data on issues and performance to Sentry. To disable telemetry, set `options.telemetry` to `false`.
(node:49984) [DEP0040] DeprecationWarning: The `punycode` module is deprecated. Please use a userland alternative instead.
(Use `node --trace-deprecation ...` to show where the warning was created)
> Found 728 files
> Analyzing 728 sources
> Analyzing completed in 0.041s
> Adding source map references
> Bundling completed in 1.326s
> Bundled 728 files for upload
> Bundle ID: 066f6002-1fbe-560c-867d-e8111da565a0
> Optimizing completed in 0.032s
> Uploading completed in 1.326s
> Uploaded files to Sentry
> Processing completed in 0.165s
> File upload complete (processing pending on server)
> Organization: 3rdplace
> Projects: 3rdplace-web
> Release: 3764f9ae701d21052a9105213ce86753beb8b813
> Dist: None
> Upload type: artifact bundle

Source Map Upload Report
  Scripts
    ~/00fef2cc-8d6a-4fd6-8622-6096e3e58850-274.js (sourcemap at route.js.map, debug id 00fef2cc-8d6a-4fd6-8622-6096e3e58850)
    ~/014a5ef1-b81a-4325-a181-235800121e89-113.js (sourcemap at route.js.map, debug id 014a5ef1-b81a-4325-a181-235800121e89)
    ~/02334c7a-a64c-4c7f-841c-97350477db52-40.js (sourcemap at page.js.map, debug id 02334c7a-a64c-4c7f-841c-97350477db52)
    ~/03152a1f-7c0c-4938-aebe-8cf30e657cc5-90.js (sourcemap at route.js.map, debug id 03152a1f-7c0c-4938-aebe-8cf30e657cc5)
    ~/033a7f40-0e29-49af-b752-8ce6ba00a49d-189.js (sourcemap at route.js.map, debug id 033a7f40-0e29-49af-b752-8ce6ba00a49d)
    ~/0348e70c-72f1-4568-a0ab-f1424a5ae3ca-79.js (sourcemap at route.js.map, debug id 0348e70c-72f1-4568-a0ab-f1424a5ae3ca)
    ~/03540274-275f-4dbf-9c5c-96eeb181c97e-118.js (sourcemap at route.js.map, debug id 03540274-275f-4dbf-9c5c-96eeb181c97e)
    ~/039c8851-32a5-4786-89a6-7928543904f1-262.js (sourcemap at route.js.map, debug id 039c8851-32a5-4786-89a6-7928543904f1)
    ~/043de10e-7de7-4784-88d5-c4f755b57254-137.js (sourcemap at route.js.map, debug id 043de10e-7de7-4784-88d5-c4f755b57254)
    ~/04900941-e0bd-420d-9709-5fddf3c26bf0-193.js (sourcemap at route.js.map, debug id 04900941-e0bd-420d-9709-5fddf3c26bf0)
    ~/055190bc-b6a5-46ee-b81e-830688b032ef-363.js (sourcemap at _error.js.map, debug id 055190bc-b6a5-46ee-b81e-830688b032ef)
    ~/0567ac89-2d66-4409-9ee0-b03365706ee2-50.js (sourcemap at page.js.map, debug id 0567ac89-2d66-4409-9ee0-b03365706ee2)
    ~/05b89435-a636-4b61-b7bd-db8c62e6a014-280.js (sourcemap at page.js.map, debug id 05b89435-a636-4b61-b7bd-db8c62e6a014)
    ~/09bc7e4b-3f4d-4b03-a775-23cafef6ea87-53.js (sourcemap at page.js.map, debug id 09bc7e4b-3f4d-4b03-a775-23cafef6ea87)
    ~/0a604b62-ba6f-4008-a6f4-18c1c61623e5-107.js (sourcemap at route.js.map, debug id 0a604b62-ba6f-4008-a6f4-18c1c61623e5)
    ~/0ae4de22-e831-40b2-8e0c-2dafb1c4cb88-318.js (sourcemap at 5145.js.map, debug id 0ae4de22-e831-40b2-8e0c-2dafb1c4cb88)
    ~/0bd34927-dfc0-4cd2-97bf-02f5be5353e8-73.js (sourcemap at page.js.map, debug id 0bd34927-dfc0-4cd2-97bf-02f5be5353e8)
    ~/0d23dc9d-09b6-422f-9479-f1377db3f380-299.js (sourcemap at 2941.js.map, debug id 0d23dc9d-09b6-422f-9479-f1377db3f380)
    ~/0d2fd4b9-5d17-40a6-9f30-11b054a8421b-143.js (sourcemap at route.js.map, debug id 0d2fd4b9-5d17-40a6-9f30-11b054a8421b)
    ~/0d78d6f6-d507-4329-8e4d-835e6bf017a4-231.js (sourcemap at route.js.map, debug id 0d78d6f6-d507-4329-8e4d-835e6bf017a4)
    ~/0ead4931-7e2a-4ba9-8435-447d0e3505cd-358.js (sourcemap at 966.js.map, debug id 0ead4931-7e2a-4ba9-8435-447d0e3505cd)
    ~/10396008-75b3-4702-ade1-fc2b2c8ff050-247.js (sourcemap at route.js.map, debug id 10396008-75b3-4702-ade1-fc2b2c8ff050)
    ~/104823ad-188e-4e78-a978-41ae3ae750f1-158.js (sourcemap at route.js.map, debug id 104823ad-188e-4e78-a978-41ae3ae750f1)
    ~/10abe463-620a-40fb-8d07-d4b559a1e380-119.js (sourcemap at route.js.map, debug id 10abe463-620a-40fb-8d07-d4b559a1e380)
    ~/119498e1-9960-44a4-8b99-9d59d5f77a74-89.js (sourcemap at route.js.map, debug id 119498e1-9960-44a4-8b99-9d59d5f77a74)
    ~/1275ac20-2d75-4043-93f7-126256d2089f-323.js (sourcemap at 6077.js.map, debug id 1275ac20-2d75-4043-93f7-126256d2089f)
    ~/1381c4f0-c506-47ea-b978-fab284d3c5c4-154.js (sourcemap at route.js.map, debug id 1381c4f0-c506-47ea-b978-fab284d3c5c4)
    ~/13ac03f4-5917-4834-bda1-84434da442c8-201.js (sourcemap at route.js.map, debug id 13ac03f4-5917-4834-bda1-84434da442c8)
    ~/14027e4a-d686-49f3-8e46-bd261632c191-261.js (sourcemap at route.js.map, debug id 14027e4a-d686-49f3-8e46-bd261632c191)
    ~/148ecd83-f2ce-4199-8366-494dba38645c-131.js (sourcemap at route.js.map, debug id 148ecd83-f2ce-4199-8366-494dba38645c)
    ~/1516758b-a6d5-4c30-800e-9c9c9bf55513-14.js (sourcemap at page.js.map, debug id 1516758b-a6d5-4c30-800e-9c9c9bf55513)
    ~/15f4e6fe-6d67-4f32-b5e8-67802e4890ae-31.js (sourcemap at page.js.map, debug id 15f4e6fe-6d67-4f32-b5e8-67802e4890ae)
    ~/1636375a-906b-4686-8f0b-61559c7a1358-190.js (sourcemap at route.js.map, debug id 1636375a-906b-4686-8f0b-61559c7a1358)
    ~/16dae314-e0eb-4c38-9712-c7bb496b2c13-55.js (sourcemap at page.js.map, debug id 16dae314-e0eb-4c38-9712-c7bb496b2c13)
    ~/1761f397-74e8-4c69-bb07-18846721edab-319.js (sourcemap at 5363.js.map, debug id 1761f397-74e8-4c69-bb07-18846721edab)
    ~/17d4337b-aa06-42b0-bd41-ec9b9847c89d-191.js (sourcemap at route.js.map, debug id 17d4337b-aa06-42b0-bd41-ec9b9847c89d)
    ~/1935573b-2e8f-45f7-980a-44593afc6a5f-104.js (sourcemap at route.js.map, debug id 1935573b-2e8f-45f7-980a-44593afc6a5f)
    ~/19fead33-0141-4b57-ae2b-5030c35ed32b-309.js (sourcemap at 4407.js.map, debug id 19fead33-0141-4b57-ae2b-5030c35ed32b)
    ~/1a471575-30c1-4df6-9a85-ae2dc8dce5ba-86.js (sourcemap at route.js.map, debug id 1a471575-30c1-4df6-9a85-ae2dc8dce5ba)
    ~/1aad42cd-3c20-4e78-8c00-d277bc510e6c-106.js (sourcemap at route.js.map, debug id 1aad42cd-3c20-4e78-8c00-d277bc510e6c)
    ~/1b0d14e8-8fa8-445d-a3ff-4ba7c5acd29f-67.js (sourcemap at page.js.map, debug id 1b0d14e8-8fa8-445d-a3ff-4ba7c5acd29f)
    ~/1b8546c0-eec7-437b-92be-30595646fc50-221.js (sourcemap at route.js.map, debug id 1b8546c0-eec7-437b-92be-30595646fc50)
    ~/1ba10b4f-1385-4e46-b750-462cffaa90be-311.js (sourcemap at 4438.js.map, debug id 1ba10b4f-1385-4e46-b750-462cffaa90be)
    ~/1bffedb0-84a6-4377-a782-a564ccdeca3c-246.js (sourcemap at route.js.map, debug id 1bffedb0-84a6-4377-a782-a564ccdeca3c)
    ~/1c732a6f-770e-40ec-aa02-b82a0402f777-222.js (sourcemap at route.js.map, debug id 1c732a6f-770e-40ec-aa02-b82a0402f777)
    ~/1e28a685-0dad-47c1-8bd9-94526c1964ae-308.js (sourcemap at 4345.js.map, debug id 1e28a685-0dad-47c1-8bd9-94526c1964ae)
    ~/1e47eb2a-4958-4eb0-ba80-3e75df5a5254-194.js (sourcemap at route.js.map, debug id 1e47eb2a-4958-4eb0-ba80-3e75df5a5254)
    ~/1f049c8b-2d52-4a07-a916-4820acd8eaaa-110.js (sourcemap at route.js.map, debug id 1f049c8b-2d52-4a07-a916-4820acd8eaaa)
    ~/1f605894-91ce-47c4-a65c-a253751f085e-122.js (sourcemap at route.js.map, debug id 1f605894-91ce-47c4-a65c-a253751f085e)
    ~/1fcb6db4-d406-43db-952e-e4f8c819236f-272.js (sourcemap at route.js.map, debug id 1fcb6db4-d406-43db-952e-e4f8c819236f)
    ~/2037cb72-3db0-4576-a915-0dd423ab073b-51.js (sourcemap at page.js.map, debug id 2037cb72-3db0-4576-a915-0dd423ab073b)
    ~/20f3edd8-c7cd-4112-81f3-c3e8e386d83a-92.js (sourcemap at route.js.map, debug id 20f3edd8-c7cd-4112-81f3-c3e8e386d83a)
    ~/20fdee33-55e8-4a7d-9475-d8963287b318-252.js (sourcemap at route.js.map, debug id 20fdee33-55e8-4a7d-9475-d8963287b318)
    ~/21260f3c-11dd-4339-9801-e4a2e3efdb67-69.js (sourcemap at page.js.map, debug id 21260f3c-11dd-4339-9801-e4a2e3efdb67)
    ~/21f4bc6b-f57f-4640-92dd-d858eb5ab01a-183.js (sourcemap at route.js.map, debug id 21f4bc6b-f57f-4640-92dd-d858eb5ab01a)
    ~/2292efa4-d6fe-4bab-92b7-f26665410237-142.js (sourcemap at route.js.map, debug id 2292efa4-d6fe-4bab-92b7-f26665410237)
    ~/233c3291-eb24-409f-8e81-716899e649b3-24.js (sourcemap at page.js.map, debug id 233c3291-eb24-409f-8e81-716899e649b3)
    ~/25303238-9031-47f1-86f5-1d2b5349aa3d-359.js (sourcemap at 9996.js.map, debug id 25303238-9031-47f1-86f5-1d2b5349aa3d)
    ~/2654a945-7102-4e37-aaee-b96b79bbcbac-159.js (sourcemap at route.js.map, debug id 2654a945-7102-4e37-aaee-b96b79bbcbac)
    ~/27323fbc-323b-4ba6-bb6e-8258f155eb1a-295.js (sourcemap at 2459.js.map, debug id 27323fbc-323b-4ba6-bb6e-8258f155eb1a)
    ~/2771f845-3247-4a30-bfdf-2a29e80970c5-208.js (sourcemap at route.js.map, debug id 2771f845-3247-4a30-bfdf-2a29e80970c5)
    ~/28ac6c9a-cfa2-4e91-8d55-bdae4e796408-42.js (sourcemap at page.js.map, debug id 28ac6c9a-cfa2-4e91-8d55-bdae4e796408)
    ~/291ca21e-373b-4a08-9bf5-46934a47c50e-233.js (sourcemap at route.js.map, debug id 291ca21e-373b-4a08-9bf5-46934a47c50e)
    ~/2a0a1edc-f298-4f4c-be6b-e7d37e7eade4-306.js (sourcemap at 3611.js.map, debug id 2a0a1edc-f298-4f4c-be6b-e7d37e7eade4)
    ~/2bc5c803-f3ab-49ab-90bc-c1f9c29a6049-197.js (sourcemap at route.js.map, debug id 2bc5c803-f3ab-49ab-90bc-c1f9c29a6049)
    ~/2c741cce-a1c6-4c35-a375-989254eec5a1-228.js (sourcemap at route.js.map, debug id 2c741cce-a1c6-4c35-a375-989254eec5a1)
    ~/2cd8826d-3bc8-482e-ac99-72578ed6fbd8-176.js (sourcemap at route.js.map, debug id 2cd8826d-3bc8-482e-ac99-72578ed6fbd8)
    ~/2d4d2ce6-ee4a-4009-b8cd-b2871613e61a-349.js (sourcemap at 8612.js.map, debug id 2d4d2ce6-ee4a-4009-b8cd-b2871613e61a)
    ~/2e4ca229-2cc9-4ecd-9f48-5dfcb675a926-283.js (sourcemap at 1164.js.map, debug id 2e4ca229-2cc9-4ecd-9f48-5dfcb675a926)
    ~/2e67b714-0963-4c53-889e-27ee2a5ecdb2-22.js (sourcemap at page.js.map, debug id 2e67b714-0963-4c53-889e-27ee2a5ecdb2)
    ~/2f7c0d96-66d9-4bf7-9cf3-9721f8cab3c5-316.js (sourcemap at 4894.js.map, debug id 2f7c0d96-66d9-4bf7-9cf3-9721f8cab3c5)
    ~/31eb2dfe-dc02-4963-b8c2-131de0968117-63.js (sourcemap at page.js.map, debug id 31eb2dfe-dc02-4963-b8c2-131de0968117)
    ~/32f3e6c8-f0e0-4f30-9dfc-e540f7ec71b2-242.js (sourcemap at route.js.map, debug id 32f3e6c8-f0e0-4f30-9dfc-e540f7ec71b2)
    ~/32f79332-d0ca-4701-89c7-061b97413a18-102.js (sourcemap at route.js.map, debug id 32f79332-d0ca-4701-89c7-061b97413a18)
    ~/331b2328-a7a2-4ccb-a71f-ef43f0a4d97f-244.js (sourcemap at route.js.map, debug id 331b2328-a7a2-4ccb-a71f-ef43f0a4d97f)
    ~/33b44b9f-20ae-4c16-91a7-d906d33653a8-248.js (sourcemap at route.js.map, debug id 33b44b9f-20ae-4c16-91a7-d906d33653a8)
    ~/3463f8ef-0ef8-4d7d-999d-474bbe4ad67b-178.js (sourcemap at route.js.map, debug id 3463f8ef-0ef8-4d7d-999d-474bbe4ad67b)
    ~/34c8c086-c997-44de-9a4a-fe8c219464d6-211.js (sourcemap at route.js.map, debug id 34c8c086-c997-44de-9a4a-fe8c219464d6)
    ~/370dee24-4554-483e-843a-03c0048f7b79-109.js (sourcemap at route.js.map, debug id 370dee24-4554-483e-843a-03c0048f7b79)
    ~/37bc50e7-def4-498b-9977-b225bbf69a56-344.js (sourcemap at 821.js.map, debug id 37bc50e7-def4-498b-9977-b225bbf69a56)
    ~/383f1b58-cc38-494d-8b38-10811b58390b-324.js (sourcemap at 6157.js.map, debug id 383f1b58-cc38-494d-8b38-10811b58390b)
    ~/388b7b2e-c542-4bcd-94a4-e31776b52241-170.js (sourcemap at route.js.map, debug id 388b7b2e-c542-4bcd-94a4-e31776b52241)
    ~/3890c6ad-e79b-4249-920c-9dee06e97923-350.js (sourcemap at 8673.js.map, debug id 3890c6ad-e79b-4249-920c-9dee06e97923)
    ~/38b0802d-3de0-4f38-acfe-4e234a629f27-151.js (sourcemap at route.js.map, debug id 38b0802d-3de0-4f38-acfe-4e234a629f27)
    ~/39c19af4-af31-40ad-bb46-bb950f65d4b8-270.js (sourcemap at route.js.map, debug id 39c19af4-af31-40ad-bb46-bb950f65d4b8)
    ~/3adacbb1-d97d-4c99-9024-e87e5564fd25-15.js (sourcemap at page.js.map, debug id 3adacbb1-d97d-4c99-9024-e87e5564fd25)
    ~/3ae64a8d-d387-4283-8788-036e853ade85-71.js (sourcemap at page.js.map, debug id 3ae64a8d-d387-4283-8788-036e853ade85)
    ~/3c4257cc-22a9-4d15-941e-3aebe5d015bc-103.js (sourcemap at route.js.map, debug id 3c4257cc-22a9-4d15-941e-3aebe5d015bc)
    ~/3cf11751-f834-4361-96d7-cbd02ac29685-291.js (sourcemap at 2275.js.map, debug id 3cf11751-f834-4361-96d7-cbd02ac29685)
    ~/3e2205fb-e0c5-459d-a4ac-6ece154b4267-180.js (sourcemap at route.js.map, debug id 3e2205fb-e0c5-459d-a4ac-6ece154b4267)
    ~/3e2de692-0fea-4a39-98d9-8a48b3ee777c-3.js (sourcemap at page.js.map, debug id 3e2de692-0fea-4a39-98d9-8a48b3ee777c)
    ~/4018eddc-379d-4275-a390-ea61a33c7819-45.js (sourcemap at page.js.map, debug id 4018eddc-379d-4275-a390-ea61a33c7819)
    ~/419d3db4-b64e-4e20-9f0b-ff1b203a1a7c-259.js (sourcemap at route.js.map, debug id 419d3db4-b64e-4e20-9f0b-ff1b203a1a7c)
    ~/41a3cd13-4935-42e4-86ce-05e91f69892b-160.js (sourcemap at route.js.map, debug id 41a3cd13-4935-42e4-86ce-05e91f69892b)
    ~/4267b101-04b0-4e85-89d4-16f0f901d657-333.js (sourcemap at 7167.js.map, debug id 4267b101-04b0-4e85-89d4-16f0f901d657)
    ~/43efd33c-aedb-4781-9857-109e8f784825-328.js (sourcemap at 6621.js.map, debug id 43efd33c-aedb-4781-9857-109e8f784825)
    ~/442868ab-b64a-4b88-b89f-744dacbbf576-25.js (sourcemap at page.js.map, debug id 442868ab-b64a-4b88-b89f-744dacbbf576)
    ~/44afb42d-655c-4a0b-b668-3b3176d3bd84-169.js (sourcemap at route.js.map, debug id 44afb42d-655c-4a0b-b668-3b3176d3bd84)
    ~/44f3d4bf-1883-47c4-b131-62725c0fd317-10.js (sourcemap at page.js.map, debug id 44f3d4bf-1883-47c4-b131-62725c0fd317)
    ~/44fcb2a8-f7fe-4eba-9848-5d728c53fe22-214.js (sourcemap at route.js.map, debug id 44fcb2a8-f7fe-4eba-9848-5d728c53fe22)
    ~/45787c12-07d1-4e66-a070-672a69b67de2-177.js (sourcemap at route.js.map, debug id 45787c12-07d1-4e66-a070-672a69b67de2)
    ~/4794ce10-b1df-453b-9052-402373ab35d4-185.js (sourcemap at route.js.map, debug id 4794ce10-b1df-453b-9052-402373ab35d4)
    ~/47cb4ccc-39ed-4a09-a26f-1af82f9a970c-84.js (sourcemap at route.js.map, debug id 47cb4ccc-39ed-4a09-a26f-1af82f9a970c)
    ~/481bc71b-1111-4f51-a3f9-683531b0a249-78.js (sourcemap at route.js.map, debug id 481bc71b-1111-4f51-a3f9-683531b0a249)
    ~/485dda34-595b-4275-b7ab-30827f47ac30-87.js (sourcemap at route.js.map, debug id 485dda34-595b-4275-b7ab-30827f47ac30)
    ~/48698c12-0f69-4376-bd69-c5c5a68c8570-23.js (sourcemap at page.js.map, debug id 48698c12-0f69-4376-bd69-c5c5a68c8570)
    ~/4882d648-15eb-42ac-9fd9-dd7b0c8d98fa-263.js (sourcemap at route.js.map, debug id 4882d648-15eb-42ac-9fd9-dd7b0c8d98fa)
    ~/493002a2-4961-4be1-9b9a-4e20d1e00399-60.js (sourcemap at page.js.map, debug id 493002a2-4961-4be1-9b9a-4e20d1e00399)
    ~/4972eed8-e136-4c65-8a03-aafe3e407a29-173.js (sourcemap at route.js.map, debug id 4972eed8-e136-4c65-8a03-aafe3e407a29)
    ~/4a6c5df5-6640-48c9-978c-0573ca523cdc-289.js (sourcemap at 1697.js.map, debug id 4a6c5df5-6640-48c9-978c-0573ca523cdc)
    ~/4b3bccc6-9631-4101-92a7-515f05d9081e-8.js (sourcemap at page.js.map, debug id 4b3bccc6-9631-4101-92a7-515f05d9081e)
    ~/4d3dd332-24a0-4f1d-9acf-2597e51bd53d-88.js (sourcemap at route.js.map, debug id 4d3dd332-24a0-4f1d-9acf-2597e51bd53d)
    ~/4daf330b-7dc9-4ba6-8685-b04b3771c7d8-5.js (sourcemap at page.js.map, debug id 4daf330b-7dc9-4ba6-8685-b04b3771c7d8)
    ~/4dd483ad-025b-4be8-8193-f87c61ab6696-65.js (sourcemap at page.js.map, debug id 4dd483ad-025b-4be8-8193-f87c61ab6696)
    ~/4de65d38-c8e4-422e-8d0f-fcf137648fb5-175.js (sourcemap at route.js.map, debug id 4de65d38-c8e4-422e-8d0f-fcf137648fb5)
    ~/4e812855-f3b3-47e6-a933-0e6c38ce93e5-129.js (sourcemap at route.js.map, debug id 4e812855-f3b3-47e6-a933-0e6c38ce93e5)
    ~/500acae0-e868-4015-8c26-5bc2510eaaaa-355.js (sourcemap at 9184.js.map, debug id 500acae0-e868-4015-8c26-5bc2510eaaaa)
    ~/508da676-8254-4d17-a0c2-0b010e92c9ad-341.js (sourcemap at 7969.js.map, debug id 508da676-8254-4d17-a0c2-0b010e92c9ad)
    ~/50ce1ce2-aecb-49bf-a476-20551acc0b7c-330.js (sourcemap at 7037.js.map, debug id 50ce1ce2-aecb-49bf-a476-20551acc0b7c)
    ~/50f00823-5fda-4648-a131-293d4d9007db-133.js (sourcemap at route.js.map, debug id 50f00823-5fda-4648-a131-293d4d9007db)
    ~/51e80996-1da4-4151-b7c0-28a38316e497-56.js (sourcemap at page.js.map, debug id 51e80996-1da4-4151-b7c0-28a38316e497)
    ~/533a4e11-2bed-4c91-867c-128422c1f50a-161.js (sourcemap at route.js.map, debug id 533a4e11-2bed-4c91-867c-128422c1f50a)
    ~/53fe6be0-fb1d-4337-bb45-df95fb54e9fb-336.js (sourcemap at 7386.js.map, debug id 53fe6be0-fb1d-4337-bb45-df95fb54e9fb)
    ~/54ad8260-6741-4fb4-9489-801d82fdbd66-334.js (sourcemap at 7192.js.map, debug id 54ad8260-6741-4fb4-9489-801d82fdbd66)
    ~/55fdfafe-1920-48f5-ab6b-6dc56b769afc-210.js (sourcemap at route.js.map, debug id 55fdfafe-1920-48f5-ab6b-6dc56b769afc)
    ~/572513fe-a0ee-4c28-aa58-dead8c81e6c8-34.js (sourcemap at page.js.map, debug id 572513fe-a0ee-4c28-aa58-dead8c81e6c8)
    ~/57c1cb9b-f414-411f-93db-df839bb90b35-182.js (sourcemap at route.js.map, debug id 57c1cb9b-f414-411f-93db-df839bb90b35)
    ~/581ef5f7-6ea5-4f57-8623-a160f40edd95-152.js (sourcemap at route.js.map, debug id 581ef5f7-6ea5-4f57-8623-a160f40edd95)
    ~/5a5424bc-1787-482d-977c-7a8e7aa00fc5-286.js (sourcemap at 1419.js.map, debug id 5a5424bc-1787-482d-977c-7a8e7aa00fc5)
    ~/5a9202e5-f53b-4301-8fc0-ceed35ccf269-238.js (sourcemap at route.js.map, debug id 5a9202e5-f53b-4301-8fc0-ceed35ccf269)
    ~/5b93b875-efe3-4597-b430-ff0ea230f686-64.js (sourcemap at page.js.map, debug id 5b93b875-efe3-4597-b430-ff0ea230f686)
    ~/5ba89b81-8fb6-48cc-9a94-bb18cc08b870-326.js (sourcemap at 6291.js.map, debug id 5ba89b81-8fb6-48cc-9a94-bb18cc08b870)
    ~/5c68e723-573a-4c17-913d-39cc11e936b7-202.js (sourcemap at route.js.map, debug id 5c68e723-573a-4c17-913d-39cc11e936b7)
    ~/5d8eba20-d9c7-4682-b6f6-d4482cbf8dce-347.js (sourcemap at 8387.js.map, debug id 5d8eba20-d9c7-4682-b6f6-d4482cbf8dce)
    ~/5e54223f-c531-40d2-996c-73ea4cfcc434-162.js (sourcemap at route.js.map, debug id 5e54223f-c531-40d2-996c-73ea4cfcc434)
    ~/5fe5c235-2af5-4cfe-a858-38418a071855-17.js (sourcemap at page.js.map, debug id 5fe5c235-2af5-4cfe-a858-38418a071855)
    ~/60657f30-c228-48a7-bdd4-bbe6670016d4-179.js (sourcemap at route.js.map, debug id 60657f30-c228-48a7-bdd4-bbe6670016d4)
    ~/6104cc64-958b-4343-83d7-34844efba6d0-100.js (sourcemap at route.js.map, debug id 6104cc64-958b-4343-83d7-34844efba6d0)
    ~/6185a15f-e193-489c-b603-7c919a7ee21e-314.js (sourcemap at 4693.js.map, debug id 6185a15f-e193-489c-b603-7c919a7ee21e)
    ~/62c8e33c-caf8-4376-8a06-822d0f565dcb-294.js (sourcemap at 2438.js.map, debug id 62c8e33c-caf8-4376-8a06-822d0f565dcb)
    ~/633ae482-3e9b-435d-a048-1297f6727481-91.js (sourcemap at route.js.map, debug id 633ae482-3e9b-435d-a048-1297f6727481)
    ~/6384c075-403d-4d4e-bcc7-d81d5d9cd573-43.js (sourcemap at page.js.map, debug id 6384c075-403d-4d4e-bcc7-d81d5d9cd573)
    ~/63c680c6-f2a5-43b7-800f-547c4c6a4a28-16.js (sourcemap at page.js.map, debug id 63c680c6-f2a5-43b7-800f-547c4c6a4a28)
    ~/64a1db1e-3622-43a7-a202-bb8fcfb126d1-236.js (sourcemap at route.js.map, debug id 64a1db1e-3622-43a7-a202-bb8fcfb126d1)
    ~/64b1d5f5-b6b4-4678-b27d-9a3e77692309-85.js (sourcemap at route.js.map, debug id 64b1d5f5-b6b4-4678-b27d-9a3e77692309)
    ~/65d67a40-c84e-47a0-9f9d-82a695cb9760-325.js (sourcemap at 6242.js.map, debug id 65d67a40-c84e-47a0-9f9d-82a695cb9760)
    ~/6741666f-ef2b-414f-8d8c-38578d141b57-33.js (sourcemap at page.js.map, debug id 6741666f-ef2b-414f-8d8c-38578d141b57)
    ~/67c56803-70f3-4967-9a95-f622ef4563f5-99.js (sourcemap at route.js.map, debug id 67c56803-70f3-4967-9a95-f622ef4563f5)
    ~/67eb8389-2d69-4af3-a0d4-95e88fd8b80e-279.js (sourcemap at route.js.map, debug id 67eb8389-2d69-4af3-a0d4-95e88fd8b80e)
    ~/699bc855-56be-457c-aab4-9c53b70f3c3f-4.js (sourcemap at page.js.map, debug id 699bc855-56be-457c-aab4-9c53b70f3c3f)
    ~/69cf9ac1-acc5-480f-9a81-857bb027df28-181.js (sourcemap at route.js.map, debug id 69cf9ac1-acc5-480f-9a81-857bb027df28)
    ~/6a6ae00a-9780-42e0-81a0-5779ae6844ee-145.js (sourcemap at route.js.map, debug id 6a6ae00a-9780-42e0-81a0-5779ae6844ee)
    ~/6b2fecbf-2804-4f4f-9d48-994e83d236bf-9.js (sourcemap at page.js.map, debug id 6b2fecbf-2804-4f4f-9d48-994e83d236bf)
    ~/6b79cd55-68cf-4cf1-aafe-43a443c1e29a-168.js (sourcemap at route.js.map, debug id 6b79cd55-68cf-4cf1-aafe-43a443c1e29a)
    ~/6c9c41fc-9794-4266-830f-b0c66cace234-360.js (sourcemap at instrumentation.js.map, debug id 6c9c41fc-9794-4266-830f-b0c66cace234)
    ~/6caf1ea2-b7ef-49d1-8a17-3080005706fa-172.js (sourcemap at route.js.map, debug id 6caf1ea2-b7ef-49d1-8a17-3080005706fa)
    ~/6dc9c2cd-278e-438d-8cc2-30e1fe7424eb-150.js (sourcemap at route.js.map, debug id 6dc9c2cd-278e-438d-8cc2-30e1fe7424eb)
    ~/6e6e43f8-5d40-43d6-9ce9-ff0b40dc38de-184.js (sourcemap at route.js.map, debug id 6e6e43f8-5d40-43d6-9ce9-ff0b40dc38de)
    ~/6efa62e4-9120-49d1-98a0-a395440923f4-171.js (sourcemap at route.js.map, debug id 6efa62e4-9120-49d1-98a0-a395440923f4)
    ~/6f776104-456c-4075-bce5-9f66cd6e8274-345.js (sourcemap at 8270.js.map, debug id 6f776104-456c-4075-bce5-9f66cd6e8274)
    ~/70164127-7bf8-457d-a3c0-21af1342f2fa-215.js (sourcemap at route.js.map, debug id 70164127-7bf8-457d-a3c0-21af1342f2fa)
    ~/705ca30b-78f7-4185-8df1-69cf2a6a4b2c-234.js (sourcemap at route.js.map, debug id 705ca30b-78f7-4185-8df1-69cf2a6a4b2c)
    ~/71019467-818d-4eef-a3cf-f6ee33aa447b-266.js (sourcemap at route.js.map, debug id 71019467-818d-4eef-a3cf-f6ee33aa447b)
    ~/71618830-42cd-4e45-81d3-ff538f55f038-343.js (sourcemap at 8025.js.map, debug id 71618830-42cd-4e45-81d3-ff538f55f038)
    ~/71761ff2-e99d-4e3f-a230-e95c122cd6a4-245.js (sourcemap at route.js.map, debug id 71761ff2-e99d-4e3f-a230-e95c122cd6a4)
    ~/7494a95e-a6ae-4e8c-8ae2-d8b0333887a6-166.js (sourcemap at route.js.map, debug id 7494a95e-a6ae-4e8c-8ae2-d8b0333887a6)
    ~/7543ae03-9b92-4fff-8127-699a2b21727f-364.js (no sourcemap found, debug id 7543ae03-9b92-4fff-8127-699a2b21727f)
      - warning: could not determine a source map reference (Could not auto-detect referenced sourcemap for ~/7543ae03-9b92-4fff-8127-699a2b21727f-364.js)
    ~/7570412a-b1c8-4e5d-87f8-9476ffd96d40-322.js (sourcemap at 6074.js.map, debug id 7570412a-b1c8-4e5d-87f8-9476ffd96d40)
    ~/75b330a5-0a51-41cd-a445-d59e605787c2-230.js (sourcemap at route.js.map, debug id 75b330a5-0a51-41cd-a445-d59e605787c2)
    ~/7695ef7d-c207-4739-8901-61bfd004082b-205.js (sourcemap at route.js.map, debug id 7695ef7d-c207-4739-8901-61bfd004082b)
    ~/76fe7fad-a2cb-4dc1-8274-ce6f9845dafe-130.js (sourcemap at route.js.map, debug id 76fe7fad-a2cb-4dc1-8274-ce6f9845dafe)
    ~/77ac6582-0e01-4373-922a-78464d5c622d-253.js (sourcemap at route.js.map, debug id 77ac6582-0e01-4373-922a-78464d5c622d)
    ~/77c520c3-9dbe-4e1d-8462-d40cc0d64d4d-128.js (sourcemap at route.js.map, debug id 77c520c3-9dbe-4e1d-8462-d40cc0d64d4d)
    ~/78c1d3ae-a429-4cd9-91ff-4757401dab40-70.js (sourcemap at page.js.map, debug id 78c1d3ae-a429-4cd9-91ff-4757401dab40)
    ~/78cc44d9-1ff7-41b9-9018-1c85ba40c8f8-240.js (sourcemap at route.js.map, debug id 78cc44d9-1ff7-41b9-9018-1c85ba40c8f8)
    ~/78d75680-20f8-4ca3-98ab-a24477023d6e-310.js (sourcemap at 4422.js.map, debug id 78d75680-20f8-4ca3-98ab-a24477023d6e)
    ~/791991f9-5af6-4de1-8002-3008f3a73125-83.js (sourcemap at route.js.map, debug id 791991f9-5af6-4de1-8002-3008f3a73125)
    ~/79250dce-561f-4061-a11e-512b211774fa-196.js (sourcemap at route.js.map, debug id 79250dce-561f-4061-a11e-512b211774fa)
    ~/794363d8-20cc-4476-a59a-d7586927a6e8-232.js (sourcemap at route.js.map, debug id 794363d8-20cc-4476-a59a-d7586927a6e8)
    ~/796f27db-5e1c-41c6-a60b-8aedcf25aac2-37.js (sourcemap at page.js.map, debug id 796f27db-5e1c-41c6-a60b-8aedcf25aac2)
    ~/7a02997c-9240-41a6-8386-0a2fed27a7d6-46.js (sourcemap at page.js.map, debug id 7a02997c-9240-41a6-8386-0a2fed27a7d6)
    ~/7a8dab3f-c67f-47b8-9c82-96c2522d9645-29.js (sourcemap at page.js.map, debug id 7a8dab3f-c67f-47b8-9c82-96c2522d9645)
    ~/7a9ce5e1-0556-4187-baa8-1b67950a9959-219.js (sourcemap at route.js.map, debug id 7a9ce5e1-0556-4187-baa8-1b67950a9959)
    ~/7ad64435-2c37-4871-a687-06e0d917bd3d-293.js (sourcemap at 2428.js.map, debug id 7ad64435-2c37-4871-a687-06e0d917bd3d)
    ~/7ad749c1-d7aa-46ad-801e-ade0d12e3cbe-2.js (sourcemap at page.js.map, debug id 7ad749c1-d7aa-46ad-801e-ade0d12e3cbe)
    ~/7ae0f07d-1039-4415-a22b-69c699ac6306-218.js (sourcemap at route.js.map, debug id 7ae0f07d-1039-4415-a22b-69c699ac6306)
    ~/7afec080-fa60-4cb5-b2d9-4d61867c6b4a-315.js (sourcemap at 4891.js.map, debug id 7afec080-fa60-4cb5-b2d9-4d61867c6b4a)
    ~/7c962918-290f-4927-9c46-409f64a038d0-35.js (sourcemap at page.js.map, debug id 7c962918-290f-4927-9c46-409f64a038d0)
    ~/7ff5caf5-570a-4760-ae1e-cc996365dfee-342.js (sourcemap at 8002.js.map, debug id 7ff5caf5-570a-4760-ae1e-cc996365dfee)
    ~/8062f6f8-7442-4504-8d71-4df1afe2fbdf-188.js (sourcemap at route.js.map, debug id 8062f6f8-7442-4504-8d71-4df1afe2fbdf)
    ~/80bf80ad-d51b-42d6-a61c-5ad723790a34-101.js (sourcemap at route.js.map, debug id 80bf80ad-d51b-42d6-a61c-5ad723790a34)
    ~/8191155b-a106-4ca8-a7a2-30598797fe57-320.js (sourcemap at 5846.js.map, debug id 8191155b-a106-4ca8-a7a2-30598797fe57)
    ~/82791e31-cf1f-4653-9aff-e9c649e5718e-163.js (sourcemap at route.js.map, debug id 82791e31-cf1f-4653-9aff-e9c649e5718e)
    ~/837c6f44-210b-4b3a-a5e0-f6df86594cc4-287.js (sourcemap at 1585.js.map, debug id 837c6f44-210b-4b3a-a5e0-f6df86594cc4)
    ~/84808fd0-18bd-4ca0-900b-03242da6d032-93.js (sourcemap at route.js.map, debug id 84808fd0-18bd-4ca0-900b-03242da6d032)
    ~/84afc6a0-c359-4290-8c2f-0d19e33768cb-239.js (sourcemap at route.js.map, debug id 84afc6a0-c359-4290-8c2f-0d19e33768cb)
    ~/85c01cd4-3e1c-464f-995a-920d2f9fa5f7-237.js (sourcemap at route.js.map, debug id 85c01cd4-3e1c-464f-995a-920d2f9fa5f7)
    ~/8682d9e7-0db4-4c4d-ac2b-79beb71e5d25-48.js (sourcemap at page.js.map, debug id 8682d9e7-0db4-4c4d-ac2b-79beb71e5d25)
    ~/868f851f-5e8e-4f41-b352-94561deb3bb6-115.js (sourcemap at route.js.map, debug id 868f851f-5e8e-4f41-b352-94561deb3bb6)
    ~/88ccb643-565d-4348-9226-97af12334cec-72.js (sourcemap at page.js.map, debug id 88ccb643-565d-4348-9226-97af12334cec)
    ~/8af9ef55-b960-4f3a-a10a-fdc4806bfcf5-186.js (sourcemap at route.js.map, debug id 8af9ef55-b960-4f3a-a10a-fdc4806bfcf5)
    ~/8bff536f-0f52-4965-a2bd-25e18efaf96f-203.js (sourcemap at route.js.map, debug id 8bff536f-0f52-4965-a2bd-25e18efaf96f)
    ~/8c34188e-afcf-44e3-8616-647485cfe8ef-57.js (sourcemap at page.js.map, debug id 8c34188e-afcf-44e3-8616-647485cfe8ef)
    ~/8d95b7cf-3f4b-47da-8ab9-be917c31c826-290.js (sourcemap at 2006.js.map, debug id 8d95b7cf-3f4b-47da-8ab9-be917c31c826)
    ~/8ff47a52-e3f3-426c-9e29-2b5863a17ee5-288.js (sourcemap at 1606.js.map, debug id 8ff47a52-e3f3-426c-9e29-2b5863a17ee5)
    ~/903bae3f-e718-4f86-9bb6-c100474f13b6-275.js (sourcemap at route.js.map, debug id 903bae3f-e718-4f86-9bb6-c100474f13b6)
    ~/90c284d6-53f0-47e0-83fd-a31d688dd8d0-123.js (sourcemap at route.js.map, debug id 90c284d6-53f0-47e0-83fd-a31d688dd8d0)
    ~/911dc69f-71c1-4b9b-aea0-df425e9cf1f9-285.js (sourcemap at 1359.js.map, debug id 911dc69f-71c1-4b9b-aea0-df425e9cf1f9)
    ~/91e0753c-1c84-4bfa-baf7-35214edb227f-301.js (sourcemap at 3146.js.map, debug id 91e0753c-1c84-4bfa-baf7-35214edb227f)
    ~/930d24b6-3f06-4e59-a1d4-8a692b4d23aa-61.js (sourcemap at page.js.map, debug id 930d24b6-3f06-4e59-a1d4-8a692b4d23aa)
    ~/933b71da-1c35-4b1a-91ce-7a8b839fb3ad-95.js (sourcemap at route.js.map, debug id 933b71da-1c35-4b1a-91ce-7a8b839fb3ad)
    ~/946045d8-9d0f-46cc-9eef-5c7b828321d7-80.js (sourcemap at route.js.map, debug id 946045d8-9d0f-46cc-9eef-5c7b828321d7)
    ~/9586f621-88ef-498c-92dc-59dc67a8688d-271.js (sourcemap at route.js.map, debug id 9586f621-88ef-498c-92dc-59dc67a8688d)
    ~/95c786b7-b932-4bbe-a0d4-e69ee18d7d59-187.js (sourcemap at route.js.map, debug id 95c786b7-b932-4bbe-a0d4-e69ee18d7d59)
    ~/95f9f13e-794b-4e75-9fc6-d09a7f8051e7-204.js (sourcemap at route.js.map, debug id 95f9f13e-794b-4e75-9fc6-d09a7f8051e7)
    ~/97ec6cea-407c-4daf-8814-d9cd7339d462-124.js (sourcemap at route.js.map, debug id 97ec6cea-407c-4daf-8814-d9cd7339d462)
    ~/98b8a35a-9369-4846-8544-584d5dd08aab-269.js (sourcemap at route.js.map, debug id 98b8a35a-9369-4846-8544-584d5dd08aab)
    ~/98fbfe13-c1e7-40fe-8acf-b26f5b5080cf-249.js (sourcemap at route.js.map, debug id 98fbfe13-c1e7-40fe-8acf-b26f5b5080cf)
    ~/9990a98b-cdb2-4105-b993-646e8891c6e0-127.js (sourcemap at route.js.map, debug id 9990a98b-cdb2-4105-b993-646e8891c6e0)
    ~/9a29cc74-5078-4b17-bc78-dba764e0e289-164.js (sourcemap at route.js.map, debug id 9a29cc74-5078-4b17-bc78-dba764e0e289)
    ~/9ca8dc71-809e-4f4b-8fb4-e98bae07d4ca-157.js (sourcemap at route.js.map, debug id 9ca8dc71-809e-4f4b-8fb4-e98bae07d4ca)
    ~/9cf54e1c-72a2-4a0e-bbe5-d8ddb3de0aee-30.js (sourcemap at page.js.map, debug id 9cf54e1c-72a2-4a0e-bbe5-d8ddb3de0aee)
    ~/9d832748-dd16-449c-adef-6e490453be52-105.js (sourcemap at route.js.map, debug id 9d832748-dd16-449c-adef-6e490453be52)
    ~/9da3d9f1-baf0-4d7d-983a-79d0d4060e76-339.js (sourcemap at 7821.js.map, debug id 9da3d9f1-baf0-4d7d-983a-79d0d4060e76)
    ~/9e4ba6b1-62b7-4840-a491-9c18c15d5e0a-268.js (sourcemap at route.js.map, debug id 9e4ba6b1-62b7-4840-a491-9c18c15d5e0a)
    ~/a0134fda-ee5d-44d0-987c-10b41038f72f-200.js (sourcemap at route.js.map, debug id a0134fda-ee5d-44d0-987c-10b41038f72f)
    ~/a02f2825-733e-46a2-befb-50696ef67c10-139.js (sourcemap at route.js.map, debug id a02f2825-733e-46a2-befb-50696ef67c10)
    ~/a1098edb-92b4-4c03-a62c-1490d9b4ca5c-212.js (sourcemap at route.js.map, debug id a1098edb-92b4-4c03-a62c-1490d9b4ca5c)
    ~/a280bde4-913a-46ad-9e89-ae5bceab477a-32.js (sourcemap at page.js.map, debug id a280bde4-913a-46ad-9e89-ae5bceab477a)
    ~/a2c10bf9-52e8-4ea9-8ddb-05951ec0ea0d-116.js (sourcemap at route.js.map, debug id a2c10bf9-52e8-4ea9-8ddb-05951ec0ea0d)
    ~/a3c56c5b-27ed-46b0-826e-8194caea9696-276.js (sourcemap at route.js.map, debug id a3c56c5b-27ed-46b0-826e-8194caea9696)
    ~/a4cee745-0209-4935-9c2c-9280daec0133-0.js (sourcemap at page.js.map, debug id a4cee745-0209-4935-9c2c-9280daec0133)
    ~/a4fc5adf-3450-411b-9d1f-53753a308872-256.js (sourcemap at route.js.map, debug id a4fc5adf-3450-411b-9d1f-53753a308872)
    ~/a4fdb23d-801c-4f5f-8c8f-3e438994de81-126.js (sourcemap at route.js.map, debug id a4fdb23d-801c-4f5f-8c8f-3e438994de81)
    ~/a5cc79e7-5a9a-4d04-91d8-16874bb48204-254.js (sourcemap at route.js.map, debug id a5cc79e7-5a9a-4d04-91d8-16874bb48204)
    ~/a5d92b85-9c1f-445d-90c1-ff8bbd01abe8-198.js (sourcemap at route.js.map, debug id a5d92b85-9c1f-445d-90c1-ff8bbd01abe8)
    ~/a61ccf42-0c81-4ec6-adcd-93c55ef6b52c-59.js (sourcemap at page.js.map, debug id a61ccf42-0c81-4ec6-adcd-93c55ef6b52c)
    ~/a6c05fa9-80e2-4cce-98d0-9ae7a80d2107-165.js (sourcemap at route.js.map, debug id a6c05fa9-80e2-4cce-98d0-9ae7a80d2107)
    ~/a71172f5-1356-4247-b8cf-1be2334283d5-114.js (sourcemap at route.js.map, debug id a71172f5-1356-4247-b8cf-1be2334283d5)
    ~/a92286a5-ca80-4355-9e56-8cd93341faae-20.js (sourcemap at page.js.map, debug id a92286a5-ca80-4355-9e56-8cd93341faae)
    ~/a926c08a-3e0f-4e96-8dde-40f3e0559974-220.js (sourcemap at route.js.map, debug id a926c08a-3e0f-4e96-8dde-40f3e0559974)
    ~/a93efa22-e529-48d8-b5d9-cac4970eeb3b-195.js (sourcemap at route.js.map, debug id a93efa22-e529-48d8-b5d9-cac4970eeb3b)
    ~/a9b8e04f-56e6-4eaf-86ad-13bdc62ba050-167.js (sourcemap at route.js.map, debug id a9b8e04f-56e6-4eaf-86ad-13bdc62ba050)
    ~/a9f678cc-9e9f-4af1-9ae4-a2e45d3811ec-147.js (sourcemap at route.js.map, debug id a9f678cc-9e9f-4af1-9ae4-a2e45d3811ec)
    ~/aa35ea34-2677-4a96-8aa0-e418d542de23-265.js (sourcemap at route.js.map, debug id aa35ea34-2677-4a96-8aa0-e418d542de23)
    ~/abe8322b-2d45-47db-bc15-6fc23b81647b-327.js (sourcemap at 6387.js.map, debug id abe8322b-2d45-47db-bc15-6fc23b81647b)
    ~/ac0766c3-95f1-42b7-aa66-c63d85b5a800-138.js (sourcemap at route.js.map, debug id ac0766c3-95f1-42b7-aa66-c63d85b5a800)
    ~/acac4246-e8f8-478d-b9a9-082462ceeee0-312.js (sourcemap at 4441.js.map, debug id acac4246-e8f8-478d-b9a9-082462ceeee0)
    ~/ad35a33a-fd5d-4e22-8730-45dc504fe683-332.js (sourcemap at 714.js.map, debug id ad35a33a-fd5d-4e22-8730-45dc504fe683)
    ~/ad3bc41c-947b-4ed1-ab19-fd8a0fd8cc9d-140.js (sourcemap at route.js.map, debug id ad3bc41c-947b-4ed1-ab19-fd8a0fd8cc9d)
    ~/ad8fac02-056f-4d78-b897-af4f106b7db8-224.js (sourcemap at route.js.map, debug id ad8fac02-056f-4d78-b897-af4f106b7db8)
    ~/ade2d687-e706-4a42-b5fc-fbae3264a89b-39.js (sourcemap at page.js.map, debug id ade2d687-e706-4a42-b5fc-fbae3264a89b)
    ~/ae3c26ea-7d34-4e9e-884c-c3da42e27f75-223.js (sourcemap at route.js.map, debug id ae3c26ea-7d34-4e9e-884c-c3da42e27f75)
    ~/b002980a-c125-4378-9971-4385a5ff4021-257.js (sourcemap at route.js.map, debug id b002980a-c125-4378-9971-4385a5ff4021)
    ~/b125f86a-e428-4a21-bc16-b6dc6da8a44d-304.js (sourcemap at 3242.js.map, debug id b125f86a-e428-4a21-bc16-b6dc6da8a44d)
    ~/b17a0786-7faf-487f-9c47-7ee48655300c-258.js (sourcemap at route.js.map, debug id b17a0786-7faf-487f-9c47-7ee48655300c)
    ~/b17b2540-4800-49b6-8de4-1cadc3dddda4-250.js (sourcemap at route.js.map, debug id b17b2540-4800-49b6-8de4-1cadc3dddda4)
    ~/b1e6a02a-06d5-44d6-b578-b268408309dd-108.js (sourcemap at route.js.map, debug id b1e6a02a-06d5-44d6-b578-b268408309dd)
    ~/b1f8d213-f3f9-4fd6-b751-9599aca12d54-313.js (sourcemap at 463.js.map, debug id b1f8d213-f3f9-4fd6-b751-9599aca12d54)
    ~/b2facfc5-e7dc-4411-bacd-eed2f318009f-340.js (sourcemap at 7947.js.map, debug id b2facfc5-e7dc-4411-bacd-eed2f318009f)
    ~/b2fb6a6f-0586-4345-ba68-66e756f4d22d-144.js (sourcemap at route.js.map, debug id b2fb6a6f-0586-4345-ba68-66e756f4d22d)
    ~/b343288d-1a87-49a1-ab18-5c286fb77c76-305.js (sourcemap at 3362.js.map, debug id b343288d-1a87-49a1-ab18-5c286fb77c76)
    ~/b49592f9-988d-4735-9a30-05e3d34a1835-120.js (sourcemap at route.js.map, debug id b49592f9-988d-4735-9a30-05e3d34a1835)
    ~/b4b95556-2a8e-4db6-a6b3-1dbfa421806f-96.js (sourcemap at route.js.map, debug id b4b95556-2a8e-4db6-a6b3-1dbfa421806f)
    ~/b5bee051-90d0-44c7-854c-82c76f10f9ed-278.js (sourcemap at route.js.map, debug id b5bee051-90d0-44c7-854c-82c76f10f9ed)
    ~/b81c36d2-c8e8-48f9-834d-45ed1f21979d-206.js (sourcemap at route.js.map, debug id b81c36d2-c8e8-48f9-834d-45ed1f21979d)
    ~/b8971d46-75a0-4247-90af-d181f529c82f-97.js (sourcemap at route.js.map, debug id b8971d46-75a0-4247-90af-d181f529c82f)
    ~/b9a8f909-e028-496a-82ca-b7a94697457a-36.js (sourcemap at page.js.map, debug id b9a8f909-e028-496a-82ca-b7a94697457a)
    ~/b9ef4d89-53e1-43a4-be03-3080a26b8f6d-1.js (sourcemap at page.js.map, debug id b9ef4d89-53e1-43a4-be03-3080a26b8f6d)
    ~/baa23359-7795-4e0e-830d-68df30813c8d-19.js (sourcemap at page.js.map, debug id baa23359-7795-4e0e-830d-68df30813c8d)
    ~/bab9760f-3e0c-44e2-9dbf-521ac4d63c80-227.js (sourcemap at route.js.map, debug id bab9760f-3e0c-44e2-9dbf-521ac4d63c80)
    ~/baba68d2-61d0-4a33-9506-ad9289598170-44.js (sourcemap at page.js.map, debug id baba68d2-61d0-4a33-9506-ad9289598170)
    ~/bb32291d-5f7e-48a0-a1cf-5ac1cf4d0a2c-98.js (sourcemap at route.js.map, debug id bb32291d-5f7e-48a0-a1cf-5ac1cf4d0a2c)
    ~/bc9197a4-a7c2-41ce-94be-6b0628080812-353.js (sourcemap at 9017.js.map, debug id bc9197a4-a7c2-41ce-94be-6b0628080812)
    ~/bd8ac9da-2117-4fcf-a273-495413a7cb28-296.js (sourcemap at 2577.js.map, debug id bd8ac9da-2117-4fcf-a273-495413a7cb28)
    ~/bdc5976e-12b3-424a-8255-4243b9d813a4-146.js (sourcemap at route.js.map, debug id bdc5976e-12b3-424a-8255-4243b9d813a4)
    ~/bef0fff0-405c-45ed-a271-06d48f921fda-112.js (sourcemap at route.js.map, debug id bef0fff0-405c-45ed-a271-06d48f921fda)
    ~/bf6fd8dc-9756-4f61-90e1-d821657c56ff-26.js (sourcemap at page.js.map, debug id bf6fd8dc-9756-4f61-90e1-d821657c56ff)
    ~/c06d7f31-8f86-4879-a6f2-09f9c98d3146-292.js (sourcemap at 2363.js.map, debug id c06d7f31-8f86-4879-a6f2-09f9c98d3146)
    ~/c1e359e1-6dc9-4244-a89e-e407ee356cc2-81.js (sourcemap at route.js.map, debug id c1e359e1-6dc9-4244-a89e-e407ee356cc2)
    ~/c1f09c16-3261-4480-bf5a-ef84acb77f44-28.js (sourcemap at page.js.map, debug id c1f09c16-3261-4480-bf5a-ef84acb77f44)
    ~/c289d9d9-3307-44ac-9646-1462d461426e-354.js (sourcemap at 9085.js.map, debug id c289d9d9-3307-44ac-9646-1462d461426e)
    ~/c40cad1e-302c-45b8-8a54-505f40c417e0-317.js (sourcemap at 5017.js.map, debug id c40cad1e-302c-45b8-8a54-505f40c417e0)
    ~/c52816c5-300e-45c3-b373-7c5a7017c307-362.js (no sourcemap found, debug id c52816c5-300e-45c3-b373-7c5a7017c307)
      - warning: could not determine a source map reference (Could not auto-detect referenced sourcemap for ~/c52816c5-300e-45c3-b373-7c5a7017c307-362.js)
    ~/c5b669db-95c9-4101-9252-2fb6a90d15f3-213.js (sourcemap at route.js.map, debug id c5b669db-95c9-4101-9252-2fb6a90d15f3)
    ~/c657a4c9-e175-482d-8fa4-1f527e4bea4b-148.js (sourcemap at route.js.map, debug id c657a4c9-e175-482d-8fa4-1f527e4bea4b)
    ~/c6e397c5-8b20-4033-84b6-8e4fb3e6a14a-241.js (sourcemap at route.js.map, debug id c6e397c5-8b20-4033-84b6-8e4fb3e6a14a)
    ~/c81400b9-49fe-43de-ac29-83c7600ea8b3-111.js (sourcemap at route.js.map, debug id c81400b9-49fe-43de-ac29-83c7600ea8b3)
    ~/c8ef588d-93f7-4c50-a2f3-846b3bff295f-18.js (sourcemap at page.js.map, debug id c8ef588d-93f7-4c50-a2f3-846b3bff295f)
    ~/c9a4b153-5a44-4851-b775-556037bf0e5d-331.js (sourcemap at 7082.js.map, debug id c9a4b153-5a44-4851-b775-556037bf0e5d)
    ~/cad7d40e-2cac-4f73-98ae-dfa44a019b48-255.js (sourcemap at route.js.map, debug id cad7d40e-2cac-4f73-98ae-dfa44a019b48)
    ~/cae7c0f6-702c-41a9-b1fe-24b11939f66d-77.js (sourcemap at route.js.map, debug id cae7c0f6-702c-41a9-b1fe-24b11939f66d)
    ~/cb163798-05cb-4d63-a528-e84f21f631e4-54.js (sourcemap at page.js.map, debug id cb163798-05cb-4d63-a528-e84f21f631e4)
    ~/cbc73a06-abaa-45d8-ae9b-90d1fd6a5863-302.js (sourcemap at 3175.js.map, debug id cbc73a06-abaa-45d8-ae9b-90d1fd6a5863)
    ~/cbd3513a-c643-4599-8f86-efadbcc648c2-273.js (sourcemap at route.js.map, debug id cbd3513a-c643-4599-8f86-efadbcc648c2)
    ~/cc096c02-eb31-4668-a653-d8e58e8c6c59-153.js (sourcemap at route.js.map, debug id cc096c02-eb31-4668-a653-d8e58e8c6c59)
    ~/cc5642f6-6a55-435c-98cd-c23e792d7528-6.js (sourcemap at page.js.map, debug id cc5642f6-6a55-435c-98cd-c23e792d7528)
    ~/cc76e1b7-50e2-48f6-85c0-8e51edcba908-337.js (sourcemap at 7465.js.map, debug id cc76e1b7-50e2-48f6-85c0-8e51edcba908)
    ~/cd6e44fb-f905-4691-bce4-ae53b71718e1-361.js (sourcemap at _app.js.map, debug id cd6e44fb-f905-4691-bce4-ae53b71718e1)
    ~/cdbb9092-9e5e-4372-814d-090f9917f7aa-13.js (sourcemap at page.js.map, debug id cdbb9092-9e5e-4372-814d-090f9917f7aa)
    ~/ce487dca-f581-4dad-917b-eceaaf523d18-282.js (sourcemap at page.js.map, debug id ce487dca-f581-4dad-917b-eceaaf523d18)
    ~/cf1df05b-7937-4307-990b-76b8db65a12c-351.js (sourcemap at 8810.js.map, debug id cf1df05b-7937-4307-990b-76b8db65a12c)
    ~/cf2df643-01c4-4f19-bdc8-aa094075fcd9-94.js (sourcemap at route.js.map, debug id cf2df643-01c4-4f19-bdc8-aa094075fcd9)
    ~/cf6faf0b-8c0c-4813-80fe-7c2a3300f8ff-47.js (sourcemap at page.js.map, debug id cf6faf0b-8c0c-4813-80fe-7c2a3300f8ff)
    ~/cfc7653e-32c3-41fb-a61d-2fcdb818a302-348.js (sourcemap at 8534.js.map, debug id cfc7653e-32c3-41fb-a61d-2fcdb818a302)
    ~/d0a4b864-6553-48af-a566-cdfa579764d5-75.js (sourcemap at page.js.map, debug id d0a4b864-6553-48af-a566-cdfa579764d5)
    ~/d0f94d74-3c4b-46db-85d1-5b48512f8746-243.js (sourcemap at route.js.map, debug id d0f94d74-3c4b-46db-85d1-5b48512f8746)
    ~/d23dfd1e-81f1-4967-a53c-051c30801843-27.js (sourcemap at page.js.map, debug id d23dfd1e-81f1-4967-a53c-051c30801843)
    ~/d240b581-d992-49e2-b9c9-76cc72ff77ee-125.js (sourcemap at route.js.map, debug id d240b581-d992-49e2-b9c9-76cc72ff77ee)
    ~/d32a0aec-96f3-460b-9877-c0face991a28-49.js (sourcemap at page.js.map, debug id d32a0aec-96f3-460b-9877-c0face991a28)
    ~/d3b0acfb-1b9e-490f-a81f-6845e68ec4e8-156.js (sourcemap at route.js.map, debug id d3b0acfb-1b9e-490f-a81f-6845e68ec4e8)
    ~/d3bd6a3d-530a-4a90-ba60-3c855dd67432-135.js (sourcemap at route.js.map, debug id d3bd6a3d-530a-4a90-ba60-3c855dd67432)
    ~/d640abcb-72df-4481-8823-ce33f7418336-141.js (sourcemap at route.js.map, debug id d640abcb-72df-4481-8823-ce33f7418336)
    ~/d7e4526d-579d-4170-91fc-f0b8764ee3e4-12.js (sourcemap at page.js.map, debug id d7e4526d-579d-4170-91fc-f0b8764ee3e4)
    ~/d7ea4798-4c09-47d5-8a01-e30984839c8b-260.js (sourcemap at route.js.map, debug id d7ea4798-4c09-47d5-8a01-e30984839c8b)
    ~/d8670341-c47a-4987-a633-b83245155733-11.js (sourcemap at page.js.map, debug id d8670341-c47a-4987-a633-b83245155733)
    ~/d946bc6f-e218-496c-a3cd-d67416224076-82.js (sourcemap at route.js.map, debug id d946bc6f-e218-496c-a3cd-d67416224076)
    ~/d9db2c13-f32f-45d1-9bec-a022010daf0b-136.js (sourcemap at route.js.map, debug id d9db2c13-f32f-45d1-9bec-a022010daf0b)
    ~/da504e45-92d5-4a4d-9de3-764d03a11e5e-199.js (sourcemap at route.js.map, debug id da504e45-92d5-4a4d-9de3-764d03a11e5e)
    ~/da51476b-c654-45ea-a1c0-c08257cdf483-357.js (sourcemap at 947.js.map, debug id da51476b-c654-45ea-a1c0-c08257cdf483)
    ~/dafdea90-ed1e-4b18-89ea-2369e74be364-225.js (sourcemap at route.js.map, debug id dafdea90-ed1e-4b18-89ea-2369e74be364)
    ~/db095168-9629-42cd-8179-9ac9c5e9abb0-76.js (sourcemap at route.js.map, debug id db095168-9629-42cd-8179-9ac9c5e9abb0)
    ~/db3720c7-0a33-44a4-aa14-f526874a895a-41.js (sourcemap at page.js.map, debug id db3720c7-0a33-44a4-aa14-f526874a895a)
    ~/dba9714b-4e26-4478-af75-2191d08189db-298.js (sourcemap at 2856.js.map, debug id dba9714b-4e26-4478-af75-2191d08189db)
    ~/ddb24a09-ab63-49ae-95cc-f1e5b043c61a-307.js (sourcemap at 389.js.map, debug id ddb24a09-ab63-49ae-95cc-f1e5b043c61a)
    ~/ddc7e237-ea6a-4cd8-ac4d-740fb09a5771-251.js (sourcemap at route.js.map, debug id ddc7e237-ea6a-4cd8-ac4d-740fb09a5771)
    ~/de36d693-48c1-4b4c-92b2-f705304f1c32-149.js (sourcemap at route.js.map, debug id de36d693-48c1-4b4c-92b2-f705304f1c32)
    ~/de4db3b7-5865-4269-8f43-7daedf68283d-329.js (sourcemap at 6772.js.map, debug id de4db3b7-5865-4269-8f43-7daedf68283d)
    ~/dff55d6d-7801-42fc-b417-46d3b67ac31a-21.js (sourcemap at page.js.map, debug id dff55d6d-7801-42fc-b417-46d3b67ac31a)
    ~/e0775e0b-50f1-434a-a494-61db8f9f7bbe-338.js (sourcemap at 759.js.map, debug id e0775e0b-50f1-434a-a494-61db8f9f7bbe)
    ~/e09f2f09-fffc-4bb1-a99e-73a5b6c05598-68.js (sourcemap at page.js.map, debug id e09f2f09-fffc-4bb1-a99e-73a5b6c05598)
    ~/e162ca72-30e9-444c-974d-fff5019aa436-346.js (sourcemap at 8320.js.map, debug id e162ca72-30e9-444c-974d-fff5019aa436)
    ~/e2760440-5fc9-4d8e-87c8-a4ba1d5be7eb-321.js (sourcemap at 6035.js.map, debug id e2760440-5fc9-4d8e-87c8-a4ba1d5be7eb)
    ~/e3623534-ace2-4b05-9085-abb6156c4ea0-117.js (sourcemap at route.js.map, debug id e3623534-ace2-4b05-9085-abb6156c4ea0)
    ~/e407d229-edab-4108-8a79-6a6fda5d8cae-121.js (sourcemap at route.js.map, debug id e407d229-edab-4108-8a79-6a6fda5d8cae)
    ~/e55e11d9-f235-49a7-9732-56f3e3c44b5d-58.js (sourcemap at page.js.map, debug id e55e11d9-f235-49a7-9732-56f3e3c44b5d)
    ~/e5cb4e4c-62ba-4013-a3f8-45dcf738187a-335.js (sourcemap at 7208.js.map, debug id e5cb4e4c-62ba-4013-a3f8-45dcf738187a)
    ~/e71b9a19-8fd6-44ae-bc77-534d70b8807a-62.js (sourcemap at page.js.map, debug id e71b9a19-8fd6-44ae-bc77-534d70b8807a)
    ~/e769bcc4-638d-48fe-b485-817999fc9877-132.js (sourcemap at route.js.map, debug id e769bcc4-638d-48fe-b485-817999fc9877)
    ~/e89b5181-c951-465f-806f-04ab80ce3806-277.js (sourcemap at route.js.map, debug id e89b5181-c951-465f-806f-04ab80ce3806)
    ~/ea663099-d4f1-47a0-a21d-4af81cb11893-134.js (sourcemap at route.js.map, debug id ea663099-d4f1-47a0-a21d-4af81cb11893)
    ~/ea769415-cc1b-4a12-99e1-3207db5692b4-66.js (sourcemap at page.js.map, debug id ea769415-cc1b-4a12-99e1-3207db5692b4)
    ~/ea92027b-72a4-4459-b43e-1d147af4f54a-267.js (sourcemap at route.js.map, debug id ea92027b-72a4-4459-b43e-1d147af4f54a)
    ~/ebfaf2d8-c32b-42ba-a044-8a28bf92afdf-303.js (sourcemap at 318.js.map, debug id ebfaf2d8-c32b-42ba-a044-8a28bf92afdf)
    ~/ed0ae34c-6a54-4d7b-b7fb-573cc2f7179c-226.js (sourcemap at route.js.map, debug id ed0ae34c-6a54-4d7b-b7fb-573cc2f7179c)
    ~/ed4971ad-11a9-4321-8267-64159fad6bd7-297.js (sourcemap at 2773.js.map, debug id ed4971ad-11a9-4321-8267-64159fad6bd7)
    ~/ede53d3e-a79e-46b4-82ad-95c96587fb43-352.js (sourcemap at 8870.js.map, debug id ede53d3e-a79e-46b4-82ad-95c96587fb43)
    ~/ee782ada-ad22-4fbb-8932-6e9f39cf11bc-216.js (sourcemap at route.js.map, debug id ee782ada-ad22-4fbb-8932-6e9f39cf11bc)
    ~/ef3b7662-217f-474d-b361-694622f508ba-74.js (sourcemap at page.js.map, debug id ef3b7662-217f-474d-b361-694622f508ba)
    ~/f063cd19-84cf-42c3-8677-11c5fb55c9aa-284.js (sourcemap at 1242.js.map, debug id f063cd19-84cf-42c3-8677-11c5fb55c9aa)
    ~/f0a3526b-6a56-4b6b-869c-d578d701097d-356.js (sourcemap at 9291.js.map, debug id f0a3526b-6a56-4b6b-869c-d578d701097d)
    ~/f1a5a3f0-bea4-44c9-be32-edb1c1e7dc82-229.js (sourcemap at route.js.map, debug id f1a5a3f0-bea4-44c9-be32-edb1c1e7dc82)
    ~/f1ef632a-d827-44da-b33b-968d5c734d0a-155.js (sourcemap at route.js.map, debug id f1ef632a-d827-44da-b33b-968d5c734d0a)
    ~/f3638cec-c865-498b-afcb-806c215f650e-7.js (sourcemap at page.js.map, debug id f3638cec-c865-498b-afcb-806c215f650e)
    ~/f3c2feb4-ff6e-4ff9-bdff-6e04eafade3d-264.js (sourcemap at route.js.map, debug id f3c2feb4-ff6e-4ff9-bdff-6e04eafade3d)
    ~/f56c523c-3837-4c58-a511-94851c53412c-300.js (sourcemap at 2999.js.map, debug id f56c523c-3837-4c58-a511-94851c53412c)
    ~/f58f7558-7bac-405e-a217-c6e4839df77b-281.js (sourcemap at page.js.map, debug id f58f7558-7bac-405e-a217-c6e4839df77b)
    ~/f77b4ab6-0984-4df5-9a54-9de1fa2e3c1f-209.js (sourcemap at route.js.map, debug id f77b4ab6-0984-4df5-9a54-9de1fa2e3c1f)
    ~/f86bed7e-e3f3-4744-9bc2-915c71c791b1-52.js (sourcemap at page.js.map, debug id f86bed7e-e3f3-4744-9bc2-915c71c791b1)
    ~/f8922af3-6a3d-49ee-97ed-52ca5ad9c604-217.js (sourcemap at route.js.map, debug id f8922af3-6a3d-49ee-97ed-52ca5ad9c604)
    ~/f9395ee8-d4b5-4b58-96bf-a2f0a7c52fa2-174.js (sourcemap at route.js.map, debug id f9395ee8-d4b5-4b58-96bf-a2f0a7c52fa2)
    ~/fa17a751-5d54-4cd9-8fd3-83d19321913c-38.js (sourcemap at page.js.map, debug id fa17a751-5d54-4cd9-8fd3-83d19321913c)
    ~/fd66a786-47c6-4e56-a012-6949404e9469-207.js (sourcemap at route.js.map, debug id fd66a786-47c6-4e56-a012-6949404e9469)
    ~/fe3210c4-4128-43a1-9046-8850948236bc-235.js (sourcemap at route.js.map, debug id fe3210c4-4128-43a1-9046-8850948236bc)
    ~/ff1962dd-0ba8-45ac-83a1-4603d13ab7e2-192.js (sourcemap at route.js.map, debug id ff1962dd-0ba8-45ac-83a1-4603d13ab7e2)
  Source Maps
    ~/00fef2cc-8d6a-4fd6-8622-6096e3e58850-274.js.map (debug id 00fef2cc-8d6a-4fd6-8622-6096e3e58850)
    ~/014a5ef1-b81a-4325-a181-235800121e89-113.js.map (debug id 014a5ef1-b81a-4325-a181-235800121e89)
    ~/02334c7a-a64c-4c7f-841c-97350477db52-40.js.map (debug id 02334c7a-a64c-4c7f-841c-97350477db52)
    ~/03152a1f-7c0c-4938-aebe-8cf30e657cc5-90.js.map (debug id 03152a1f-7c0c-4938-aebe-8cf30e657cc5)
    ~/033a7f40-0e29-49af-b752-8ce6ba00a49d-189.js.map (debug id 033a7f40-0e29-49af-b752-8ce6ba00a49d)
    ~/0348e70c-72f1-4568-a0ab-f1424a5ae3ca-79.js.map (debug id 0348e70c-72f1-4568-a0ab-f1424a5ae3ca)
    ~/03540274-275f-4dbf-9c5c-96eeb181c97e-118.js.map (debug id 03540274-275f-4dbf-9c5c-96eeb181c97e)
    ~/039c8851-32a5-4786-89a6-7928543904f1-262.js.map (debug id 039c8851-32a5-4786-89a6-7928543904f1)
    ~/043de10e-7de7-4784-88d5-c4f755b57254-137.js.map (debug id 043de10e-7de7-4784-88d5-c4f755b57254)
    ~/04900941-e0bd-420d-9709-5fddf3c26bf0-193.js.map (debug id 04900941-e0bd-420d-9709-5fddf3c26bf0)
    ~/055190bc-b6a5-46ee-b81e-830688b032ef-363.js.map (debug id 055190bc-b6a5-46ee-b81e-830688b032ef)
    ~/0567ac89-2d66-4409-9ee0-b03365706ee2-50.js.map (debug id 0567ac89-2d66-4409-9ee0-b03365706ee2)
    ~/05b89435-a636-4b61-b7bd-db8c62e6a014-280.js.map (debug id 05b89435-a636-4b61-b7bd-db8c62e6a014)
    ~/09bc7e4b-3f4d-4b03-a775-23cafef6ea87-53.js.map (debug id 09bc7e4b-3f4d-4b03-a775-23cafef6ea87)
    ~/0a604b62-ba6f-4008-a6f4-18c1c61623e5-107.js.map (debug id 0a604b62-ba6f-4008-a6f4-18c1c61623e5)
    ~/0ae4de22-e831-40b2-8e0c-2dafb1c4cb88-318.js.map (debug id 0ae4de22-e831-40b2-8e0c-2dafb1c4cb88)
    ~/0bd34927-dfc0-4cd2-97bf-02f5be5353e8-73.js.map (debug id 0bd34927-dfc0-4cd2-97bf-02f5be5353e8)
    ~/0d23dc9d-09b6-422f-9479-f1377db3f380-299.js.map (debug id 0d23dc9d-09b6-422f-9479-f1377db3f380)
    ~/0d2fd4b9-5d17-40a6-9f30-11b054a8421b-143.js.map (debug id 0d2fd4b9-5d17-40a6-9f30-11b054a8421b)
    ~/0d78d6f6-d507-4329-8e4d-835e6bf017a4-231.js.map (debug id 0d78d6f6-d507-4329-8e4d-835e6bf017a4)
    ~/0ead4931-7e2a-4ba9-8435-447d0e3505cd-358.js.map (debug id 0ead4931-7e2a-4ba9-8435-447d0e3505cd)
    ~/10396008-75b3-4702-ade1-fc2b2c8ff050-247.js.map (debug id 10396008-75b3-4702-ade1-fc2b2c8ff050)
    ~/104823ad-188e-4e78-a978-41ae3ae750f1-158.js.map (debug id 104823ad-188e-4e78-a978-41ae3ae750f1)
    ~/10abe463-620a-40fb-8d07-d4b559a1e380-119.js.map (debug id 10abe463-620a-40fb-8d07-d4b559a1e380)
    ~/119498e1-9960-44a4-8b99-9d59d5f77a74-89.js.map (debug id 119498e1-9960-44a4-8b99-9d59d5f77a74)
    ~/1275ac20-2d75-4043-93f7-126256d2089f-323.js.map (debug id 1275ac20-2d75-4043-93f7-126256d2089f)
    ~/1381c4f0-c506-47ea-b978-fab284d3c5c4-154.js.map (debug id 1381c4f0-c506-47ea-b978-fab284d3c5c4)
    ~/13ac03f4-5917-4834-bda1-84434da442c8-201.js.map (debug id 13ac03f4-5917-4834-bda1-84434da442c8)
    ~/14027e4a-d686-49f3-8e46-bd261632c191-261.js.map (debug id 14027e4a-d686-49f3-8e46-bd261632c191)
    ~/148ecd83-f2ce-4199-8366-494dba38645c-131.js.map (debug id 148ecd83-f2ce-4199-8366-494dba38645c)
    ~/1516758b-a6d5-4c30-800e-9c9c9bf55513-14.js.map (debug id 1516758b-a6d5-4c30-800e-9c9c9bf55513)
    ~/15f4e6fe-6d67-4f32-b5e8-67802e4890ae-31.js.map (debug id 15f4e6fe-6d67-4f32-b5e8-67802e4890ae)
    ~/1636375a-906b-4686-8f0b-61559c7a1358-190.js.map (debug id 1636375a-906b-4686-8f0b-61559c7a1358)
    ~/16dae314-e0eb-4c38-9712-c7bb496b2c13-55.js.map (debug id 16dae314-e0eb-4c38-9712-c7bb496b2c13)
    ~/1761f397-74e8-4c69-bb07-18846721edab-319.js.map (debug id 1761f397-74e8-4c69-bb07-18846721edab)
    ~/17d4337b-aa06-42b0-bd41-ec9b9847c89d-191.js.map (debug id 17d4337b-aa06-42b0-bd41-ec9b9847c89d)
    ~/1935573b-2e8f-45f7-980a-44593afc6a5f-104.js.map (debug id 1935573b-2e8f-45f7-980a-44593afc6a5f)
    ~/19fead33-0141-4b57-ae2b-5030c35ed32b-309.js.map (debug id 19fead33-0141-4b57-ae2b-5030c35ed32b)
    ~/1a471575-30c1-4df6-9a85-ae2dc8dce5ba-86.js.map (debug id 1a471575-30c1-4df6-9a85-ae2dc8dce5ba)
    ~/1aad42cd-3c20-4e78-8c00-d277bc510e6c-106.js.map (debug id 1aad42cd-3c20-4e78-8c00-d277bc510e6c)
    ~/1b0d14e8-8fa8-445d-a3ff-4ba7c5acd29f-67.js.map (debug id 1b0d14e8-8fa8-445d-a3ff-4ba7c5acd29f)
    ~/1b8546c0-eec7-437b-92be-30595646fc50-221.js.map (debug id 1b8546c0-eec7-437b-92be-30595646fc50)
    ~/1ba10b4f-1385-4e46-b750-462cffaa90be-311.js.map (debug id 1ba10b4f-1385-4e46-b750-462cffaa90be)
    ~/1bffedb0-84a6-4377-a782-a564ccdeca3c-246.js.map (debug id 1bffedb0-84a6-4377-a782-a564ccdeca3c)
    ~/1c732a6f-770e-40ec-aa02-b82a0402f777-222.js.map (debug id 1c732a6f-770e-40ec-aa02-b82a0402f777)
    ~/1e28a685-0dad-47c1-8bd9-94526c1964ae-308.js.map (debug id 1e28a685-0dad-47c1-8bd9-94526c1964ae)
    ~/1e47eb2a-4958-4eb0-ba80-3e75df5a5254-194.js.map (debug id 1e47eb2a-4958-4eb0-ba80-3e75df5a5254)
    ~/1f049c8b-2d52-4a07-a916-4820acd8eaaa-110.js.map (debug id 1f049c8b-2d52-4a07-a916-4820acd8eaaa)
    ~/1f605894-91ce-47c4-a65c-a253751f085e-122.js.map (debug id 1f605894-91ce-47c4-a65c-a253751f085e)
    ~/1fcb6db4-d406-43db-952e-e4f8c819236f-272.js.map (debug id 1fcb6db4-d406-43db-952e-e4f8c819236f)
    ~/2037cb72-3db0-4576-a915-0dd423ab073b-51.js.map (debug id 2037cb72-3db0-4576-a915-0dd423ab073b)
    ~/20f3edd8-c7cd-4112-81f3-c3e8e386d83a-92.js.map (debug id 20f3edd8-c7cd-4112-81f3-c3e8e386d83a)
    ~/20fdee33-55e8-4a7d-9475-d8963287b318-252.js.map (debug id 20fdee33-55e8-4a7d-9475-d8963287b318)
    ~/21260f3c-11dd-4339-9801-e4a2e3efdb67-69.js.map (debug id 21260f3c-11dd-4339-9801-e4a2e3efdb67)
    ~/21f4bc6b-f57f-4640-92dd-d858eb5ab01a-183.js.map (debug id 21f4bc6b-f57f-4640-92dd-d858eb5ab01a)
    ~/2292efa4-d6fe-4bab-92b7-f26665410237-142.js.map (debug id 2292efa4-d6fe-4bab-92b7-f26665410237)
    ~/233c3291-eb24-409f-8e81-716899e649b3-24.js.map (debug id 233c3291-eb24-409f-8e81-716899e649b3)
    ~/25303238-9031-47f1-86f5-1d2b5349aa3d-359.js.map (debug id 25303238-9031-47f1-86f5-1d2b5349aa3d)
    ~/2654a945-7102-4e37-aaee-b96b79bbcbac-159.js.map (debug id 2654a945-7102-4e37-aaee-b96b79bbcbac)
    ~/27323fbc-323b-4ba6-bb6e-8258f155eb1a-295.js.map (debug id 27323fbc-323b-4ba6-bb6e-8258f155eb1a)
    ~/2771f845-3247-4a30-bfdf-2a29e80970c5-208.js.map (debug id 2771f845-3247-4a30-bfdf-2a29e80970c5)
    ~/28ac6c9a-cfa2-4e91-8d55-bdae4e796408-42.js.map (debug id 28ac6c9a-cfa2-4e91-8d55-bdae4e796408)
    ~/291ca21e-373b-4a08-9bf5-46934a47c50e-233.js.map (debug id 291ca21e-373b-4a08-9bf5-46934a47c50e)
    ~/2a0a1edc-f298-4f4c-be6b-e7d37e7eade4-306.js.map (debug id 2a0a1edc-f298-4f4c-be6b-e7d37e7eade4)
    ~/2bc5c803-f3ab-49ab-90bc-c1f9c29a6049-197.js.map (debug id 2bc5c803-f3ab-49ab-90bc-c1f9c29a6049)
    ~/2c741cce-a1c6-4c35-a375-989254eec5a1-228.js.map (debug id 2c741cce-a1c6-4c35-a375-989254eec5a1)
    ~/2cd8826d-3bc8-482e-ac99-72578ed6fbd8-176.js.map (debug id 2cd8826d-3bc8-482e-ac99-72578ed6fbd8)
    ~/2d4d2ce6-ee4a-4009-b8cd-b2871613e61a-349.js.map (debug id 2d4d2ce6-ee4a-4009-b8cd-b2871613e61a)
    ~/2e4ca229-2cc9-4ecd-9f48-5dfcb675a926-283.js.map (debug id 2e4ca229-2cc9-4ecd-9f48-5dfcb675a926)
    ~/2e67b714-0963-4c53-889e-27ee2a5ecdb2-22.js.map (debug id 2e67b714-0963-4c53-889e-27ee2a5ecdb2)
    ~/2f7c0d96-66d9-4bf7-9cf3-9721f8cab3c5-316.js.map (debug id 2f7c0d96-66d9-4bf7-9cf3-9721f8cab3c5)
    ~/31eb2dfe-dc02-4963-b8c2-131de0968117-63.js.map (debug id 31eb2dfe-dc02-4963-b8c2-131de0968117)
    ~/32f3e6c8-f0e0-4f30-9dfc-e540f7ec71b2-242.js.map (debug id 32f3e6c8-f0e0-4f30-9dfc-e540f7ec71b2)
    ~/32f79332-d0ca-4701-89c7-061b97413a18-102.js.map (debug id 32f79332-d0ca-4701-89c7-061b97413a18)
    ~/331b2328-a7a2-4ccb-a71f-ef43f0a4d97f-244.js.map (debug id 331b2328-a7a2-4ccb-a71f-ef43f0a4d97f)
    ~/33b44b9f-20ae-4c16-91a7-d906d33653a8-248.js.map (debug id 33b44b9f-20ae-4c16-91a7-d906d33653a8)
    ~/3463f8ef-0ef8-4d7d-999d-474bbe4ad67b-178.js.map (debug id 3463f8ef-0ef8-4d7d-999d-474bbe4ad67b)
    ~/34c8c086-c997-44de-9a4a-fe8c219464d6-211.js.map (debug id 34c8c086-c997-44de-9a4a-fe8c219464d6)
    ~/370dee24-4554-483e-843a-03c0048f7b79-109.js.map (debug id 370dee24-4554-483e-843a-03c0048f7b79)
    ~/37bc50e7-def4-498b-9977-b225bbf69a56-344.js.map (debug id 37bc50e7-def4-498b-9977-b225bbf69a56)
    ~/383f1b58-cc38-494d-8b38-10811b58390b-324.js.map (debug id 383f1b58-cc38-494d-8b38-10811b58390b)
    ~/388b7b2e-c542-4bcd-94a4-e31776b52241-170.js.map (debug id 388b7b2e-c542-4bcd-94a4-e31776b52241)
    ~/3890c6ad-e79b-4249-920c-9dee06e97923-350.js.map (debug id 3890c6ad-e79b-4249-920c-9dee06e97923)
    ~/38b0802d-3de0-4f38-acfe-4e234a629f27-151.js.map (debug id 38b0802d-3de0-4f38-acfe-4e234a629f27)
    ~/39c19af4-af31-40ad-bb46-bb950f65d4b8-270.js.map (debug id 39c19af4-af31-40ad-bb46-bb950f65d4b8)
    ~/3adacbb1-d97d-4c99-9024-e87e5564fd25-15.js.map (debug id 3adacbb1-d97d-4c99-9024-e87e5564fd25)
    ~/3ae64a8d-d387-4283-8788-036e853ade85-71.js.map (debug id 3ae64a8d-d387-4283-8788-036e853ade85)
    ~/3c4257cc-22a9-4d15-941e-3aebe5d015bc-103.js.map (debug id 3c4257cc-22a9-4d15-941e-3aebe5d015bc)
    ~/3cf11751-f834-4361-96d7-cbd02ac29685-291.js.map (debug id 3cf11751-f834-4361-96d7-cbd02ac29685)
    ~/3e2205fb-e0c5-459d-a4ac-6ece154b4267-180.js.map (debug id 3e2205fb-e0c5-459d-a4ac-6ece154b4267)
    ~/3e2de692-0fea-4a39-98d9-8a48b3ee777c-3.js.map (debug id 3e2de692-0fea-4a39-98d9-8a48b3ee777c)
    ~/4018eddc-379d-4275-a390-ea61a33c7819-45.js.map (debug id 4018eddc-379d-4275-a390-ea61a33c7819)
    ~/419d3db4-b64e-4e20-9f0b-ff1b203a1a7c-259.js.map (debug id 419d3db4-b64e-4e20-9f0b-ff1b203a1a7c)
    ~/41a3cd13-4935-42e4-86ce-05e91f69892b-160.js.map (debug id 41a3cd13-4935-42e4-86ce-05e91f69892b)
    ~/4267b101-04b0-4e85-89d4-16f0f901d657-333.js.map (debug id 4267b101-04b0-4e85-89d4-16f0f901d657)
    ~/43efd33c-aedb-4781-9857-109e8f784825-328.js.map (debug id 43efd33c-aedb-4781-9857-109e8f784825)
    ~/442868ab-b64a-4b88-b89f-744dacbbf576-25.js.map (debug id 442868ab-b64a-4b88-b89f-744dacbbf576)
    ~/44afb42d-655c-4a0b-b668-3b3176d3bd84-169.js.map (debug id 44afb42d-655c-4a0b-b668-3b3176d3bd84)
    ~/44f3d4bf-1883-47c4-b131-62725c0fd317-10.js.map (debug id 44f3d4bf-1883-47c4-b131-62725c0fd317)
    ~/44fcb2a8-f7fe-4eba-9848-5d728c53fe22-214.js.map (debug id 44fcb2a8-f7fe-4eba-9848-5d728c53fe22)
    ~/45787c12-07d1-4e66-a070-672a69b67de2-177.js.map (debug id 45787c12-07d1-4e66-a070-672a69b67de2)
    ~/4794ce10-b1df-453b-9052-402373ab35d4-185.js.map (debug id 4794ce10-b1df-453b-9052-402373ab35d4)
    ~/47cb4ccc-39ed-4a09-a26f-1af82f9a970c-84.js.map (debug id 47cb4ccc-39ed-4a09-a26f-1af82f9a970c)
    ~/481bc71b-1111-4f51-a3f9-683531b0a249-78.js.map (debug id 481bc71b-1111-4f51-a3f9-683531b0a249)
    ~/485dda34-595b-4275-b7ab-30827f47ac30-87.js.map (debug id 485dda34-595b-4275-b7ab-30827f47ac30)
    ~/48698c12-0f69-4376-bd69-c5c5a68c8570-23.js.map (debug id 48698c12-0f69-4376-bd69-c5c5a68c8570)
    ~/4882d648-15eb-42ac-9fd9-dd7b0c8d98fa-263.js.map (debug id 4882d648-15eb-42ac-9fd9-dd7b0c8d98fa)
    ~/493002a2-4961-4be1-9b9a-4e20d1e00399-60.js.map (debug id 493002a2-4961-4be1-9b9a-4e20d1e00399)
    ~/4972eed8-e136-4c65-8a03-aafe3e407a29-173.js.map (debug id 4972eed8-e136-4c65-8a03-aafe3e407a29)
    ~/4a6c5df5-6640-48c9-978c-0573ca523cdc-289.js.map (debug id 4a6c5df5-6640-48c9-978c-0573ca523cdc)
    ~/4b3bccc6-9631-4101-92a7-515f05d9081e-8.js.map (debug id 4b3bccc6-9631-4101-92a7-515f05d9081e)
    ~/4d3dd332-24a0-4f1d-9acf-2597e51bd53d-88.js.map (debug id 4d3dd332-24a0-4f1d-9acf-2597e51bd53d)
    ~/4daf330b-7dc9-4ba6-8685-b04b3771c7d8-5.js.map (debug id 4daf330b-7dc9-4ba6-8685-b04b3771c7d8)
    ~/4dd483ad-025b-4be8-8193-f87c61ab6696-65.js.map (debug id 4dd483ad-025b-4be8-8193-f87c61ab6696)
    ~/4de65d38-c8e4-422e-8d0f-fcf137648fb5-175.js.map (debug id 4de65d38-c8e4-422e-8d0f-fcf137648fb5)
    ~/4e812855-f3b3-47e6-a933-0e6c38ce93e5-129.js.map (debug id 4e812855-f3b3-47e6-a933-0e6c38ce93e5)
    ~/500acae0-e868-4015-8c26-5bc2510eaaaa-355.js.map (debug id 500acae0-e868-4015-8c26-5bc2510eaaaa)
    ~/508da676-8254-4d17-a0c2-0b010e92c9ad-341.js.map (debug id 508da676-8254-4d17-a0c2-0b010e92c9ad)
    ~/50ce1ce2-aecb-49bf-a476-20551acc0b7c-330.js.map (debug id 50ce1ce2-aecb-49bf-a476-20551acc0b7c)
    ~/50f00823-5fda-4648-a131-293d4d9007db-133.js.map (debug id 50f00823-5fda-4648-a131-293d4d9007db)
    ~/51e80996-1da4-4151-b7c0-28a38316e497-56.js.map (debug id 51e80996-1da4-4151-b7c0-28a38316e497)
    ~/533a4e11-2bed-4c91-867c-128422c1f50a-161.js.map (debug id 533a4e11-2bed-4c91-867c-128422c1f50a)
    ~/53fe6be0-fb1d-4337-bb45-df95fb54e9fb-336.js.map (debug id 53fe6be0-fb1d-4337-bb45-df95fb54e9fb)
    ~/54ad8260-6741-4fb4-9489-801d82fdbd66-334.js.map (debug id 54ad8260-6741-4fb4-9489-801d82fdbd66)
    ~/55fdfafe-1920-48f5-ab6b-6dc56b769afc-210.js.map (debug id 55fdfafe-1920-48f5-ab6b-6dc56b769afc)
    ~/572513fe-a0ee-4c28-aa58-dead8c81e6c8-34.js.map (debug id 572513fe-a0ee-4c28-aa58-dead8c81e6c8)
    ~/57c1cb9b-f414-411f-93db-df839bb90b35-182.js.map (debug id 57c1cb9b-f414-411f-93db-df839bb90b35)
    ~/581ef5f7-6ea5-4f57-8623-a160f40edd95-152.js.map (debug id 581ef5f7-6ea5-4f57-8623-a160f40edd95)
    ~/5a5424bc-1787-482d-977c-7a8e7aa00fc5-286.js.map (debug id 5a5424bc-1787-482d-977c-7a8e7aa00fc5)
    ~/5a9202e5-f53b-4301-8fc0-ceed35ccf269-238.js.map (debug id 5a9202e5-f53b-4301-8fc0-ceed35ccf269)
    ~/5b93b875-efe3-4597-b430-ff0ea230f686-64.js.map (debug id 5b93b875-efe3-4597-b430-ff0ea230f686)
    ~/5ba89b81-8fb6-48cc-9a94-bb18cc08b870-326.js.map (debug id 5ba89b81-8fb6-48cc-9a94-bb18cc08b870)
    ~/5c68e723-573a-4c17-913d-39cc11e936b7-202.js.map (debug id 5c68e723-573a-4c17-913d-39cc11e936b7)
    ~/5d8eba20-d9c7-4682-b6f6-d4482cbf8dce-347.js.map (debug id 5d8eba20-d9c7-4682-b6f6-d4482cbf8dce)
    ~/5e54223f-c531-40d2-996c-73ea4cfcc434-162.js.map (debug id 5e54223f-c531-40d2-996c-73ea4cfcc434)
    ~/5fe5c235-2af5-4cfe-a858-38418a071855-17.js.map (debug id 5fe5c235-2af5-4cfe-a858-38418a071855)
    ~/60657f30-c228-48a7-bdd4-bbe6670016d4-179.js.map (debug id 60657f30-c228-48a7-bdd4-bbe6670016d4)
    ~/6104cc64-958b-4343-83d7-34844efba6d0-100.js.map (debug id 6104cc64-958b-4343-83d7-34844efba6d0)
    ~/6185a15f-e193-489c-b603-7c919a7ee21e-314.js.map (debug id 6185a15f-e193-489c-b603-7c919a7ee21e)
    ~/62c8e33c-caf8-4376-8a06-822d0f565dcb-294.js.map (debug id 62c8e33c-caf8-4376-8a06-822d0f565dcb)
    ~/633ae482-3e9b-435d-a048-1297f6727481-91.js.map (debug id 633ae482-3e9b-435d-a048-1297f6727481)
    ~/6384c075-403d-4d4e-bcc7-d81d5d9cd573-43.js.map (debug id 6384c075-403d-4d4e-bcc7-d81d5d9cd573)
    ~/63c680c6-f2a5-43b7-800f-547c4c6a4a28-16.js.map (debug id 63c680c6-f2a5-43b7-800f-547c4c6a4a28)
    ~/64a1db1e-3622-43a7-a202-bb8fcfb126d1-236.js.map (debug id 64a1db1e-3622-43a7-a202-bb8fcfb126d1)
    ~/64b1d5f5-b6b4-4678-b27d-9a3e77692309-85.js.map (debug id 64b1d5f5-b6b4-4678-b27d-9a3e77692309)
    ~/65d67a40-c84e-47a0-9f9d-82a695cb9760-325.js.map (debug id 65d67a40-c84e-47a0-9f9d-82a695cb9760)
    ~/6741666f-ef2b-414f-8d8c-38578d141b57-33.js.map (debug id 6741666f-ef2b-414f-8d8c-38578d141b57)
    ~/67c56803-70f3-4967-9a95-f622ef4563f5-99.js.map (debug id 67c56803-70f3-4967-9a95-f622ef4563f5)
    ~/67eb8389-2d69-4af3-a0d4-95e88fd8b80e-279.js.map (debug id 67eb8389-2d69-4af3-a0d4-95e88fd8b80e)
    ~/699bc855-56be-457c-aab4-9c53b70f3c3f-4.js.map (debug id 699bc855-56be-457c-aab4-9c53b70f3c3f)
    ~/69cf9ac1-acc5-480f-9a81-857bb027df28-181.js.map (debug id 69cf9ac1-acc5-480f-9a81-857bb027df28)
    ~/6a6ae00a-9780-42e0-81a0-5779ae6844ee-145.js.map (debug id 6a6ae00a-9780-42e0-81a0-5779ae6844ee)
    ~/6b2fecbf-2804-4f4f-9d48-994e83d236bf-9.js.map (debug id 6b2fecbf-2804-4f4f-9d48-994e83d236bf)
    ~/6b79cd55-68cf-4cf1-aafe-43a443c1e29a-168.js.map (debug id 6b79cd55-68cf-4cf1-aafe-43a443c1e29a)
    ~/6c9c41fc-9794-4266-830f-b0c66cace234-360.js.map (debug id 6c9c41fc-9794-4266-830f-b0c66cace234)
    ~/6caf1ea2-b7ef-49d1-8a17-3080005706fa-172.js.map (debug id 6caf1ea2-b7ef-49d1-8a17-3080005706fa)
    ~/6dc9c2cd-278e-438d-8cc2-30e1fe7424eb-150.js.map (debug id 6dc9c2cd-278e-438d-8cc2-30e1fe7424eb)
    ~/6e6e43f8-5d40-43d6-9ce9-ff0b40dc38de-184.js.map (debug id 6e6e43f8-5d40-43d6-9ce9-ff0b40dc38de)
    ~/6efa62e4-9120-49d1-98a0-a395440923f4-171.js.map (debug id 6efa62e4-9120-49d1-98a0-a395440923f4)
    ~/6f776104-456c-4075-bce5-9f66cd6e8274-345.js.map (debug id 6f776104-456c-4075-bce5-9f66cd6e8274)
    ~/70164127-7bf8-457d-a3c0-21af1342f2fa-215.js.map (debug id 70164127-7bf8-457d-a3c0-21af1342f2fa)
    ~/705ca30b-78f7-4185-8df1-69cf2a6a4b2c-234.js.map (debug id 705ca30b-78f7-4185-8df1-69cf2a6a4b2c)
    ~/71019467-818d-4eef-a3cf-f6ee33aa447b-266.js.map (debug id 71019467-818d-4eef-a3cf-f6ee33aa447b)
    ~/71618830-42cd-4e45-81d3-ff538f55f038-343.js.map (debug id 71618830-42cd-4e45-81d3-ff538f55f038)
    ~/71761ff2-e99d-4e3f-a230-e95c122cd6a4-245.js.map (debug id 71761ff2-e99d-4e3f-a230-e95c122cd6a4)
    ~/7494a95e-a6ae-4e8c-8ae2-d8b0333887a6-166.js.map (debug id 7494a95e-a6ae-4e8c-8ae2-d8b0333887a6)
    ~/7570412a-b1c8-4e5d-87f8-9476ffd96d40-322.js.map (debug id 7570412a-b1c8-4e5d-87f8-9476ffd96d40)
    ~/75b330a5-0a51-41cd-a445-d59e605787c2-230.js.map (debug id 75b330a5-0a51-41cd-a445-d59e605787c2)
    ~/7695ef7d-c207-4739-8901-61bfd004082b-205.js.map (debug id 7695ef7d-c207-4739-8901-61bfd004082b)
    ~/76fe7fad-a2cb-4dc1-8274-ce6f9845dafe-130.js.map (debug id 76fe7fad-a2cb-4dc1-8274-ce6f9845dafe)
    ~/77ac6582-0e01-4373-922a-78464d5c622d-253.js.map (debug id 77ac6582-0e01-4373-922a-78464d5c622d)
    ~/77c520c3-9dbe-4e1d-8462-d40cc0d64d4d-128.js.map (debug id 77c520c3-9dbe-4e1d-8462-d40cc0d64d4d)
    ~/78c1d3ae-a429-4cd9-91ff-4757401dab40-70.js.map (debug id 78c1d3ae-a429-4cd9-91ff-4757401dab40)
    ~/78cc44d9-1ff7-41b9-9018-1c85ba40c8f8-240.js.map (debug id 78cc44d9-1ff7-41b9-9018-1c85ba40c8f8)
    ~/78d75680-20f8-4ca3-98ab-a24477023d6e-310.js.map (debug id 78d75680-20f8-4ca3-98ab-a24477023d6e)
    ~/791991f9-5af6-4de1-8002-3008f3a73125-83.js.map (debug id 791991f9-5af6-4de1-8002-3008f3a73125)
    ~/79250dce-561f-4061-a11e-512b211774fa-196.js.map (debug id 79250dce-561f-4061-a11e-512b211774fa)
    ~/794363d8-20cc-4476-a59a-d7586927a6e8-232.js.map (debug id 794363d8-20cc-4476-a59a-d7586927a6e8)
    ~/796f27db-5e1c-41c6-a60b-8aedcf25aac2-37.js.map (debug id 796f27db-5e1c-41c6-a60b-8aedcf25aac2)
    ~/7a02997c-9240-41a6-8386-0a2fed27a7d6-46.js.map (debug id 7a02997c-9240-41a6-8386-0a2fed27a7d6)
    ~/7a8dab3f-c67f-47b8-9c82-96c2522d9645-29.js.map (debug id 7a8dab3f-c67f-47b8-9c82-96c2522d9645)
    ~/7a9ce5e1-0556-4187-baa8-1b67950a9959-219.js.map (debug id 7a9ce5e1-0556-4187-baa8-1b67950a9959)
    ~/7ad64435-2c37-4871-a687-06e0d917bd3d-293.js.map (debug id 7ad64435-2c37-4871-a687-06e0d917bd3d)
    ~/7ad749c1-d7aa-46ad-801e-ade0d12e3cbe-2.js.map (debug id 7ad749c1-d7aa-46ad-801e-ade0d12e3cbe)
    ~/7ae0f07d-1039-4415-a22b-69c699ac6306-218.js.map (debug id 7ae0f07d-1039-4415-a22b-69c699ac6306)
    ~/7afec080-fa60-4cb5-b2d9-4d61867c6b4a-315.js.map (debug id 7afec080-fa60-4cb5-b2d9-4d61867c6b4a)
    ~/7c962918-290f-4927-9c46-409f64a038d0-35.js.map (debug id 7c962918-290f-4927-9c46-409f64a038d0)
    ~/7ff5caf5-570a-4760-ae1e-cc996365dfee-342.js.map (debug id 7ff5caf5-570a-4760-ae1e-cc996365dfee)
    ~/8062f6f8-7442-4504-8d71-4df1afe2fbdf-188.js.map (debug id 8062f6f8-7442-4504-8d71-4df1afe2fbdf)
    ~/80bf80ad-d51b-42d6-a61c-5ad723790a34-101.js.map (debug id 80bf80ad-d51b-42d6-a61c-5ad723790a34)
    ~/8191155b-a106-4ca8-a7a2-30598797fe57-320.js.map (debug id 8191155b-a106-4ca8-a7a2-30598797fe57)
    ~/82791e31-cf1f-4653-9aff-e9c649e5718e-163.js.map (debug id 82791e31-cf1f-4653-9aff-e9c649e5718e)
    ~/837c6f44-210b-4b3a-a5e0-f6df86594cc4-287.js.map (debug id 837c6f44-210b-4b3a-a5e0-f6df86594cc4)
    ~/84808fd0-18bd-4ca0-900b-03242da6d032-93.js.map (debug id 84808fd0-18bd-4ca0-900b-03242da6d032)
    ~/84afc6a0-c359-4290-8c2f-0d19e33768cb-239.js.map (debug id 84afc6a0-c359-4290-8c2f-0d19e33768cb)
    ~/85c01cd4-3e1c-464f-995a-920d2f9fa5f7-237.js.map (debug id 85c01cd4-3e1c-464f-995a-920d2f9fa5f7)
    ~/8682d9e7-0db4-4c4d-ac2b-79beb71e5d25-48.js.map (debug id 8682d9e7-0db4-4c4d-ac2b-79beb71e5d25)
    ~/868f851f-5e8e-4f41-b352-94561deb3bb6-115.js.map (debug id 868f851f-5e8e-4f41-b352-94561deb3bb6)
    ~/88ccb643-565d-4348-9226-97af12334cec-72.js.map (debug id 88ccb643-565d-4348-9226-97af12334cec)
    ~/8af9ef55-b960-4f3a-a10a-fdc4806bfcf5-186.js.map (debug id 8af9ef55-b960-4f3a-a10a-fdc4806bfcf5)
    ~/8bff536f-0f52-4965-a2bd-25e18efaf96f-203.js.map (debug id 8bff536f-0f52-4965-a2bd-25e18efaf96f)
    ~/8c34188e-afcf-44e3-8616-647485cfe8ef-57.js.map (debug id 8c34188e-afcf-44e3-8616-647485cfe8ef)
    ~/8d95b7cf-3f4b-47da-8ab9-be917c31c826-290.js.map (debug id 8d95b7cf-3f4b-47da-8ab9-be917c31c826)
    ~/8ff47a52-e3f3-426c-9e29-2b5863a17ee5-288.js.map (debug id 8ff47a52-e3f3-426c-9e29-2b5863a17ee5)
    ~/903bae3f-e718-4f86-9bb6-c100474f13b6-275.js.map (debug id 903bae3f-e718-4f86-9bb6-c100474f13b6)
    ~/90c284d6-53f0-47e0-83fd-a31d688dd8d0-123.js.map (debug id 90c284d6-53f0-47e0-83fd-a31d688dd8d0)
    ~/911dc69f-71c1-4b9b-aea0-df425e9cf1f9-285.js.map (debug id 911dc69f-71c1-4b9b-aea0-df425e9cf1f9)
    ~/91e0753c-1c84-4bfa-baf7-35214edb227f-301.js.map (debug id 91e0753c-1c84-4bfa-baf7-35214edb227f)
    ~/930d24b6-3f06-4e59-a1d4-8a692b4d23aa-61.js.map (debug id 930d24b6-3f06-4e59-a1d4-8a692b4d23aa)
    ~/933b71da-1c35-4b1a-91ce-7a8b839fb3ad-95.js.map (debug id 933b71da-1c35-4b1a-91ce-7a8b839fb3ad)
    ~/946045d8-9d0f-46cc-9eef-5c7b828321d7-80.js.map (debug id 946045d8-9d0f-46cc-9eef-5c7b828321d7)
    ~/9586f621-88ef-498c-92dc-59dc67a8688d-271.js.map (debug id 9586f621-88ef-498c-92dc-59dc67a8688d)
    ~/95c786b7-b932-4bbe-a0d4-e69ee18d7d59-187.js.map (debug id 95c786b7-b932-4bbe-a0d4-e69ee18d7d59)
    ~/95f9f13e-794b-4e75-9fc6-d09a7f8051e7-204.js.map (debug id 95f9f13e-794b-4e75-9fc6-d09a7f8051e7)
    ~/97ec6cea-407c-4daf-8814-d9cd7339d462-124.js.map (debug id 97ec6cea-407c-4daf-8814-d9cd7339d462)
    ~/98b8a35a-9369-4846-8544-584d5dd08aab-269.js.map (debug id 98b8a35a-9369-4846-8544-584d5dd08aab)
    ~/98fbfe13-c1e7-40fe-8acf-b26f5b5080cf-249.js.map (debug id 98fbfe13-c1e7-40fe-8acf-b26f5b5080cf)
    ~/9990a98b-cdb2-4105-b993-646e8891c6e0-127.js.map (debug id 9990a98b-cdb2-4105-b993-646e8891c6e0)
    ~/9a29cc74-5078-4b17-bc78-dba764e0e289-164.js.map (debug id 9a29cc74-5078-4b17-bc78-dba764e0e289)
    ~/9ca8dc71-809e-4f4b-8fb4-e98bae07d4ca-157.js.map (debug id 9ca8dc71-809e-4f4b-8fb4-e98bae07d4ca)
    ~/9cf54e1c-72a2-4a0e-bbe5-d8ddb3de0aee-30.js.map (debug id 9cf54e1c-72a2-4a0e-bbe5-d8ddb3de0aee)
    ~/9d832748-dd16-449c-adef-6e490453be52-105.js.map (debug id 9d832748-dd16-449c-adef-6e490453be52)
    ~/9da3d9f1-baf0-4d7d-983a-79d0d4060e76-339.js.map (debug id 9da3d9f1-baf0-4d7d-983a-79d0d4060e76)
    ~/9e4ba6b1-62b7-4840-a491-9c18c15d5e0a-268.js.map (debug id 9e4ba6b1-62b7-4840-a491-9c18c15d5e0a)
    ~/a0134fda-ee5d-44d0-987c-10b41038f72f-200.js.map (debug id a0134fda-ee5d-44d0-987c-10b41038f72f)
    ~/a02f2825-733e-46a2-befb-50696ef67c10-139.js.map (debug id a02f2825-733e-46a2-befb-50696ef67c10)
    ~/a1098edb-92b4-4c03-a62c-1490d9b4ca5c-212.js.map (debug id a1098edb-92b4-4c03-a62c-1490d9b4ca5c)
    ~/a280bde4-913a-46ad-9e89-ae5bceab477a-32.js.map (debug id a280bde4-913a-46ad-9e89-ae5bceab477a)
    ~/a2c10bf9-52e8-4ea9-8ddb-05951ec0ea0d-116.js.map (debug id a2c10bf9-52e8-4ea9-8ddb-05951ec0ea0d)
    ~/a3c56c5b-27ed-46b0-826e-8194caea9696-276.js.map (debug id a3c56c5b-27ed-46b0-826e-8194caea9696)
    ~/a4cee745-0209-4935-9c2c-9280daec0133-0.js.map (debug id a4cee745-0209-4935-9c2c-9280daec0133)
    ~/a4fc5adf-3450-411b-9d1f-53753a308872-256.js.map (debug id a4fc5adf-3450-411b-9d1f-53753a308872)
    ~/a4fdb23d-801c-4f5f-8c8f-3e438994de81-126.js.map (debug id a4fdb23d-801c-4f5f-8c8f-3e438994de81)
    ~/a5cc79e7-5a9a-4d04-91d8-16874bb48204-254.js.map (debug id a5cc79e7-5a9a-4d04-91d8-16874bb48204)
    ~/a5d92b85-9c1f-445d-90c1-ff8bbd01abe8-198.js.map (debug id a5d92b85-9c1f-445d-90c1-ff8bbd01abe8)
    ~/a61ccf42-0c81-4ec6-adcd-93c55ef6b52c-59.js.map (debug id a61ccf42-0c81-4ec6-adcd-93c55ef6b52c)
    ~/a6c05fa9-80e2-4cce-98d0-9ae7a80d2107-165.js.map (debug id a6c05fa9-80e2-4cce-98d0-9ae7a80d2107)
    ~/a71172f5-1356-4247-b8cf-1be2334283d5-114.js.map (debug id a71172f5-1356-4247-b8cf-1be2334283d5)
    ~/a92286a5-ca80-4355-9e56-8cd93341faae-20.js.map (debug id a92286a5-ca80-4355-9e56-8cd93341faae)
    ~/a926c08a-3e0f-4e96-8dde-40f3e0559974-220.js.map (debug id a926c08a-3e0f-4e96-8dde-40f3e0559974)
    ~/a93efa22-e529-48d8-b5d9-cac4970eeb3b-195.js.map (debug id a93efa22-e529-48d8-b5d9-cac4970eeb3b)
    ~/a9b8e04f-56e6-4eaf-86ad-13bdc62ba050-167.js.map (debug id a9b8e04f-56e6-4eaf-86ad-13bdc62ba050)
    ~/a9f678cc-9e9f-4af1-9ae4-a2e45d3811ec-147.js.map (debug id a9f678cc-9e9f-4af1-9ae4-a2e45d3811ec)
    ~/aa35ea34-2677-4a96-8aa0-e418d542de23-265.js.map (debug id aa35ea34-2677-4a96-8aa0-e418d542de23)
    ~/abe8322b-2d45-47db-bc15-6fc23b81647b-327.js.map (debug id abe8322b-2d45-47db-bc15-6fc23b81647b)
    ~/ac0766c3-95f1-42b7-aa66-c63d85b5a800-138.js.map (debug id ac0766c3-95f1-42b7-aa66-c63d85b5a800)
    ~/acac4246-e8f8-478d-b9a9-082462ceeee0-312.js.map (debug id acac4246-e8f8-478d-b9a9-082462ceeee0)
    ~/ad35a33a-fd5d-4e22-8730-45dc504fe683-332.js.map (debug id ad35a33a-fd5d-4e22-8730-45dc504fe683)
    ~/ad3bc41c-947b-4ed1-ab19-fd8a0fd8cc9d-140.js.map (debug id ad3bc41c-947b-4ed1-ab19-fd8a0fd8cc9d)
    ~/ad8fac02-056f-4d78-b897-af4f106b7db8-224.js.map (debug id ad8fac02-056f-4d78-b897-af4f106b7db8)
    ~/ade2d687-e706-4a42-b5fc-fbae3264a89b-39.js.map (debug id ade2d687-e706-4a42-b5fc-fbae3264a89b)
    ~/ae3c26ea-7d34-4e9e-884c-c3da42e27f75-223.js.map (debug id ae3c26ea-7d34-4e9e-884c-c3da42e27f75)
    ~/b002980a-c125-4378-9971-4385a5ff4021-257.js.map (debug id b002980a-c125-4378-9971-4385a5ff4021)
    ~/b125f86a-e428-4a21-bc16-b6dc6da8a44d-304.js.map (debug id b125f86a-e428-4a21-bc16-b6dc6da8a44d)
    ~/b17a0786-7faf-487f-9c47-7ee48655300c-258.js.map (debug id b17a0786-7faf-487f-9c47-7ee48655300c)
    ~/b17b2540-4800-49b6-8de4-1cadc3dddda4-250.js.map (debug id b17b2540-4800-49b6-8de4-1cadc3dddda4)
    ~/b1e6a02a-06d5-44d6-b578-b268408309dd-108.js.map (debug id b1e6a02a-06d5-44d6-b578-b268408309dd)
    ~/b1f8d213-f3f9-4fd6-b751-9599aca12d54-313.js.map (debug id b1f8d213-f3f9-4fd6-b751-9599aca12d54)
    ~/b2facfc5-e7dc-4411-bacd-eed2f318009f-340.js.map (debug id b2facfc5-e7dc-4411-bacd-eed2f318009f)
    ~/b2fb6a6f-0586-4345-ba68-66e756f4d22d-144.js.map (debug id b2fb6a6f-0586-4345-ba68-66e756f4d22d)
    ~/b343288d-1a87-49a1-ab18-5c286fb77c76-305.js.map (debug id b343288d-1a87-49a1-ab18-5c286fb77c76)
    ~/b49592f9-988d-4735-9a30-05e3d34a1835-120.js.map (debug id b49592f9-988d-4735-9a30-05e3d34a1835)
    ~/b4b95556-2a8e-4db6-a6b3-1dbfa421806f-96.js.map (debug id b4b95556-2a8e-4db6-a6b3-1dbfa421806f)
    ~/b5bee051-90d0-44c7-854c-82c76f10f9ed-278.js.map (debug id b5bee051-90d0-44c7-854c-82c76f10f9ed)
    ~/b81c36d2-c8e8-48f9-834d-45ed1f21979d-206.js.map (debug id b81c36d2-c8e8-48f9-834d-45ed1f21979d)
    ~/b8971d46-75a0-4247-90af-d181f529c82f-97.js.map (debug id b8971d46-75a0-4247-90af-d181f529c82f)
    ~/b9a8f909-e028-496a-82ca-b7a94697457a-36.js.map (debug id b9a8f909-e028-496a-82ca-b7a94697457a)
    ~/b9ef4d89-53e1-43a4-be03-3080a26b8f6d-1.js.map (debug id b9ef4d89-53e1-43a4-be03-3080a26b8f6d)
    ~/baa23359-7795-4e0e-830d-68df30813c8d-19.js.map (debug id baa23359-7795-4e0e-830d-68df30813c8d)
    ~/bab9760f-3e0c-44e2-9dbf-521ac4d63c80-227.js.map (debug id bab9760f-3e0c-44e2-9dbf-521ac4d63c80)
    ~/baba68d2-61d0-4a33-9506-ad9289598170-44.js.map (debug id baba68d2-61d0-4a33-9506-ad9289598170)
    ~/bb32291d-5f7e-48a0-a1cf-5ac1cf4d0a2c-98.js.map (debug id bb32291d-5f7e-48a0-a1cf-5ac1cf4d0a2c)
    ~/bc9197a4-a7c2-41ce-94be-6b0628080812-353.js.map (debug id bc9197a4-a7c2-41ce-94be-6b0628080812)
    ~/bd8ac9da-2117-4fcf-a273-495413a7cb28-296.js.map (debug id bd8ac9da-2117-4fcf-a273-495413a7cb28)
    ~/bdc5976e-12b3-424a-8255-4243b9d813a4-146.js.map (debug id bdc5976e-12b3-424a-8255-4243b9d813a4)
    ~/bef0fff0-405c-45ed-a271-06d48f921fda-112.js.map (debug id bef0fff0-405c-45ed-a271-06d48f921fda)
    ~/bf6fd8dc-9756-4f61-90e1-d821657c56ff-26.js.map (debug id bf6fd8dc-9756-4f61-90e1-d821657c56ff)
    ~/c06d7f31-8f86-4879-a6f2-09f9c98d3146-292.js.map (debug id c06d7f31-8f86-4879-a6f2-09f9c98d3146)
    ~/c1e359e1-6dc9-4244-a89e-e407ee356cc2-81.js.map (debug id c1e359e1-6dc9-4244-a89e-e407ee356cc2)
    ~/c1f09c16-3261-4480-bf5a-ef84acb77f44-28.js.map (debug id c1f09c16-3261-4480-bf5a-ef84acb77f44)
    ~/c289d9d9-3307-44ac-9646-1462d461426e-354.js.map (debug id c289d9d9-3307-44ac-9646-1462d461426e)
    ~/c40cad1e-302c-45b8-8a54-505f40c417e0-317.js.map (debug id c40cad1e-302c-45b8-8a54-505f40c417e0)
    ~/c5b669db-95c9-4101-9252-2fb6a90d15f3-213.js.map (debug id c5b669db-95c9-4101-9252-2fb6a90d15f3)
    ~/c657a4c9-e175-482d-8fa4-1f527e4bea4b-148.js.map (debug id c657a4c9-e175-482d-8fa4-1f527e4bea4b)
    ~/c6e397c5-8b20-4033-84b6-8e4fb3e6a14a-241.js.map (debug id c6e397c5-8b20-4033-84b6-8e4fb3e6a14a)
    ~/c81400b9-49fe-43de-ac29-83c7600ea8b3-111.js.map (debug id c81400b9-49fe-43de-ac29-83c7600ea8b3)
    ~/c8ef588d-93f7-4c50-a2f3-846b3bff295f-18.js.map (debug id c8ef588d-93f7-4c50-a2f3-846b3bff295f)
    ~/c9a4b153-5a44-4851-b775-556037bf0e5d-331.js.map (debug id c9a4b153-5a44-4851-b775-556037bf0e5d)
    ~/cad7d40e-2cac-4f73-98ae-dfa44a019b48-255.js.map (debug id cad7d40e-2cac-4f73-98ae-dfa44a019b48)
    ~/cae7c0f6-702c-41a9-b1fe-24b11939f66d-77.js.map (debug id cae7c0f6-702c-41a9-b1fe-24b11939f66d)
    ~/cb163798-05cb-4d63-a528-e84f21f631e4-54.js.map (debug id cb163798-05cb-4d63-a528-e84f21f631e4)
    ~/cbc73a06-abaa-45d8-ae9b-90d1fd6a5863-302.js.map (debug id cbc73a06-abaa-45d8-ae9b-90d1fd6a5863)
    ~/cbd3513a-c643-4599-8f86-efadbcc648c2-273.js.map (debug id cbd3513a-c643-4599-8f86-efadbcc648c2)
    ~/cc096c02-eb31-4668-a653-d8e58e8c6c59-153.js.map (debug id cc096c02-eb31-4668-a653-d8e58e8c6c59)
    ~/cc5642f6-6a55-435c-98cd-c23e792d7528-6.js.map (debug id cc5642f6-6a55-435c-98cd-c23e792d7528)
    ~/cc76e1b7-50e2-48f6-85c0-8e51edcba908-337.js.map (debug id cc76e1b7-50e2-48f6-85c0-8e51edcba908)
    ~/cd6e44fb-f905-4691-bce4-ae53b71718e1-361.js.map (debug id cd6e44fb-f905-4691-bce4-ae53b71718e1)
    ~/cdbb9092-9e5e-4372-814d-090f9917f7aa-13.js.map (debug id cdbb9092-9e5e-4372-814d-090f9917f7aa)
    ~/ce487dca-f581-4dad-917b-eceaaf523d18-282.js.map (debug id ce487dca-f581-4dad-917b-eceaaf523d18)
    ~/cf1df05b-7937-4307-990b-76b8db65a12c-351.js.map (debug id cf1df05b-7937-4307-990b-76b8db65a12c)
    ~/cf2df643-01c4-4f19-bdc8-aa094075fcd9-94.js.map (debug id cf2df643-01c4-4f19-bdc8-aa094075fcd9)
    ~/cf6faf0b-8c0c-4813-80fe-7c2a3300f8ff-47.js.map (debug id cf6faf0b-8c0c-4813-80fe-7c2a3300f8ff)
    ~/cfc7653e-32c3-41fb-a61d-2fcdb818a302-348.js.map (debug id cfc7653e-32c3-41fb-a61d-2fcdb818a302)
    ~/d0a4b864-6553-48af-a566-cdfa579764d5-75.js.map (debug id d0a4b864-6553-48af-a566-cdfa579764d5)
    ~/d0f94d74-3c4b-46db-85d1-5b48512f8746-243.js.map (debug id d0f94d74-3c4b-46db-85d1-5b48512f8746)
    ~/d23dfd1e-81f1-4967-a53c-051c30801843-27.js.map (debug id d23dfd1e-81f1-4967-a53c-051c30801843)
    ~/d240b581-d992-49e2-b9c9-76cc72ff77ee-125.js.map (debug id d240b581-d992-49e2-b9c9-76cc72ff77ee)
    ~/d32a0aec-96f3-460b-9877-c0face991a28-49.js.map (debug id d32a0aec-96f3-460b-9877-c0face991a28)
    ~/d3b0acfb-1b9e-490f-a81f-6845e68ec4e8-156.js.map (debug id d3b0acfb-1b9e-490f-a81f-6845e68ec4e8)
    ~/d3bd6a3d-530a-4a90-ba60-3c855dd67432-135.js.map (debug id d3bd6a3d-530a-4a90-ba60-3c855dd67432)
    ~/d640abcb-72df-4481-8823-ce33f7418336-141.js.map (debug id d640abcb-72df-4481-8823-ce33f7418336)
    ~/d7e4526d-579d-4170-91fc-f0b8764ee3e4-12.js.map (debug id d7e4526d-579d-4170-91fc-f0b8764ee3e4)
    ~/d7ea4798-4c09-47d5-8a01-e30984839c8b-260.js.map (debug id d7ea4798-4c09-47d5-8a01-e30984839c8b)
    ~/d8670341-c47a-4987-a633-b83245155733-11.js.map (debug id d8670341-c47a-4987-a633-b83245155733)
    ~/d946bc6f-e218-496c-a3cd-d67416224076-82.js.map (debug id d946bc6f-e218-496c-a3cd-d67416224076)
    ~/d9db2c13-f32f-45d1-9bec-a022010daf0b-136.js.map (debug id d9db2c13-f32f-45d1-9bec-a022010daf0b)
    ~/da504e45-92d5-4a4d-9de3-764d03a11e5e-199.js.map (debug id da504e45-92d5-4a4d-9de3-764d03a11e5e)
    ~/da51476b-c654-45ea-a1c0-c08257cdf483-357.js.map (debug id da51476b-c654-45ea-a1c0-c08257cdf483)
    ~/dafdea90-ed1e-4b18-89ea-2369e74be364-225.js.map (debug id dafdea90-ed1e-4b18-89ea-2369e74be364)
    ~/db095168-9629-42cd-8179-9ac9c5e9abb0-76.js.map (debug id db095168-9629-42cd-8179-9ac9c5e9abb0)
    ~/db3720c7-0a33-44a4-aa14-f526874a895a-41.js.map (debug id db3720c7-0a33-44a4-aa14-f526874a895a)
    ~/dba9714b-4e26-4478-af75-2191d08189db-298.js.map (debug id dba9714b-4e26-4478-af75-2191d08189db)
    ~/ddb24a09-ab63-49ae-95cc-f1e5b043c61a-307.js.map (debug id ddb24a09-ab63-49ae-95cc-f1e5b043c61a)
    ~/ddc7e237-ea6a-4cd8-ac4d-740fb09a5771-251.js.map (debug id ddc7e237-ea6a-4cd8-ac4d-740fb09a5771)
    ~/de36d693-48c1-4b4c-92b2-f705304f1c32-149.js.map (debug id de36d693-48c1-4b4c-92b2-f705304f1c32)
    ~/de4db3b7-5865-4269-8f43-7daedf68283d-329.js.map (debug id de4db3b7-5865-4269-8f43-7daedf68283d)
    ~/dff55d6d-7801-42fc-b417-46d3b67ac31a-21.js.map (debug id dff55d6d-7801-42fc-b417-46d3b67ac31a)
    ~/e0775e0b-50f1-434a-a494-61db8f9f7bbe-338.js.map (debug id e0775e0b-50f1-434a-a494-61db8f9f7bbe)
    ~/e09f2f09-fffc-4bb1-a99e-73a5b6c05598-68.js.map (debug id e09f2f09-fffc-4bb1-a99e-73a5b6c05598)
    ~/e162ca72-30e9-444c-974d-fff5019aa436-346.js.map (debug id e162ca72-30e9-444c-974d-fff5019aa436)
    ~/e2760440-5fc9-4d8e-87c8-a4ba1d5be7eb-321.js.map (debug id e2760440-5fc9-4d8e-87c8-a4ba1d5be7eb)
    ~/e3623534-ace2-4b05-9085-abb6156c4ea0-117.js.map (debug id e3623534-ace2-4b05-9085-abb6156c4ea0)
    ~/e407d229-edab-4108-8a79-6a6fda5d8cae-121.js.map (debug id e407d229-edab-4108-8a79-6a6fda5d8cae)
    ~/e55e11d9-f235-49a7-9732-56f3e3c44b5d-58.js.map (debug id e55e11d9-f235-49a7-9732-56f3e3c44b5d)
    ~/e5cb4e4c-62ba-4013-a3f8-45dcf738187a-335.js.map (debug id e5cb4e4c-62ba-4013-a3f8-45dcf738187a)
    ~/e71b9a19-8fd6-44ae-bc77-534d70b8807a-62.js.map (debug id e71b9a19-8fd6-44ae-bc77-534d70b8807a)
    ~/e769bcc4-638d-48fe-b485-817999fc9877-132.js.map (debug id e769bcc4-638d-48fe-b485-817999fc9877)
    ~/e89b5181-c951-465f-806f-04ab80ce3806-277.js.map (debug id e89b5181-c951-465f-806f-04ab80ce3806)
    ~/ea663099-d4f1-47a0-a21d-4af81cb11893-134.js.map (debug id ea663099-d4f1-47a0-a21d-4af81cb11893)
    ~/ea769415-cc1b-4a12-99e1-3207db5692b4-66.js.map (debug id ea769415-cc1b-4a12-99e1-3207db5692b4)
    ~/ea92027b-72a4-4459-b43e-1d147af4f54a-267.js.map (debug id ea92027b-72a4-4459-b43e-1d147af4f54a)
    ~/ebfaf2d8-c32b-42ba-a044-8a28bf92afdf-303.js.map (debug id ebfaf2d8-c32b-42ba-a044-8a28bf92afdf)
    ~/ed0ae34c-6a54-4d7b-b7fb-573cc2f7179c-226.js.map (debug id ed0ae34c-6a54-4d7b-b7fb-573cc2f7179c)
    ~/ed4971ad-11a9-4321-8267-64159fad6bd7-297.js.map (debug id ed4971ad-11a9-4321-8267-64159fad6bd7)
    ~/ede53d3e-a79e-46b4-82ad-95c96587fb43-352.js.map (debug id ede53d3e-a79e-46b4-82ad-95c96587fb43)
    ~/ee782ada-ad22-4fbb-8932-6e9f39cf11bc-216.js.map (debug id ee782ada-ad22-4fbb-8932-6e9f39cf11bc)
    ~/ef3b7662-217f-474d-b361-694622f508ba-74.js.map (debug id ef3b7662-217f-474d-b361-694622f508ba)
    ~/f063cd19-84cf-42c3-8677-11c5fb55c9aa-284.js.map (debug id f063cd19-84cf-42c3-8677-11c5fb55c9aa)
    ~/f0a3526b-6a56-4b6b-869c-d578d701097d-356.js.map (debug id f0a3526b-6a56-4b6b-869c-d578d701097d)
    ~/f1a5a3f0-bea4-44c9-be32-edb1c1e7dc82-229.js.map (debug id f1a5a3f0-bea4-44c9-be32-edb1c1e7dc82)
    ~/f1ef632a-d827-44da-b33b-968d5c734d0a-155.js.map (debug id f1ef632a-d827-44da-b33b-968d5c734d0a)
    ~/f3638cec-c865-498b-afcb-806c215f650e-7.js.map (debug id f3638cec-c865-498b-afcb-806c215f650e)
    ~/f3c2feb4-ff6e-4ff9-bdff-6e04eafade3d-264.js.map (debug id f3c2feb4-ff6e-4ff9-bdff-6e04eafade3d)
    ~/f56c523c-3837-4c58-a511-94851c53412c-300.js.map (debug id f56c523c-3837-4c58-a511-94851c53412c)
    ~/f58f7558-7bac-405e-a217-c6e4839df77b-281.js.map (debug id f58f7558-7bac-405e-a217-c6e4839df77b)
    ~/f77b4ab6-0984-4df5-9a54-9de1fa2e3c1f-209.js.map (debug id f77b4ab6-0984-4df5-9a54-9de1fa2e3c1f)
    ~/f86bed7e-e3f3-4744-9bc2-915c71c791b1-52.js.map (debug id f86bed7e-e3f3-4744-9bc2-915c71c791b1)
    ~/f8922af3-6a3d-49ee-97ed-52ca5ad9c604-217.js.map (debug id f8922af3-6a3d-49ee-97ed-52ca5ad9c604)
    ~/f9395ee8-d4b5-4b58-96bf-a2f0a7c52fa2-174.js.map (debug id f9395ee8-d4b5-4b58-96bf-a2f0a7c52fa2)
    ~/fa17a751-5d54-4cd9-8fd3-83d19321913c-38.js.map (debug id fa17a751-5d54-4cd9-8fd3-83d19321913c)
    ~/fd66a786-47c6-4e56-a012-6949404e9469-207.js.map (debug id fd66a786-47c6-4e56-a012-6949404e9469)
    ~/fe3210c4-4128-43a1-9046-8850948236bc-235.js.map (debug id fe3210c4-4128-43a1-9046-8850948236bc)
    ~/ff1962dd-0ba8-45ac-83a1-4603d13ab7e2-192.js.map (debug id ff1962dd-0ba8-45ac-83a1-4603d13ab7e2)
[@sentry/nextjs - Node.js] Info: Successfully uploaded source maps to Sentry
[@sentry/nextjs - Edge] Info: Sending telemetry data on issues and performance to Sentry. To disable telemetry, set `options.telemetry` to `false`.
> Found 734 files
> Analyzing 734 sources
> Analyzing completed in 0.071s
> Adding source map references
> Bundling completed in 1.488s
> Bundled 734 files for upload
> Bundle ID: f947891d-1722-5df1-89d1-504835534862
> Optimizing completed in 0.038s
> Uploading completed in 1.572s
> Uploaded files to Sentry
> Processing completed in 0.175s
> File upload complete (processing pending on server)
> Organization: 3rdplace
> Projects: 3rdplace-web
> Release: 3764f9ae701d21052a9105213ce86753beb8b813
> Dist: None
> Upload type: artifact bundle

Source Map Upload Report
  Scripts
    ~/00fef2cc-8d6a-4fd6-8622-6096e3e58850-274.js (sourcemap at route.js.map, debug id 00fef2cc-8d6a-4fd6-8622-6096e3e58850)
    ~/014a5ef1-b81a-4325-a181-235800121e89-113.js (sourcemap at route.js.map, debug id 014a5ef1-b81a-4325-a181-235800121e89)
    ~/02334c7a-a64c-4c7f-841c-97350477db52-40.js (sourcemap at page.js.map, debug id 02334c7a-a64c-4c7f-841c-97350477db52)
    ~/03152a1f-7c0c-4938-aebe-8cf30e657cc5-90.js (sourcemap at route.js.map, debug id 03152a1f-7c0c-4938-aebe-8cf30e657cc5)
    ~/033a7f40-0e29-49af-b752-8ce6ba00a49d-189.js (sourcemap at route.js.map, debug id 033a7f40-0e29-49af-b752-8ce6ba00a49d)
    ~/0348e70c-72f1-4568-a0ab-f1424a5ae3ca-79.js (sourcemap at route.js.map, debug id 0348e70c-72f1-4568-a0ab-f1424a5ae3ca)
    ~/03540274-275f-4dbf-9c5c-96eeb181c97e-118.js (sourcemap at route.js.map, debug id 03540274-275f-4dbf-9c5c-96eeb181c97e)
    ~/039c8851-32a5-4786-89a6-7928543904f1-262.js (sourcemap at route.js.map, debug id 039c8851-32a5-4786-89a6-7928543904f1)
    ~/043de10e-7de7-4784-88d5-c4f755b57254-137.js (sourcemap at route.js.map, debug id 043de10e-7de7-4784-88d5-c4f755b57254)
    ~/04900941-e0bd-420d-9709-5fddf3c26bf0-193.js (sourcemap at route.js.map, debug id 04900941-e0bd-420d-9709-5fddf3c26bf0)
    ~/055190bc-b6a5-46ee-b81e-830688b032ef-366.js (sourcemap at _error.js.map, debug id 055190bc-b6a5-46ee-b81e-830688b032ef)
    ~/0567ac89-2d66-4409-9ee0-b03365706ee2-50.js (sourcemap at page.js.map, debug id 0567ac89-2d66-4409-9ee0-b03365706ee2)
    ~/05b89435-a636-4b61-b7bd-db8c62e6a014-280.js (sourcemap at page.js.map, debug id 05b89435-a636-4b61-b7bd-db8c62e6a014)
    ~/09bc7e4b-3f4d-4b03-a775-23cafef6ea87-53.js (sourcemap at page.js.map, debug id 09bc7e4b-3f4d-4b03-a775-23cafef6ea87)
    ~/0a604b62-ba6f-4008-a6f4-18c1c61623e5-107.js (sourcemap at route.js.map, debug id 0a604b62-ba6f-4008-a6f4-18c1c61623e5)
    ~/0ae4de22-e831-40b2-8e0c-2dafb1c4cb88-318.js (sourcemap at 5145.js.map, debug id 0ae4de22-e831-40b2-8e0c-2dafb1c4cb88)
    ~/0bd34927-dfc0-4cd2-97bf-02f5be5353e8-73.js (sourcemap at page.js.map, debug id 0bd34927-dfc0-4cd2-97bf-02f5be5353e8)
    ~/0d23dc9d-09b6-422f-9479-f1377db3f380-299.js (sourcemap at 2941.js.map, debug id 0d23dc9d-09b6-422f-9479-f1377db3f380)
    ~/0d2fd4b9-5d17-40a6-9f30-11b054a8421b-143.js (sourcemap at route.js.map, debug id 0d2fd4b9-5d17-40a6-9f30-11b054a8421b)
    ~/0d78d6f6-d507-4329-8e4d-835e6bf017a4-231.js (sourcemap at route.js.map, debug id 0d78d6f6-d507-4329-8e4d-835e6bf017a4)
    ~/0ead4931-7e2a-4ba9-8435-447d0e3505cd-358.js (sourcemap at 966.js.map, debug id 0ead4931-7e2a-4ba9-8435-447d0e3505cd)
    ~/10396008-75b3-4702-ade1-fc2b2c8ff050-247.js (sourcemap at route.js.map, debug id 10396008-75b3-4702-ade1-fc2b2c8ff050)
    ~/104823ad-188e-4e78-a978-41ae3ae750f1-158.js (sourcemap at route.js.map, debug id 104823ad-188e-4e78-a978-41ae3ae750f1)
    ~/10abe463-620a-40fb-8d07-d4b559a1e380-119.js (sourcemap at route.js.map, debug id 10abe463-620a-40fb-8d07-d4b559a1e380)
    ~/119498e1-9960-44a4-8b99-9d59d5f77a74-89.js (sourcemap at route.js.map, debug id 119498e1-9960-44a4-8b99-9d59d5f77a74)
    ~/1275ac20-2d75-4043-93f7-126256d2089f-323.js (sourcemap at 6077.js.map, debug id 1275ac20-2d75-4043-93f7-126256d2089f)
    ~/1381c4f0-c506-47ea-b978-fab284d3c5c4-154.js (sourcemap at route.js.map, debug id 1381c4f0-c506-47ea-b978-fab284d3c5c4)
    ~/13ac03f4-5917-4834-bda1-84434da442c8-201.js (sourcemap at route.js.map, debug id 13ac03f4-5917-4834-bda1-84434da442c8)
    ~/14027e4a-d686-49f3-8e46-bd261632c191-261.js (sourcemap at route.js.map, debug id 14027e4a-d686-49f3-8e46-bd261632c191)
    ~/148ecd83-f2ce-4199-8366-494dba38645c-131.js (sourcemap at route.js.map, debug id 148ecd83-f2ce-4199-8366-494dba38645c)
    ~/1516758b-a6d5-4c30-800e-9c9c9bf55513-14.js (sourcemap at page.js.map, debug id 1516758b-a6d5-4c30-800e-9c9c9bf55513)
    ~/15f4e6fe-6d67-4f32-b5e8-67802e4890ae-31.js (sourcemap at page.js.map, debug id 15f4e6fe-6d67-4f32-b5e8-67802e4890ae)
    ~/1636375a-906b-4686-8f0b-61559c7a1358-190.js (sourcemap at route.js.map, debug id 1636375a-906b-4686-8f0b-61559c7a1358)
    ~/16dae314-e0eb-4c38-9712-c7bb496b2c13-55.js (sourcemap at page.js.map, debug id 16dae314-e0eb-4c38-9712-c7bb496b2c13)
    ~/1761f397-74e8-4c69-bb07-18846721edab-319.js (sourcemap at 5363.js.map, debug id 1761f397-74e8-4c69-bb07-18846721edab)
    ~/17d4337b-aa06-42b0-bd41-ec9b9847c89d-191.js (sourcemap at route.js.map, debug id 17d4337b-aa06-42b0-bd41-ec9b9847c89d)
    ~/1935573b-2e8f-45f7-980a-44593afc6a5f-104.js (sourcemap at route.js.map, debug id 1935573b-2e8f-45f7-980a-44593afc6a5f)
    ~/19fead33-0141-4b57-ae2b-5030c35ed32b-309.js (sourcemap at 4407.js.map, debug id 19fead33-0141-4b57-ae2b-5030c35ed32b)
    ~/1a471575-30c1-4df6-9a85-ae2dc8dce5ba-86.js (sourcemap at route.js.map, debug id 1a471575-30c1-4df6-9a85-ae2dc8dce5ba)
    ~/1aad42cd-3c20-4e78-8c00-d277bc510e6c-106.js (sourcemap at route.js.map, debug id 1aad42cd-3c20-4e78-8c00-d277bc510e6c)
    ~/1b0d14e8-8fa8-445d-a3ff-4ba7c5acd29f-67.js (sourcemap at page.js.map, debug id 1b0d14e8-8fa8-445d-a3ff-4ba7c5acd29f)
    ~/1b8546c0-eec7-437b-92be-30595646fc50-221.js (sourcemap at route.js.map, debug id 1b8546c0-eec7-437b-92be-30595646fc50)
    ~/1ba10b4f-1385-4e46-b750-462cffaa90be-311.js (sourcemap at 4438.js.map, debug id 1ba10b4f-1385-4e46-b750-462cffaa90be)
    ~/1bffedb0-84a6-4377-a782-a564ccdeca3c-246.js (sourcemap at route.js.map, debug id 1bffedb0-84a6-4377-a782-a564ccdeca3c)
    ~/1c732a6f-770e-40ec-aa02-b82a0402f777-222.js (sourcemap at route.js.map, debug id 1c732a6f-770e-40ec-aa02-b82a0402f777)
    ~/1e28a685-0dad-47c1-8bd9-94526c1964ae-308.js (sourcemap at 4345.js.map, debug id 1e28a685-0dad-47c1-8bd9-94526c1964ae)
    ~/1e47eb2a-4958-4eb0-ba80-3e75df5a5254-194.js (sourcemap at route.js.map, debug id 1e47eb2a-4958-4eb0-ba80-3e75df5a5254)
    ~/1f049c8b-2d52-4a07-a916-4820acd8eaaa-110.js (sourcemap at route.js.map, debug id 1f049c8b-2d52-4a07-a916-4820acd8eaaa)
    ~/1f605894-91ce-47c4-a65c-a253751f085e-122.js (sourcemap at route.js.map, debug id 1f605894-91ce-47c4-a65c-a253751f085e)
    ~/1fcb6db4-d406-43db-952e-e4f8c819236f-272.js (sourcemap at route.js.map, debug id 1fcb6db4-d406-43db-952e-e4f8c819236f)
    ~/2037cb72-3db0-4576-a915-0dd423ab073b-51.js (sourcemap at page.js.map, debug id 2037cb72-3db0-4576-a915-0dd423ab073b)
    ~/20f3edd8-c7cd-4112-81f3-c3e8e386d83a-92.js (sourcemap at route.js.map, debug id 20f3edd8-c7cd-4112-81f3-c3e8e386d83a)
    ~/20fdee33-55e8-4a7d-9475-d8963287b318-252.js (sourcemap at route.js.map, debug id 20fdee33-55e8-4a7d-9475-d8963287b318)
    ~/21260f3c-11dd-4339-9801-e4a2e3efdb67-69.js (sourcemap at page.js.map, debug id 21260f3c-11dd-4339-9801-e4a2e3efdb67)
    ~/21f4bc6b-f57f-4640-92dd-d858eb5ab01a-183.js (sourcemap at route.js.map, debug id 21f4bc6b-f57f-4640-92dd-d858eb5ab01a)
    ~/2292efa4-d6fe-4bab-92b7-f26665410237-142.js (sourcemap at route.js.map, debug id 2292efa4-d6fe-4bab-92b7-f26665410237)
    ~/233c3291-eb24-409f-8e81-716899e649b3-24.js (sourcemap at page.js.map, debug id 233c3291-eb24-409f-8e81-716899e649b3)
    ~/25303238-9031-47f1-86f5-1d2b5349aa3d-359.js (sourcemap at 9996.js.map, debug id 25303238-9031-47f1-86f5-1d2b5349aa3d)
    ~/2654a945-7102-4e37-aaee-b96b79bbcbac-159.js (sourcemap at route.js.map, debug id 2654a945-7102-4e37-aaee-b96b79bbcbac)
    ~/27323fbc-323b-4ba6-bb6e-8258f155eb1a-295.js (sourcemap at 2459.js.map, debug id 27323fbc-323b-4ba6-bb6e-8258f155eb1a)
    ~/2771f845-3247-4a30-bfdf-2a29e80970c5-208.js (sourcemap at route.js.map, debug id 2771f845-3247-4a30-bfdf-2a29e80970c5)
    ~/28ac6c9a-cfa2-4e91-8d55-bdae4e796408-42.js (sourcemap at page.js.map, debug id 28ac6c9a-cfa2-4e91-8d55-bdae4e796408)
    ~/291ca21e-373b-4a08-9bf5-46934a47c50e-233.js (sourcemap at route.js.map, debug id 291ca21e-373b-4a08-9bf5-46934a47c50e)
    ~/2a0a1edc-f298-4f4c-be6b-e7d37e7eade4-306.js (sourcemap at 3611.js.map, debug id 2a0a1edc-f298-4f4c-be6b-e7d37e7eade4)
    ~/2bc5c803-f3ab-49ab-90bc-c1f9c29a6049-197.js (sourcemap at route.js.map, debug id 2bc5c803-f3ab-49ab-90bc-c1f9c29a6049)
    ~/2c741cce-a1c6-4c35-a375-989254eec5a1-228.js (sourcemap at route.js.map, debug id 2c741cce-a1c6-4c35-a375-989254eec5a1)
    ~/2cd8826d-3bc8-482e-ac99-72578ed6fbd8-176.js (sourcemap at route.js.map, debug id 2cd8826d-3bc8-482e-ac99-72578ed6fbd8)
    ~/2d4d2ce6-ee4a-4009-b8cd-b2871613e61a-349.js (sourcemap at 8612.js.map, debug id 2d4d2ce6-ee4a-4009-b8cd-b2871613e61a)
    ~/2e4ca229-2cc9-4ecd-9f48-5dfcb675a926-283.js (sourcemap at 1164.js.map, debug id 2e4ca229-2cc9-4ecd-9f48-5dfcb675a926)
    ~/2e67b714-0963-4c53-889e-27ee2a5ecdb2-22.js (sourcemap at page.js.map, debug id 2e67b714-0963-4c53-889e-27ee2a5ecdb2)
    ~/2f7c0d96-66d9-4bf7-9cf3-9721f8cab3c5-316.js (sourcemap at 4894.js.map, debug id 2f7c0d96-66d9-4bf7-9cf3-9721f8cab3c5)
    ~/31eb2dfe-dc02-4963-b8c2-131de0968117-63.js (sourcemap at page.js.map, debug id 31eb2dfe-dc02-4963-b8c2-131de0968117)
    ~/32f3e6c8-f0e0-4f30-9dfc-e540f7ec71b2-242.js (sourcemap at route.js.map, debug id 32f3e6c8-f0e0-4f30-9dfc-e540f7ec71b2)
    ~/32f79332-d0ca-4701-89c7-061b97413a18-102.js (sourcemap at route.js.map, debug id 32f79332-d0ca-4701-89c7-061b97413a18)
    ~/331b2328-a7a2-4ccb-a71f-ef43f0a4d97f-244.js (sourcemap at route.js.map, debug id 331b2328-a7a2-4ccb-a71f-ef43f0a4d97f)
    ~/33b44b9f-20ae-4c16-91a7-d906d33653a8-248.js (sourcemap at route.js.map, debug id 33b44b9f-20ae-4c16-91a7-d906d33653a8)
    ~/3463f8ef-0ef8-4d7d-999d-474bbe4ad67b-178.js (sourcemap at route.js.map, debug id 3463f8ef-0ef8-4d7d-999d-474bbe4ad67b)
    ~/34c8c086-c997-44de-9a4a-fe8c219464d6-211.js (sourcemap at route.js.map, debug id 34c8c086-c997-44de-9a4a-fe8c219464d6)
    ~/370dee24-4554-483e-843a-03c0048f7b79-109.js (sourcemap at route.js.map, debug id 370dee24-4554-483e-843a-03c0048f7b79)
    ~/37bc50e7-def4-498b-9977-b225bbf69a56-344.js (sourcemap at 821.js.map, debug id 37bc50e7-def4-498b-9977-b225bbf69a56)
    ~/383f1b58-cc38-494d-8b38-10811b58390b-324.js (sourcemap at 6157.js.map, debug id 383f1b58-cc38-494d-8b38-10811b58390b)
    ~/388b7b2e-c542-4bcd-94a4-e31776b52241-170.js (sourcemap at route.js.map, debug id 388b7b2e-c542-4bcd-94a4-e31776b52241)
    ~/3890c6ad-e79b-4249-920c-9dee06e97923-350.js (sourcemap at 8673.js.map, debug id 3890c6ad-e79b-4249-920c-9dee06e97923)
    ~/38b0802d-3de0-4f38-acfe-4e234a629f27-151.js (sourcemap at route.js.map, debug id 38b0802d-3de0-4f38-acfe-4e234a629f27)
    ~/39c19af4-af31-40ad-bb46-bb950f65d4b8-270.js (sourcemap at route.js.map, debug id 39c19af4-af31-40ad-bb46-bb950f65d4b8)
    ~/3adacbb1-d97d-4c99-9024-e87e5564fd25-15.js (sourcemap at page.js.map, debug id 3adacbb1-d97d-4c99-9024-e87e5564fd25)
    ~/3ae64a8d-d387-4283-8788-036e853ade85-71.js (sourcemap at page.js.map, debug id 3ae64a8d-d387-4283-8788-036e853ade85)
    ~/3c4257cc-22a9-4d15-941e-3aebe5d015bc-103.js (sourcemap at route.js.map, debug id 3c4257cc-22a9-4d15-941e-3aebe5d015bc)
    ~/3cf11751-f834-4361-96d7-cbd02ac29685-291.js (sourcemap at 2275.js.map, debug id 3cf11751-f834-4361-96d7-cbd02ac29685)
    ~/3e2205fb-e0c5-459d-a4ac-6ece154b4267-180.js (sourcemap at route.js.map, debug id 3e2205fb-e0c5-459d-a4ac-6ece154b4267)
    ~/3e2de692-0fea-4a39-98d9-8a48b3ee777c-3.js (sourcemap at page.js.map, debug id 3e2de692-0fea-4a39-98d9-8a48b3ee777c)
    ~/4018eddc-379d-4275-a390-ea61a33c7819-45.js (sourcemap at page.js.map, debug id 4018eddc-379d-4275-a390-ea61a33c7819)
    ~/419d3db4-b64e-4e20-9f0b-ff1b203a1a7c-259.js (sourcemap at route.js.map, debug id 419d3db4-b64e-4e20-9f0b-ff1b203a1a7c)
    ~/41a3cd13-4935-42e4-86ce-05e91f69892b-160.js (sourcemap at route.js.map, debug id 41a3cd13-4935-42e4-86ce-05e91f69892b)
    ~/4267b101-04b0-4e85-89d4-16f0f901d657-333.js (sourcemap at 7167.js.map, debug id 4267b101-04b0-4e85-89d4-16f0f901d657)
    ~/43efd33c-aedb-4781-9857-109e8f784825-328.js (sourcemap at 6621.js.map, debug id 43efd33c-aedb-4781-9857-109e8f784825)
    ~/442868ab-b64a-4b88-b89f-744dacbbf576-25.js (sourcemap at page.js.map, debug id 442868ab-b64a-4b88-b89f-744dacbbf576)
    ~/44afb42d-655c-4a0b-b668-3b3176d3bd84-169.js (sourcemap at route.js.map, debug id 44afb42d-655c-4a0b-b668-3b3176d3bd84)
    ~/44f3d4bf-1883-47c4-b131-62725c0fd317-10.js (sourcemap at page.js.map, debug id 44f3d4bf-1883-47c4-b131-62725c0fd317)
    ~/44fcb2a8-f7fe-4eba-9848-5d728c53fe22-214.js (sourcemap at route.js.map, debug id 44fcb2a8-f7fe-4eba-9848-5d728c53fe22)
    ~/45787c12-07d1-4e66-a070-672a69b67de2-177.js (sourcemap at route.js.map, debug id 45787c12-07d1-4e66-a070-672a69b67de2)
    ~/4794ce10-b1df-453b-9052-402373ab35d4-185.js (sourcemap at route.js.map, debug id 4794ce10-b1df-453b-9052-402373ab35d4)
    ~/47cb4ccc-39ed-4a09-a26f-1af82f9a970c-84.js (sourcemap at route.js.map, debug id 47cb4ccc-39ed-4a09-a26f-1af82f9a970c)
    ~/481bc71b-1111-4f51-a3f9-683531b0a249-78.js (sourcemap at route.js.map, debug id 481bc71b-1111-4f51-a3f9-683531b0a249)
    ~/485dda34-595b-4275-b7ab-30827f47ac30-87.js (sourcemap at route.js.map, debug id 485dda34-595b-4275-b7ab-30827f47ac30)
    ~/48698c12-0f69-4376-bd69-c5c5a68c8570-23.js (sourcemap at page.js.map, debug id 48698c12-0f69-4376-bd69-c5c5a68c8570)
    ~/4882d648-15eb-42ac-9fd9-dd7b0c8d98fa-263.js (sourcemap at route.js.map, debug id 4882d648-15eb-42ac-9fd9-dd7b0c8d98fa)
    ~/493002a2-4961-4be1-9b9a-4e20d1e00399-60.js (sourcemap at page.js.map, debug id 493002a2-4961-4be1-9b9a-4e20d1e00399)
    ~/4972eed8-e136-4c65-8a03-aafe3e407a29-173.js (sourcemap at route.js.map, debug id 4972eed8-e136-4c65-8a03-aafe3e407a29)
    ~/4a6c5df5-6640-48c9-978c-0573ca523cdc-289.js (sourcemap at 1697.js.map, debug id 4a6c5df5-6640-48c9-978c-0573ca523cdc)
    ~/4b3bccc6-9631-4101-92a7-515f05d9081e-8.js (sourcemap at page.js.map, debug id 4b3bccc6-9631-4101-92a7-515f05d9081e)
    ~/4d3dd332-24a0-4f1d-9acf-2597e51bd53d-88.js (sourcemap at route.js.map, debug id 4d3dd332-24a0-4f1d-9acf-2597e51bd53d)
    ~/4daf330b-7dc9-4ba6-8685-b04b3771c7d8-5.js (sourcemap at page.js.map, debug id 4daf330b-7dc9-4ba6-8685-b04b3771c7d8)
    ~/4dd483ad-025b-4be8-8193-f87c61ab6696-65.js (sourcemap at page.js.map, debug id 4dd483ad-025b-4be8-8193-f87c61ab6696)
    ~/4de65d38-c8e4-422e-8d0f-fcf137648fb5-175.js (sourcemap at route.js.map, debug id 4de65d38-c8e4-422e-8d0f-fcf137648fb5)
    ~/4e812855-f3b3-47e6-a933-0e6c38ce93e5-129.js (sourcemap at route.js.map, debug id 4e812855-f3b3-47e6-a933-0e6c38ce93e5)
    ~/500acae0-e868-4015-8c26-5bc2510eaaaa-355.js (sourcemap at 9184.js.map, debug id 500acae0-e868-4015-8c26-5bc2510eaaaa)
    ~/508da676-8254-4d17-a0c2-0b010e92c9ad-341.js (sourcemap at 7969.js.map, debug id 508da676-8254-4d17-a0c2-0b010e92c9ad)
    ~/50ce1ce2-aecb-49bf-a476-20551acc0b7c-330.js (sourcemap at 7037.js.map, debug id 50ce1ce2-aecb-49bf-a476-20551acc0b7c)
    ~/50f00823-5fda-4648-a131-293d4d9007db-133.js (sourcemap at route.js.map, debug id 50f00823-5fda-4648-a131-293d4d9007db)
    ~/51e80996-1da4-4151-b7c0-28a38316e497-56.js (sourcemap at page.js.map, debug id 51e80996-1da4-4151-b7c0-28a38316e497)
    ~/533a4e11-2bed-4c91-867c-128422c1f50a-161.js (sourcemap at route.js.map, debug id 533a4e11-2bed-4c91-867c-128422c1f50a)
    ~/53fe6be0-fb1d-4337-bb45-df95fb54e9fb-336.js (sourcemap at 7386.js.map, debug id 53fe6be0-fb1d-4337-bb45-df95fb54e9fb)
    ~/54ad8260-6741-4fb4-9489-801d82fdbd66-334.js (sourcemap at 7192.js.map, debug id 54ad8260-6741-4fb4-9489-801d82fdbd66)
    ~/55fdfafe-1920-48f5-ab6b-6dc56b769afc-210.js (sourcemap at route.js.map, debug id 55fdfafe-1920-48f5-ab6b-6dc56b769afc)
    ~/572513fe-a0ee-4c28-aa58-dead8c81e6c8-34.js (sourcemap at page.js.map, debug id 572513fe-a0ee-4c28-aa58-dead8c81e6c8)
    ~/57c1cb9b-f414-411f-93db-df839bb90b35-182.js (sourcemap at route.js.map, debug id 57c1cb9b-f414-411f-93db-df839bb90b35)
    ~/581ef5f7-6ea5-4f57-8623-a160f40edd95-152.js (sourcemap at route.js.map, debug id 581ef5f7-6ea5-4f57-8623-a160f40edd95)
    ~/5a5424bc-1787-482d-977c-7a8e7aa00fc5-286.js (sourcemap at 1419.js.map, debug id 5a5424bc-1787-482d-977c-7a8e7aa00fc5)
    ~/5a9202e5-f53b-4301-8fc0-ceed35ccf269-238.js (sourcemap at route.js.map, debug id 5a9202e5-f53b-4301-8fc0-ceed35ccf269)
    ~/5b93b875-efe3-4597-b430-ff0ea230f686-64.js (sourcemap at page.js.map, debug id 5b93b875-efe3-4597-b430-ff0ea230f686)
    ~/5ba89b81-8fb6-48cc-9a94-bb18cc08b870-326.js (sourcemap at 6291.js.map, debug id 5ba89b81-8fb6-48cc-9a94-bb18cc08b870)
    ~/5c68e723-573a-4c17-913d-39cc11e936b7-202.js (sourcemap at route.js.map, debug id 5c68e723-573a-4c17-913d-39cc11e936b7)
    ~/5d8eba20-d9c7-4682-b6f6-d4482cbf8dce-347.js (sourcemap at 8387.js.map, debug id 5d8eba20-d9c7-4682-b6f6-d4482cbf8dce)
    ~/5e54223f-c531-40d2-996c-73ea4cfcc434-162.js (sourcemap at route.js.map, debug id 5e54223f-c531-40d2-996c-73ea4cfcc434)
    ~/5fe5c235-2af5-4cfe-a858-38418a071855-17.js (sourcemap at page.js.map, debug id 5fe5c235-2af5-4cfe-a858-38418a071855)
    ~/60657f30-c228-48a7-bdd4-bbe6670016d4-179.js (sourcemap at route.js.map, debug id 60657f30-c228-48a7-bdd4-bbe6670016d4)
    ~/6104cc64-958b-4343-83d7-34844efba6d0-100.js (sourcemap at route.js.map, debug id 6104cc64-958b-4343-83d7-34844efba6d0)
    ~/6185a15f-e193-489c-b603-7c919a7ee21e-314.js (sourcemap at 4693.js.map, debug id 6185a15f-e193-489c-b603-7c919a7ee21e)
    ~/62c8e33c-caf8-4376-8a06-822d0f565dcb-294.js (sourcemap at 2438.js.map, debug id 62c8e33c-caf8-4376-8a06-822d0f565dcb)
    ~/633ae482-3e9b-435d-a048-1297f6727481-91.js (sourcemap at route.js.map, debug id 633ae482-3e9b-435d-a048-1297f6727481)
    ~/6384c075-403d-4d4e-bcc7-d81d5d9cd573-43.js (sourcemap at page.js.map, debug id 6384c075-403d-4d4e-bcc7-d81d5d9cd573)
    ~/63c680c6-f2a5-43b7-800f-547c4c6a4a28-16.js (sourcemap at page.js.map, debug id 63c680c6-f2a5-43b7-800f-547c4c6a4a28)
    ~/64a1db1e-3622-43a7-a202-bb8fcfb126d1-236.js (sourcemap at route.js.map, debug id 64a1db1e-3622-43a7-a202-bb8fcfb126d1)
    ~/64b1d5f5-b6b4-4678-b27d-9a3e77692309-85.js (sourcemap at route.js.map, debug id 64b1d5f5-b6b4-4678-b27d-9a3e77692309)
    ~/65d67a40-c84e-47a0-9f9d-82a695cb9760-325.js (sourcemap at 6242.js.map, debug id 65d67a40-c84e-47a0-9f9d-82a695cb9760)
    ~/6741666f-ef2b-414f-8d8c-38578d141b57-33.js (sourcemap at page.js.map, debug id 6741666f-ef2b-414f-8d8c-38578d141b57)
    ~/67c56803-70f3-4967-9a95-f622ef4563f5-99.js (sourcemap at route.js.map, debug id 67c56803-70f3-4967-9a95-f622ef4563f5)
    ~/67eb8389-2d69-4af3-a0d4-95e88fd8b80e-279.js (sourcemap at route.js.map, debug id 67eb8389-2d69-4af3-a0d4-95e88fd8b80e)
    ~/699bc855-56be-457c-aab4-9c53b70f3c3f-4.js (sourcemap at page.js.map, debug id 699bc855-56be-457c-aab4-9c53b70f3c3f)
    ~/69cf9ac1-acc5-480f-9a81-857bb027df28-181.js (sourcemap at route.js.map, debug id 69cf9ac1-acc5-480f-9a81-857bb027df28)
    ~/6a6ae00a-9780-42e0-81a0-5779ae6844ee-145.js (sourcemap at route.js.map, debug id 6a6ae00a-9780-42e0-81a0-5779ae6844ee)
    ~/6b2fecbf-2804-4f4f-9d48-994e83d236bf-9.js (sourcemap at page.js.map, debug id 6b2fecbf-2804-4f4f-9d48-994e83d236bf)
    ~/6b79cd55-68cf-4cf1-aafe-43a443c1e29a-168.js (sourcemap at route.js.map, debug id 6b79cd55-68cf-4cf1-aafe-43a443c1e29a)
    ~/6c9c41fc-9794-4266-830f-b0c66cace234-362.js (sourcemap at instrumentation.js.map, debug id 6c9c41fc-9794-4266-830f-b0c66cace234)
    ~/6caf1ea2-b7ef-49d1-8a17-3080005706fa-172.js (sourcemap at route.js.map, debug id 6caf1ea2-b7ef-49d1-8a17-3080005706fa)
    ~/6dc9c2cd-278e-438d-8cc2-30e1fe7424eb-150.js (sourcemap at route.js.map, debug id 6dc9c2cd-278e-438d-8cc2-30e1fe7424eb)
    ~/6e6e43f8-5d40-43d6-9ce9-ff0b40dc38de-184.js (sourcemap at route.js.map, debug id 6e6e43f8-5d40-43d6-9ce9-ff0b40dc38de)
    ~/6efa62e4-9120-49d1-98a0-a395440923f4-171.js (sourcemap at route.js.map, debug id 6efa62e4-9120-49d1-98a0-a395440923f4)
    ~/6f776104-456c-4075-bce5-9f66cd6e8274-345.js (sourcemap at 8270.js.map, debug id 6f776104-456c-4075-bce5-9f66cd6e8274)
    ~/70164127-7bf8-457d-a3c0-21af1342f2fa-215.js (sourcemap at route.js.map, debug id 70164127-7bf8-457d-a3c0-21af1342f2fa)
    ~/705ca30b-78f7-4185-8df1-69cf2a6a4b2c-234.js (sourcemap at route.js.map, debug id 705ca30b-78f7-4185-8df1-69cf2a6a4b2c)
    ~/71019467-818d-4eef-a3cf-f6ee33aa447b-266.js (sourcemap at route.js.map, debug id 71019467-818d-4eef-a3cf-f6ee33aa447b)
    ~/71618830-42cd-4e45-81d3-ff538f55f038-343.js (sourcemap at 8025.js.map, debug id 71618830-42cd-4e45-81d3-ff538f55f038)
    ~/71761ff2-e99d-4e3f-a230-e95c122cd6a4-245.js (sourcemap at route.js.map, debug id 71761ff2-e99d-4e3f-a230-e95c122cd6a4)
    ~/7494a95e-a6ae-4e8c-8ae2-d8b0333887a6-166.js (sourcemap at route.js.map, debug id 7494a95e-a6ae-4e8c-8ae2-d8b0333887a6)
    ~/7543ae03-9b92-4fff-8127-699a2b21727f-367.js (no sourcemap found, debug id 7543ae03-9b92-4fff-8127-699a2b21727f)
      - warning: could not determine a source map reference (Could not auto-detect referenced sourcemap for ~/7543ae03-9b92-4fff-8127-699a2b21727f-367.js)
    ~/7570412a-b1c8-4e5d-87f8-9476ffd96d40-322.js (sourcemap at 6074.js.map, debug id 7570412a-b1c8-4e5d-87f8-9476ffd96d40)
    ~/75b330a5-0a51-41cd-a445-d59e605787c2-230.js (sourcemap at route.js.map, debug id 75b330a5-0a51-41cd-a445-d59e605787c2)
    ~/7695ef7d-c207-4739-8901-61bfd004082b-205.js (sourcemap at route.js.map, debug id 7695ef7d-c207-4739-8901-61bfd004082b)
    ~/76fe7fad-a2cb-4dc1-8274-ce6f9845dafe-130.js (sourcemap at route.js.map, debug id 76fe7fad-a2cb-4dc1-8274-ce6f9845dafe)
    ~/77ac6582-0e01-4373-922a-78464d5c622d-253.js (sourcemap at route.js.map, debug id 77ac6582-0e01-4373-922a-78464d5c622d)
    ~/77c520c3-9dbe-4e1d-8462-d40cc0d64d4d-128.js (sourcemap at route.js.map, debug id 77c520c3-9dbe-4e1d-8462-d40cc0d64d4d)
    ~/78c1d3ae-a429-4cd9-91ff-4757401dab40-70.js (sourcemap at page.js.map, debug id 78c1d3ae-a429-4cd9-91ff-4757401dab40)
    ~/78cc44d9-1ff7-41b9-9018-1c85ba40c8f8-240.js (sourcemap at route.js.map, debug id 78cc44d9-1ff7-41b9-9018-1c85ba40c8f8)
    ~/78d75680-20f8-4ca3-98ab-a24477023d6e-310.js (sourcemap at 4422.js.map, debug id 78d75680-20f8-4ca3-98ab-a24477023d6e)
    ~/791991f9-5af6-4de1-8002-3008f3a73125-83.js (sourcemap at route.js.map, debug id 791991f9-5af6-4de1-8002-3008f3a73125)
    ~/79250dce-561f-4061-a11e-512b211774fa-196.js (sourcemap at route.js.map, debug id 79250dce-561f-4061-a11e-512b211774fa)
    ~/794363d8-20cc-4476-a59a-d7586927a6e8-232.js (sourcemap at route.js.map, debug id 794363d8-20cc-4476-a59a-d7586927a6e8)
    ~/796f27db-5e1c-41c6-a60b-8aedcf25aac2-37.js (sourcemap at page.js.map, debug id 796f27db-5e1c-41c6-a60b-8aedcf25aac2)
    ~/7a02997c-9240-41a6-8386-0a2fed27a7d6-46.js (sourcemap at page.js.map, debug id 7a02997c-9240-41a6-8386-0a2fed27a7d6)
    ~/7a8dab3f-c67f-47b8-9c82-96c2522d9645-29.js (sourcemap at page.js.map, debug id 7a8dab3f-c67f-47b8-9c82-96c2522d9645)
    ~/7a9ce5e1-0556-4187-baa8-1b67950a9959-219.js (sourcemap at route.js.map, debug id 7a9ce5e1-0556-4187-baa8-1b67950a9959)
    ~/7ad64435-2c37-4871-a687-06e0d917bd3d-293.js (sourcemap at 2428.js.map, debug id 7ad64435-2c37-4871-a687-06e0d917bd3d)
    ~/7ad749c1-d7aa-46ad-801e-ade0d12e3cbe-2.js (sourcemap at page.js.map, debug id 7ad749c1-d7aa-46ad-801e-ade0d12e3cbe)
    ~/7ae0f07d-1039-4415-a22b-69c699ac6306-218.js (sourcemap at route.js.map, debug id 7ae0f07d-1039-4415-a22b-69c699ac6306)
    ~/7afec080-fa60-4cb5-b2d9-4d61867c6b4a-315.js (sourcemap at 4891.js.map, debug id 7afec080-fa60-4cb5-b2d9-4d61867c6b4a)
    ~/7c962918-290f-4927-9c46-409f64a038d0-35.js (sourcemap at page.js.map, debug id 7c962918-290f-4927-9c46-409f64a038d0)
    ~/7ff5caf5-570a-4760-ae1e-cc996365dfee-342.js (sourcemap at 8002.js.map, debug id 7ff5caf5-570a-4760-ae1e-cc996365dfee)
    ~/8062f6f8-7442-4504-8d71-4df1afe2fbdf-188.js (sourcemap at route.js.map, debug id 8062f6f8-7442-4504-8d71-4df1afe2fbdf)
    ~/80bf80ad-d51b-42d6-a61c-5ad723790a34-101.js (sourcemap at route.js.map, debug id 80bf80ad-d51b-42d6-a61c-5ad723790a34)
    ~/8191155b-a106-4ca8-a7a2-30598797fe57-320.js (sourcemap at 5846.js.map, debug id 8191155b-a106-4ca8-a7a2-30598797fe57)
    ~/82791e31-cf1f-4653-9aff-e9c649e5718e-163.js (sourcemap at route.js.map, debug id 82791e31-cf1f-4653-9aff-e9c649e5718e)
    ~/837c6f44-210b-4b3a-a5e0-f6df86594cc4-287.js (sourcemap at 1585.js.map, debug id 837c6f44-210b-4b3a-a5e0-f6df86594cc4)
    ~/84808fd0-18bd-4ca0-900b-03242da6d032-93.js (sourcemap at route.js.map, debug id 84808fd0-18bd-4ca0-900b-03242da6d032)
    ~/84afc6a0-c359-4290-8c2f-0d19e33768cb-239.js (sourcemap at route.js.map, debug id 84afc6a0-c359-4290-8c2f-0d19e33768cb)
    ~/85c01cd4-3e1c-464f-995a-920d2f9fa5f7-237.js (sourcemap at route.js.map, debug id 85c01cd4-3e1c-464f-995a-920d2f9fa5f7)
    ~/8682d9e7-0db4-4c4d-ac2b-79beb71e5d25-48.js (sourcemap at page.js.map, debug id 8682d9e7-0db4-4c4d-ac2b-79beb71e5d25)
    ~/868f851f-5e8e-4f41-b352-94561deb3bb6-115.js (sourcemap at route.js.map, debug id 868f851f-5e8e-4f41-b352-94561deb3bb6)
    ~/88ccb643-565d-4348-9226-97af12334cec-72.js (sourcemap at page.js.map, debug id 88ccb643-565d-4348-9226-97af12334cec)
    ~/8af9ef55-b960-4f3a-a10a-fdc4806bfcf5-186.js (sourcemap at route.js.map, debug id 8af9ef55-b960-4f3a-a10a-fdc4806bfcf5)
    ~/8bff536f-0f52-4965-a2bd-25e18efaf96f-203.js (sourcemap at route.js.map, debug id 8bff536f-0f52-4965-a2bd-25e18efaf96f)
    ~/8c34188e-afcf-44e3-8616-647485cfe8ef-57.js (sourcemap at page.js.map, debug id 8c34188e-afcf-44e3-8616-647485cfe8ef)
    ~/8d95b7cf-3f4b-47da-8ab9-be917c31c826-290.js (sourcemap at 2006.js.map, debug id 8d95b7cf-3f4b-47da-8ab9-be917c31c826)
    ~/8ff47a52-e3f3-426c-9e29-2b5863a17ee5-288.js (sourcemap at 1606.js.map, debug id 8ff47a52-e3f3-426c-9e29-2b5863a17ee5)
    ~/903bae3f-e718-4f86-9bb6-c100474f13b6-275.js (sourcemap at route.js.map, debug id 903bae3f-e718-4f86-9bb6-c100474f13b6)
    ~/90c284d6-53f0-47e0-83fd-a31d688dd8d0-123.js (sourcemap at route.js.map, debug id 90c284d6-53f0-47e0-83fd-a31d688dd8d0)
    ~/90d9177b-b5ad-4762-9cb3-06db21ae4539-360.js (sourcemap at edge-instrumentation.js.map, debug id 90d9177b-b5ad-4762-9cb3-06db21ae4539)
    ~/911dc69f-71c1-4b9b-aea0-df425e9cf1f9-285.js (sourcemap at 1359.js.map, debug id 911dc69f-71c1-4b9b-aea0-df425e9cf1f9)
    ~/91e0753c-1c84-4bfa-baf7-35214edb227f-301.js (sourcemap at 3146.js.map, debug id 91e0753c-1c84-4bfa-baf7-35214edb227f)
    ~/930d24b6-3f06-4e59-a1d4-8a692b4d23aa-61.js (sourcemap at page.js.map, debug id 930d24b6-3f06-4e59-a1d4-8a692b4d23aa)
    ~/933b71da-1c35-4b1a-91ce-7a8b839fb3ad-95.js (sourcemap at route.js.map, debug id 933b71da-1c35-4b1a-91ce-7a8b839fb3ad)
    ~/946045d8-9d0f-46cc-9eef-5c7b828321d7-80.js (sourcemap at route.js.map, debug id 946045d8-9d0f-46cc-9eef-5c7b828321d7)
    ~/9586f621-88ef-498c-92dc-59dc67a8688d-271.js (sourcemap at route.js.map, debug id 9586f621-88ef-498c-92dc-59dc67a8688d)
    ~/95c786b7-b932-4bbe-a0d4-e69ee18d7d59-187.js (sourcemap at route.js.map, debug id 95c786b7-b932-4bbe-a0d4-e69ee18d7d59)
    ~/95f9f13e-794b-4e75-9fc6-d09a7f8051e7-204.js (sourcemap at route.js.map, debug id 95f9f13e-794b-4e75-9fc6-d09a7f8051e7)
    ~/97ec6cea-407c-4daf-8814-d9cd7339d462-124.js (sourcemap at route.js.map, debug id 97ec6cea-407c-4daf-8814-d9cd7339d462)
    ~/98b8a35a-9369-4846-8544-584d5dd08aab-269.js (sourcemap at route.js.map, debug id 98b8a35a-9369-4846-8544-584d5dd08aab)
    ~/98fbfe13-c1e7-40fe-8acf-b26f5b5080cf-249.js (sourcemap at route.js.map, debug id 98fbfe13-c1e7-40fe-8acf-b26f5b5080cf)
    ~/9990a98b-cdb2-4105-b993-646e8891c6e0-127.js (sourcemap at route.js.map, debug id 9990a98b-cdb2-4105-b993-646e8891c6e0)
    ~/9a29cc74-5078-4b17-bc78-dba764e0e289-164.js (sourcemap at route.js.map, debug id 9a29cc74-5078-4b17-bc78-dba764e0e289)
    ~/9ca8dc71-809e-4f4b-8fb4-e98bae07d4ca-157.js (sourcemap at route.js.map, debug id 9ca8dc71-809e-4f4b-8fb4-e98bae07d4ca)
    ~/9cf54e1c-72a2-4a0e-bbe5-d8ddb3de0aee-30.js (sourcemap at page.js.map, debug id 9cf54e1c-72a2-4a0e-bbe5-d8ddb3de0aee)
    ~/9d832748-dd16-449c-adef-6e490453be52-105.js (sourcemap at route.js.map, debug id 9d832748-dd16-449c-adef-6e490453be52)
    ~/9da3d9f1-baf0-4d7d-983a-79d0d4060e76-339.js (sourcemap at 7821.js.map, debug id 9da3d9f1-baf0-4d7d-983a-79d0d4060e76)
    ~/9e4ba6b1-62b7-4840-a491-9c18c15d5e0a-268.js (sourcemap at route.js.map, debug id 9e4ba6b1-62b7-4840-a491-9c18c15d5e0a)
    ~/a0134fda-ee5d-44d0-987c-10b41038f72f-200.js (sourcemap at route.js.map, debug id a0134fda-ee5d-44d0-987c-10b41038f72f)
    ~/a02f2825-733e-46a2-befb-50696ef67c10-139.js (sourcemap at route.js.map, debug id a02f2825-733e-46a2-befb-50696ef67c10)
    ~/a1098edb-92b4-4c03-a62c-1490d9b4ca5c-212.js (sourcemap at route.js.map, debug id a1098edb-92b4-4c03-a62c-1490d9b4ca5c)
    ~/a280bde4-913a-46ad-9e89-ae5bceab477a-32.js (sourcemap at page.js.map, debug id a280bde4-913a-46ad-9e89-ae5bceab477a)
    ~/a2c10bf9-52e8-4ea9-8ddb-05951ec0ea0d-116.js (sourcemap at route.js.map, debug id a2c10bf9-52e8-4ea9-8ddb-05951ec0ea0d)
    ~/a3c56c5b-27ed-46b0-826e-8194caea9696-276.js (sourcemap at route.js.map, debug id a3c56c5b-27ed-46b0-826e-8194caea9696)
    ~/a4cee745-0209-4935-9c2c-9280daec0133-0.js (sourcemap at page.js.map, debug id a4cee745-0209-4935-9c2c-9280daec0133)
    ~/a4fc5adf-3450-411b-9d1f-53753a308872-256.js (sourcemap at route.js.map, debug id a4fc5adf-3450-411b-9d1f-53753a308872)
    ~/a4fdb23d-801c-4f5f-8c8f-3e438994de81-126.js (sourcemap at route.js.map, debug id a4fdb23d-801c-4f5f-8c8f-3e438994de81)
    ~/a5cc79e7-5a9a-4d04-91d8-16874bb48204-254.js (sourcemap at route.js.map, debug id a5cc79e7-5a9a-4d04-91d8-16874bb48204)
    ~/a5d92b85-9c1f-445d-90c1-ff8bbd01abe8-198.js (sourcemap at route.js.map, debug id a5d92b85-9c1f-445d-90c1-ff8bbd01abe8)
    ~/a61ccf42-0c81-4ec6-adcd-93c55ef6b52c-59.js (sourcemap at page.js.map, debug id a61ccf42-0c81-4ec6-adcd-93c55ef6b52c)
    ~/a6c05fa9-80e2-4cce-98d0-9ae7a80d2107-165.js (sourcemap at route.js.map, debug id a6c05fa9-80e2-4cce-98d0-9ae7a80d2107)
    ~/a71172f5-1356-4247-b8cf-1be2334283d5-114.js (sourcemap at route.js.map, debug id a71172f5-1356-4247-b8cf-1be2334283d5)
    ~/a92286a5-ca80-4355-9e56-8cd93341faae-20.js (sourcemap at page.js.map, debug id a92286a5-ca80-4355-9e56-8cd93341faae)
    ~/a926c08a-3e0f-4e96-8dde-40f3e0559974-220.js (sourcemap at route.js.map, debug id a926c08a-3e0f-4e96-8dde-40f3e0559974)
    ~/a93efa22-e529-48d8-b5d9-cac4970eeb3b-195.js (sourcemap at route.js.map, debug id a93efa22-e529-48d8-b5d9-cac4970eeb3b)
    ~/a9b8e04f-56e6-4eaf-86ad-13bdc62ba050-167.js (sourcemap at route.js.map, debug id a9b8e04f-56e6-4eaf-86ad-13bdc62ba050)
    ~/a9f678cc-9e9f-4af1-9ae4-a2e45d3811ec-147.js (sourcemap at route.js.map, debug id a9f678cc-9e9f-4af1-9ae4-a2e45d3811ec)
    ~/aa35ea34-2677-4a96-8aa0-e418d542de23-265.js (sourcemap at route.js.map, debug id aa35ea34-2677-4a96-8aa0-e418d542de23)
    ~/abe8322b-2d45-47db-bc15-6fc23b81647b-327.js (sourcemap at 6387.js.map, debug id abe8322b-2d45-47db-bc15-6fc23b81647b)
    ~/ac0766c3-95f1-42b7-aa66-c63d85b5a800-138.js (sourcemap at route.js.map, debug id ac0766c3-95f1-42b7-aa66-c63d85b5a800)
    ~/acac4246-e8f8-478d-b9a9-082462ceeee0-312.js (sourcemap at 4441.js.map, debug id acac4246-e8f8-478d-b9a9-082462ceeee0)
    ~/ad35a33a-fd5d-4e22-8730-45dc504fe683-332.js (sourcemap at 714.js.map, debug id ad35a33a-fd5d-4e22-8730-45dc504fe683)
    ~/ad3bc41c-947b-4ed1-ab19-fd8a0fd8cc9d-140.js (sourcemap at route.js.map, debug id ad3bc41c-947b-4ed1-ab19-fd8a0fd8cc9d)
    ~/ad8fac02-056f-4d78-b897-af4f106b7db8-224.js (sourcemap at route.js.map, debug id ad8fac02-056f-4d78-b897-af4f106b7db8)
    ~/ade2d687-e706-4a42-b5fc-fbae3264a89b-39.js (sourcemap at page.js.map, debug id ade2d687-e706-4a42-b5fc-fbae3264a89b)
    ~/ae3c26ea-7d34-4e9e-884c-c3da42e27f75-223.js (sourcemap at route.js.map, debug id ae3c26ea-7d34-4e9e-884c-c3da42e27f75)
    ~/b002980a-c125-4378-9971-4385a5ff4021-257.js (sourcemap at route.js.map, debug id b002980a-c125-4378-9971-4385a5ff4021)
    ~/b125f86a-e428-4a21-bc16-b6dc6da8a44d-304.js (sourcemap at 3242.js.map, debug id b125f86a-e428-4a21-bc16-b6dc6da8a44d)
    ~/b17a0786-7faf-487f-9c47-7ee48655300c-258.js (sourcemap at route.js.map, debug id b17a0786-7faf-487f-9c47-7ee48655300c)
    ~/b17b2540-4800-49b6-8de4-1cadc3dddda4-250.js (sourcemap at route.js.map, debug id b17b2540-4800-49b6-8de4-1cadc3dddda4)
    ~/b1e6a02a-06d5-44d6-b578-b268408309dd-108.js (sourcemap at route.js.map, debug id b1e6a02a-06d5-44d6-b578-b268408309dd)
    ~/b1f8d213-f3f9-4fd6-b751-9599aca12d54-313.js (sourcemap at 463.js.map, debug id b1f8d213-f3f9-4fd6-b751-9599aca12d54)
    ~/b2facfc5-e7dc-4411-bacd-eed2f318009f-340.js (sourcemap at 7947.js.map, debug id b2facfc5-e7dc-4411-bacd-eed2f318009f)
    ~/b2fb6a6f-0586-4345-ba68-66e756f4d22d-144.js (sourcemap at route.js.map, debug id b2fb6a6f-0586-4345-ba68-66e756f4d22d)
    ~/b343288d-1a87-49a1-ab18-5c286fb77c76-305.js (sourcemap at 3362.js.map, debug id b343288d-1a87-49a1-ab18-5c286fb77c76)
    ~/b49592f9-988d-4735-9a30-05e3d34a1835-120.js (sourcemap at route.js.map, debug id b49592f9-988d-4735-9a30-05e3d34a1835)
    ~/b4b95556-2a8e-4db6-a6b3-1dbfa421806f-96.js (sourcemap at route.js.map, debug id b4b95556-2a8e-4db6-a6b3-1dbfa421806f)
    ~/b5bee051-90d0-44c7-854c-82c76f10f9ed-278.js (sourcemap at route.js.map, debug id b5bee051-90d0-44c7-854c-82c76f10f9ed)
    ~/b81c36d2-c8e8-48f9-834d-45ed1f21979d-206.js (sourcemap at route.js.map, debug id b81c36d2-c8e8-48f9-834d-45ed1f21979d)
    ~/b8971d46-75a0-4247-90af-d181f529c82f-97.js (sourcemap at route.js.map, debug id b8971d46-75a0-4247-90af-d181f529c82f)
    ~/b9a8f909-e028-496a-82ca-b7a94697457a-36.js (sourcemap at page.js.map, debug id b9a8f909-e028-496a-82ca-b7a94697457a)
    ~/b9ef4d89-53e1-43a4-be03-3080a26b8f6d-1.js (sourcemap at page.js.map, debug id b9ef4d89-53e1-43a4-be03-3080a26b8f6d)
    ~/baa23359-7795-4e0e-830d-68df30813c8d-19.js (sourcemap at page.js.map, debug id baa23359-7795-4e0e-830d-68df30813c8d)
    ~/bab9760f-3e0c-44e2-9dbf-521ac4d63c80-227.js (sourcemap at route.js.map, debug id bab9760f-3e0c-44e2-9dbf-521ac4d63c80)
    ~/baba68d2-61d0-4a33-9506-ad9289598170-44.js (sourcemap at page.js.map, debug id baba68d2-61d0-4a33-9506-ad9289598170)
    ~/bb32291d-5f7e-48a0-a1cf-5ac1cf4d0a2c-98.js (sourcemap at route.js.map, debug id bb32291d-5f7e-48a0-a1cf-5ac1cf4d0a2c)
    ~/bc9197a4-a7c2-41ce-94be-6b0628080812-353.js (sourcemap at 9017.js.map, debug id bc9197a4-a7c2-41ce-94be-6b0628080812)
    ~/bd8ac9da-2117-4fcf-a273-495413a7cb28-296.js (sourcemap at 2577.js.map, debug id bd8ac9da-2117-4fcf-a273-495413a7cb28)
    ~/bdc5976e-12b3-424a-8255-4243b9d813a4-146.js (sourcemap at route.js.map, debug id bdc5976e-12b3-424a-8255-4243b9d813a4)
    ~/bef0fff0-405c-45ed-a271-06d48f921fda-112.js (sourcemap at route.js.map, debug id bef0fff0-405c-45ed-a271-06d48f921fda)
    ~/bf6fd8dc-9756-4f61-90e1-d821657c56ff-26.js (sourcemap at page.js.map, debug id bf6fd8dc-9756-4f61-90e1-d821657c56ff)
    ~/c06d7f31-8f86-4879-a6f2-09f9c98d3146-292.js (sourcemap at 2363.js.map, debug id c06d7f31-8f86-4879-a6f2-09f9c98d3146)
    ~/c1e359e1-6dc9-4244-a89e-e407ee356cc2-81.js (sourcemap at route.js.map, debug id c1e359e1-6dc9-4244-a89e-e407ee356cc2)
    ~/c1f09c16-3261-4480-bf5a-ef84acb77f44-28.js (sourcemap at page.js.map, debug id c1f09c16-3261-4480-bf5a-ef84acb77f44)
    ~/c289d9d9-3307-44ac-9646-1462d461426e-354.js (sourcemap at 9085.js.map, debug id c289d9d9-3307-44ac-9646-1462d461426e)
    ~/c40cad1e-302c-45b8-8a54-505f40c417e0-317.js (sourcemap at 5017.js.map, debug id c40cad1e-302c-45b8-8a54-505f40c417e0)
    ~/c52816c5-300e-45c3-b373-7c5a7017c307-365.js (no sourcemap found, debug id c52816c5-300e-45c3-b373-7c5a7017c307)
      - warning: could not determine a source map reference (Could not auto-detect referenced sourcemap for ~/c52816c5-300e-45c3-b373-7c5a7017c307-365.js)
    ~/c5b669db-95c9-4101-9252-2fb6a90d15f3-213.js (sourcemap at route.js.map, debug id c5b669db-95c9-4101-9252-2fb6a90d15f3)
    ~/c657a4c9-e175-482d-8fa4-1f527e4bea4b-148.js (sourcemap at route.js.map, debug id c657a4c9-e175-482d-8fa4-1f527e4bea4b)
    ~/c6e397c5-8b20-4033-84b6-8e4fb3e6a14a-241.js (sourcemap at route.js.map, debug id c6e397c5-8b20-4033-84b6-8e4fb3e6a14a)
    ~/c81400b9-49fe-43de-ac29-83c7600ea8b3-111.js (sourcemap at route.js.map, debug id c81400b9-49fe-43de-ac29-83c7600ea8b3)
    ~/c8ef588d-93f7-4c50-a2f3-846b3bff295f-18.js (sourcemap at page.js.map, debug id c8ef588d-93f7-4c50-a2f3-846b3bff295f)
    ~/c9a4b153-5a44-4851-b775-556037bf0e5d-331.js (sourcemap at 7082.js.map, debug id c9a4b153-5a44-4851-b775-556037bf0e5d)
    ~/cad7d40e-2cac-4f73-98ae-dfa44a019b48-255.js (sourcemap at route.js.map, debug id cad7d40e-2cac-4f73-98ae-dfa44a019b48)
    ~/cae7c0f6-702c-41a9-b1fe-24b11939f66d-77.js (sourcemap at route.js.map, debug id cae7c0f6-702c-41a9-b1fe-24b11939f66d)
    ~/cb163798-05cb-4d63-a528-e84f21f631e4-54.js (sourcemap at page.js.map, debug id cb163798-05cb-4d63-a528-e84f21f631e4)
    ~/cbc73a06-abaa-45d8-ae9b-90d1fd6a5863-302.js (sourcemap at 3175.js.map, debug id cbc73a06-abaa-45d8-ae9b-90d1fd6a5863)
    ~/cbd3513a-c643-4599-8f86-efadbcc648c2-273.js (sourcemap at route.js.map, debug id cbd3513a-c643-4599-8f86-efadbcc648c2)
    ~/cc096c02-eb31-4668-a653-d8e58e8c6c59-153.js (sourcemap at route.js.map, debug id cc096c02-eb31-4668-a653-d8e58e8c6c59)
    ~/cc5642f6-6a55-435c-98cd-c23e792d7528-6.js (sourcemap at page.js.map, debug id cc5642f6-6a55-435c-98cd-c23e792d7528)
    ~/cc76e1b7-50e2-48f6-85c0-8e51edcba908-337.js (sourcemap at 7465.js.map, debug id cc76e1b7-50e2-48f6-85c0-8e51edcba908)
    ~/cd6e44fb-f905-4691-bce4-ae53b71718e1-364.js (sourcemap at _app.js.map, debug id cd6e44fb-f905-4691-bce4-ae53b71718e1)
    ~/cdbb9092-9e5e-4372-814d-090f9917f7aa-13.js (sourcemap at page.js.map, debug id cdbb9092-9e5e-4372-814d-090f9917f7aa)
    ~/ce487dca-f581-4dad-917b-eceaaf523d18-282.js (sourcemap at page.js.map, debug id ce487dca-f581-4dad-917b-eceaaf523d18)
    ~/cf1df05b-7937-4307-990b-76b8db65a12c-351.js (sourcemap at 8810.js.map, debug id cf1df05b-7937-4307-990b-76b8db65a12c)
    ~/cf2df643-01c4-4f19-bdc8-aa094075fcd9-94.js (sourcemap at route.js.map, debug id cf2df643-01c4-4f19-bdc8-aa094075fcd9)
    ~/cf6faf0b-8c0c-4813-80fe-7c2a3300f8ff-47.js (sourcemap at page.js.map, debug id cf6faf0b-8c0c-4813-80fe-7c2a3300f8ff)
    ~/cfc7653e-32c3-41fb-a61d-2fcdb818a302-348.js (sourcemap at 8534.js.map, debug id cfc7653e-32c3-41fb-a61d-2fcdb818a302)
    ~/d0a4b864-6553-48af-a566-cdfa579764d5-75.js (sourcemap at page.js.map, debug id d0a4b864-6553-48af-a566-cdfa579764d5)
    ~/d0f94d74-3c4b-46db-85d1-5b48512f8746-243.js (sourcemap at route.js.map, debug id d0f94d74-3c4b-46db-85d1-5b48512f8746)
    ~/d23dfd1e-81f1-4967-a53c-051c30801843-27.js (sourcemap at page.js.map, debug id d23dfd1e-81f1-4967-a53c-051c30801843)
    ~/d240b581-d992-49e2-b9c9-76cc72ff77ee-125.js (sourcemap at route.js.map, debug id d240b581-d992-49e2-b9c9-76cc72ff77ee)
    ~/d32a0aec-96f3-460b-9877-c0face991a28-49.js (sourcemap at page.js.map, debug id d32a0aec-96f3-460b-9877-c0face991a28)
    ~/d3b0acfb-1b9e-490f-a81f-6845e68ec4e8-156.js (sourcemap at route.js.map, debug id d3b0acfb-1b9e-490f-a81f-6845e68ec4e8)
    ~/d3bd6a3d-530a-4a90-ba60-3c855dd67432-135.js (sourcemap at route.js.map, debug id d3bd6a3d-530a-4a90-ba60-3c855dd67432)
    ~/d640abcb-72df-4481-8823-ce33f7418336-141.js (sourcemap at route.js.map, debug id d640abcb-72df-4481-8823-ce33f7418336)
    ~/d7e4526d-579d-4170-91fc-f0b8764ee3e4-12.js (sourcemap at page.js.map, debug id d7e4526d-579d-4170-91fc-f0b8764ee3e4)
    ~/d7ea4798-4c09-47d5-8a01-e30984839c8b-260.js (sourcemap at route.js.map, debug id d7ea4798-4c09-47d5-8a01-e30984839c8b)
    ~/d8670341-c47a-4987-a633-b83245155733-11.js (sourcemap at page.js.map, debug id d8670341-c47a-4987-a633-b83245155733)
    ~/d946bc6f-e218-496c-a3cd-d67416224076-82.js (sourcemap at route.js.map, debug id d946bc6f-e218-496c-a3cd-d67416224076)
    ~/d9db2c13-f32f-45d1-9bec-a022010daf0b-136.js (sourcemap at route.js.map, debug id d9db2c13-f32f-45d1-9bec-a022010daf0b)
    ~/da504e45-92d5-4a4d-9de3-764d03a11e5e-199.js (sourcemap at route.js.map, debug id da504e45-92d5-4a4d-9de3-764d03a11e5e)
    ~/da51476b-c654-45ea-a1c0-c08257cdf483-357.js (sourcemap at 947.js.map, debug id da51476b-c654-45ea-a1c0-c08257cdf483)
    ~/dafdea90-ed1e-4b18-89ea-2369e74be364-225.js (sourcemap at route.js.map, debug id dafdea90-ed1e-4b18-89ea-2369e74be364)
    ~/db095168-9629-42cd-8179-9ac9c5e9abb0-76.js (sourcemap at route.js.map, debug id db095168-9629-42cd-8179-9ac9c5e9abb0)
    ~/db3720c7-0a33-44a4-aa14-f526874a895a-41.js (sourcemap at page.js.map, debug id db3720c7-0a33-44a4-aa14-f526874a895a)
    ~/dba9714b-4e26-4478-af75-2191d08189db-298.js (sourcemap at 2856.js.map, debug id dba9714b-4e26-4478-af75-2191d08189db)
    ~/ddb24a09-ab63-49ae-95cc-f1e5b043c61a-307.js (sourcemap at 389.js.map, debug id ddb24a09-ab63-49ae-95cc-f1e5b043c61a)
    ~/ddc7e237-ea6a-4cd8-ac4d-740fb09a5771-251.js (sourcemap at route.js.map, debug id ddc7e237-ea6a-4cd8-ac4d-740fb09a5771)
    ~/de36d693-48c1-4b4c-92b2-f705304f1c32-149.js (sourcemap at route.js.map, debug id de36d693-48c1-4b4c-92b2-f705304f1c32)
    ~/de4db3b7-5865-4269-8f43-7daedf68283d-329.js (sourcemap at 6772.js.map, debug id de4db3b7-5865-4269-8f43-7daedf68283d)
    ~/dff55d6d-7801-42fc-b417-46d3b67ac31a-21.js (sourcemap at page.js.map, debug id dff55d6d-7801-42fc-b417-46d3b67ac31a)
    ~/e0775e0b-50f1-434a-a494-61db8f9f7bbe-338.js (sourcemap at 759.js.map, debug id e0775e0b-50f1-434a-a494-61db8f9f7bbe)
    ~/e09f2f09-fffc-4bb1-a99e-73a5b6c05598-68.js (sourcemap at page.js.map, debug id e09f2f09-fffc-4bb1-a99e-73a5b6c05598)
    ~/e162ca72-30e9-444c-974d-fff5019aa436-346.js (sourcemap at 8320.js.map, debug id e162ca72-30e9-444c-974d-fff5019aa436)
    ~/e2760440-5fc9-4d8e-87c8-a4ba1d5be7eb-321.js (sourcemap at 6035.js.map, debug id e2760440-5fc9-4d8e-87c8-a4ba1d5be7eb)
    ~/e3623534-ace2-4b05-9085-abb6156c4ea0-117.js (sourcemap at route.js.map, debug id e3623534-ace2-4b05-9085-abb6156c4ea0)
    ~/e37a27bc-42c2-4181-9670-1325905db163-361.js (sourcemap at edge-runtime-webpack.js.map, debug id e37a27bc-42c2-4181-9670-1325905db163)
    ~/e407d229-edab-4108-8a79-6a6fda5d8cae-121.js (sourcemap at route.js.map, debug id e407d229-edab-4108-8a79-6a6fda5d8cae)
    ~/e55e11d9-f235-49a7-9732-56f3e3c44b5d-58.js (sourcemap at page.js.map, debug id e55e11d9-f235-49a7-9732-56f3e3c44b5d)
    ~/e5cb4e4c-62ba-4013-a3f8-45dcf738187a-335.js (sourcemap at 7208.js.map, debug id e5cb4e4c-62ba-4013-a3f8-45dcf738187a)
    ~/e71b9a19-8fd6-44ae-bc77-534d70b8807a-62.js (sourcemap at page.js.map, debug id e71b9a19-8fd6-44ae-bc77-534d70b8807a)
    ~/e769bcc4-638d-48fe-b485-817999fc9877-132.js (sourcemap at route.js.map, debug id e769bcc4-638d-48fe-b485-817999fc9877)
    ~/e89b5181-c951-465f-806f-04ab80ce3806-277.js (sourcemap at route.js.map, debug id e89b5181-c951-465f-806f-04ab80ce3806)
    ~/ea663099-d4f1-47a0-a21d-4af81cb11893-134.js (sourcemap at route.js.map, debug id ea663099-d4f1-47a0-a21d-4af81cb11893)
    ~/ea769415-cc1b-4a12-99e1-3207db5692b4-66.js (sourcemap at page.js.map, debug id ea769415-cc1b-4a12-99e1-3207db5692b4)
    ~/ea92027b-72a4-4459-b43e-1d147af4f54a-267.js (sourcemap at route.js.map, debug id ea92027b-72a4-4459-b43e-1d147af4f54a)
    ~/ebfaf2d8-c32b-42ba-a044-8a28bf92afdf-303.js (sourcemap at 318.js.map, debug id ebfaf2d8-c32b-42ba-a044-8a28bf92afdf)
    ~/ed0ae34c-6a54-4d7b-b7fb-573cc2f7179c-226.js (sourcemap at route.js.map, debug id ed0ae34c-6a54-4d7b-b7fb-573cc2f7179c)
    ~/ed4971ad-11a9-4321-8267-64159fad6bd7-297.js (sourcemap at 2773.js.map, debug id ed4971ad-11a9-4321-8267-64159fad6bd7)
    ~/ede53d3e-a79e-46b4-82ad-95c96587fb43-352.js (sourcemap at 8870.js.map, debug id ede53d3e-a79e-46b4-82ad-95c96587fb43)
    ~/ee782ada-ad22-4fbb-8932-6e9f39cf11bc-216.js (sourcemap at route.js.map, debug id ee782ada-ad22-4fbb-8932-6e9f39cf11bc)
    ~/ef3b7662-217f-474d-b361-694622f508ba-74.js (sourcemap at page.js.map, debug id ef3b7662-217f-474d-b361-694622f508ba)
    ~/f063cd19-84cf-42c3-8677-11c5fb55c9aa-284.js (sourcemap at 1242.js.map, debug id f063cd19-84cf-42c3-8677-11c5fb55c9aa)
    ~/f0a3526b-6a56-4b6b-869c-d578d701097d-356.js (sourcemap at 9291.js.map, debug id f0a3526b-6a56-4b6b-869c-d578d701097d)
    ~/f1a5a3f0-bea4-44c9-be32-edb1c1e7dc82-229.js (sourcemap at route.js.map, debug id f1a5a3f0-bea4-44c9-be32-edb1c1e7dc82)
    ~/f1ef632a-d827-44da-b33b-968d5c734d0a-155.js (sourcemap at route.js.map, debug id f1ef632a-d827-44da-b33b-968d5c734d0a)
    ~/f3638cec-c865-498b-afcb-806c215f650e-7.js (sourcemap at page.js.map, debug id f3638cec-c865-498b-afcb-806c215f650e)
    ~/f3c2feb4-ff6e-4ff9-bdff-6e04eafade3d-264.js (sourcemap at route.js.map, debug id f3c2feb4-ff6e-4ff9-bdff-6e04eafade3d)
    ~/f52740c4-39a7-4a71-84e5-df0834381be6-363.js (sourcemap at middleware.js.map, debug id f52740c4-39a7-4a71-84e5-df0834381be6)
    ~/f56c523c-3837-4c58-a511-94851c53412c-300.js (sourcemap at 2999.js.map, debug id f56c523c-3837-4c58-a511-94851c53412c)
    ~/f58f7558-7bac-405e-a217-c6e4839df77b-281.js (sourcemap at page.js.map, debug id f58f7558-7bac-405e-a217-c6e4839df77b)
    ~/f77b4ab6-0984-4df5-9a54-9de1fa2e3c1f-209.js (sourcemap at route.js.map, debug id f77b4ab6-0984-4df5-9a54-9de1fa2e3c1f)
    ~/f86bed7e-e3f3-4744-9bc2-915c71c791b1-52.js (sourcemap at page.js.map, debug id f86bed7e-e3f3-4744-9bc2-915c71c791b1)
    ~/f8922af3-6a3d-49ee-97ed-52ca5ad9c604-217.js (sourcemap at route.js.map, debug id f8922af3-6a3d-49ee-97ed-52ca5ad9c604)
    ~/f9395ee8-d4b5-4b58-96bf-a2f0a7c52fa2-174.js (sourcemap at route.js.map, debug id f9395ee8-d4b5-4b58-96bf-a2f0a7c52fa2)
    ~/fa17a751-5d54-4cd9-8fd3-83d19321913c-38.js (sourcemap at page.js.map, debug id fa17a751-5d54-4cd9-8fd3-83d19321913c)
    ~/fd66a786-47c6-4e56-a012-6949404e9469-207.js (sourcemap at route.js.map, debug id fd66a786-47c6-4e56-a012-6949404e9469)
    ~/fe3210c4-4128-43a1-9046-8850948236bc-235.js (sourcemap at route.js.map, debug id fe3210c4-4128-43a1-9046-8850948236bc)
    ~/ff1962dd-0ba8-45ac-83a1-4603d13ab7e2-192.js (sourcemap at route.js.map, debug id ff1962dd-0ba8-45ac-83a1-4603d13ab7e2)
  Source Maps
    ~/00fef2cc-8d6a-4fd6-8622-6096e3e58850-274.js.map (debug id 00fef2cc-8d6a-4fd6-8622-6096e3e58850)
    ~/014a5ef1-b81a-4325-a181-235800121e89-113.js.map (debug id 014a5ef1-b81a-4325-a181-235800121e89)
    ~/02334c7a-a64c-4c7f-841c-97350477db52-40.js.map (debug id 02334c7a-a64c-4c7f-841c-97350477db52)
    ~/03152a1f-7c0c-4938-aebe-8cf30e657cc5-90.js.map (debug id 03152a1f-7c0c-4938-aebe-8cf30e657cc5)
    ~/033a7f40-0e29-49af-b752-8ce6ba00a49d-189.js.map (debug id 033a7f40-0e29-49af-b752-8ce6ba00a49d)
    ~/0348e70c-72f1-4568-a0ab-f1424a5ae3ca-79.js.map (debug id 0348e70c-72f1-4568-a0ab-f1424a5ae3ca)
    ~/03540274-275f-4dbf-9c5c-96eeb181c97e-118.js.map (debug id 03540274-275f-4dbf-9c5c-96eeb181c97e)
    ~/039c8851-32a5-4786-89a6-7928543904f1-262.js.map (debug id 039c8851-32a5-4786-89a6-7928543904f1)
    ~/043de10e-7de7-4784-88d5-c4f755b57254-137.js.map (debug id 043de10e-7de7-4784-88d5-c4f755b57254)
    ~/04900941-e0bd-420d-9709-5fddf3c26bf0-193.js.map (debug id 04900941-e0bd-420d-9709-5fddf3c26bf0)
    ~/055190bc-b6a5-46ee-b81e-830688b032ef-366.js.map (debug id 055190bc-b6a5-46ee-b81e-830688b032ef)
    ~/0567ac89-2d66-4409-9ee0-b03365706ee2-50.js.map (debug id 0567ac89-2d66-4409-9ee0-b03365706ee2)
    ~/05b89435-a636-4b61-b7bd-db8c62e6a014-280.js.map (debug id 05b89435-a636-4b61-b7bd-db8c62e6a014)
    ~/09bc7e4b-3f4d-4b03-a775-23cafef6ea87-53.js.map (debug id 09bc7e4b-3f4d-4b03-a775-23cafef6ea87)
    ~/0a604b62-ba6f-4008-a6f4-18c1c61623e5-107.js.map (debug id 0a604b62-ba6f-4008-a6f4-18c1c61623e5)
    ~/0ae4de22-e831-40b2-8e0c-2dafb1c4cb88-318.js.map (debug id 0ae4de22-e831-40b2-8e0c-2dafb1c4cb88)
    ~/0bd34927-dfc0-4cd2-97bf-02f5be5353e8-73.js.map (debug id 0bd34927-dfc0-4cd2-97bf-02f5be5353e8)
    ~/0d23dc9d-09b6-422f-9479-f1377db3f380-299.js.map (debug id 0d23dc9d-09b6-422f-9479-f1377db3f380)
    ~/0d2fd4b9-5d17-40a6-9f30-11b054a8421b-143.js.map (debug id 0d2fd4b9-5d17-40a6-9f30-11b054a8421b)
    ~/0d78d6f6-d507-4329-8e4d-835e6bf017a4-231.js.map (debug id 0d78d6f6-d507-4329-8e4d-835e6bf017a4)
    ~/0ead4931-7e2a-4ba9-8435-447d0e3505cd-358.js.map (debug id 0ead4931-7e2a-4ba9-8435-447d0e3505cd)
    ~/10396008-75b3-4702-ade1-fc2b2c8ff050-247.js.map (debug id 10396008-75b3-4702-ade1-fc2b2c8ff050)
    ~/104823ad-188e-4e78-a978-41ae3ae750f1-158.js.map (debug id 104823ad-188e-4e78-a978-41ae3ae750f1)
    ~/10abe463-620a-40fb-8d07-d4b559a1e380-119.js.map (debug id 10abe463-620a-40fb-8d07-d4b559a1e380)
    ~/119498e1-9960-44a4-8b99-9d59d5f77a74-89.js.map (debug id 119498e1-9960-44a4-8b99-9d59d5f77a74)
    ~/1275ac20-2d75-4043-93f7-126256d2089f-323.js.map (debug id 1275ac20-2d75-4043-93f7-126256d2089f)
    ~/1381c4f0-c506-47ea-b978-fab284d3c5c4-154.js.map (debug id 1381c4f0-c506-47ea-b978-fab284d3c5c4)
    ~/13ac03f4-5917-4834-bda1-84434da442c8-201.js.map (debug id 13ac03f4-5917-4834-bda1-84434da442c8)
    ~/14027e4a-d686-49f3-8e46-bd261632c191-261.js.map (debug id 14027e4a-d686-49f3-8e46-bd261632c191)
    ~/148ecd83-f2ce-4199-8366-494dba38645c-131.js.map (debug id 148ecd83-f2ce-4199-8366-494dba38645c)
    ~/1516758b-a6d5-4c30-800e-9c9c9bf55513-14.js.map (debug id 1516758b-a6d5-4c30-800e-9c9c9bf55513)
    ~/15f4e6fe-6d67-4f32-b5e8-67802e4890ae-31.js.map (debug id 15f4e6fe-6d67-4f32-b5e8-67802e4890ae)
    ~/1636375a-906b-4686-8f0b-61559c7a1358-190.js.map (debug id 1636375a-906b-4686-8f0b-61559c7a1358)
    ~/16dae314-e0eb-4c38-9712-c7bb496b2c13-55.js.map (debug id 16dae314-e0eb-4c38-9712-c7bb496b2c13)
    ~/1761f397-74e8-4c69-bb07-18846721edab-319.js.map (debug id 1761f397-74e8-4c69-bb07-18846721edab)
    ~/17d4337b-aa06-42b0-bd41-ec9b9847c89d-191.js.map (debug id 17d4337b-aa06-42b0-bd41-ec9b9847c89d)
    ~/1935573b-2e8f-45f7-980a-44593afc6a5f-104.js.map (debug id 1935573b-2e8f-45f7-980a-44593afc6a5f)
    ~/19fead33-0141-4b57-ae2b-5030c35ed32b-309.js.map (debug id 19fead33-0141-4b57-ae2b-5030c35ed32b)
    ~/1a471575-30c1-4df6-9a85-ae2dc8dce5ba-86.js.map (debug id 1a471575-30c1-4df6-9a85-ae2dc8dce5ba)
    ~/1aad42cd-3c20-4e78-8c00-d277bc510e6c-106.js.map (debug id 1aad42cd-3c20-4e78-8c00-d277bc510e6c)
    ~/1b0d14e8-8fa8-445d-a3ff-4ba7c5acd29f-67.js.map (debug id 1b0d14e8-8fa8-445d-a3ff-4ba7c5acd29f)
    ~/1b8546c0-eec7-437b-92be-30595646fc50-221.js.map (debug id 1b8546c0-eec7-437b-92be-30595646fc50)
    ~/1ba10b4f-1385-4e46-b750-462cffaa90be-311.js.map (debug id 1ba10b4f-1385-4e46-b750-462cffaa90be)
    ~/1bffedb0-84a6-4377-a782-a564ccdeca3c-246.js.map (debug id 1bffedb0-84a6-4377-a782-a564ccdeca3c)
    ~/1c732a6f-770e-40ec-aa02-b82a0402f777-222.js.map (debug id 1c732a6f-770e-40ec-aa02-b82a0402f777)
    ~/1e28a685-0dad-47c1-8bd9-94526c1964ae-308.js.map (debug id 1e28a685-0dad-47c1-8bd9-94526c1964ae)
    ~/1e47eb2a-4958-4eb0-ba80-3e75df5a5254-194.js.map (debug id 1e47eb2a-4958-4eb0-ba80-3e75df5a5254)
    ~/1f049c8b-2d52-4a07-a916-4820acd8eaaa-110.js.map (debug id 1f049c8b-2d52-4a07-a916-4820acd8eaaa)
    ~/1f605894-91ce-47c4-a65c-a253751f085e-122.js.map (debug id 1f605894-91ce-47c4-a65c-a253751f085e)
    ~/1fcb6db4-d406-43db-952e-e4f8c819236f-272.js.map (debug id 1fcb6db4-d406-43db-952e-e4f8c819236f)
    ~/2037cb72-3db0-4576-a915-0dd423ab073b-51.js.map (debug id 2037cb72-3db0-4576-a915-0dd423ab073b)
    ~/20f3edd8-c7cd-4112-81f3-c3e8e386d83a-92.js.map (debug id 20f3edd8-c7cd-4112-81f3-c3e8e386d83a)
    ~/20fdee33-55e8-4a7d-9475-d8963287b318-252.js.map (debug id 20fdee33-55e8-4a7d-9475-d8963287b318)
    ~/21260f3c-11dd-4339-9801-e4a2e3efdb67-69.js.map (debug id 21260f3c-11dd-4339-9801-e4a2e3efdb67)
    ~/21f4bc6b-f57f-4640-92dd-d858eb5ab01a-183.js.map (debug id 21f4bc6b-f57f-4640-92dd-d858eb5ab01a)
    ~/2292efa4-d6fe-4bab-92b7-f26665410237-142.js.map (debug id 2292efa4-d6fe-4bab-92b7-f26665410237)
    ~/233c3291-eb24-409f-8e81-716899e649b3-24.js.map (debug id 233c3291-eb24-409f-8e81-716899e649b3)
    ~/25303238-9031-47f1-86f5-1d2b5349aa3d-359.js.map (debug id 25303238-9031-47f1-86f5-1d2b5349aa3d)
    ~/2654a945-7102-4e37-aaee-b96b79bbcbac-159.js.map (debug id 2654a945-7102-4e37-aaee-b96b79bbcbac)
    ~/27323fbc-323b-4ba6-bb6e-8258f155eb1a-295.js.map (debug id 27323fbc-323b-4ba6-bb6e-8258f155eb1a)
    ~/2771f845-3247-4a30-bfdf-2a29e80970c5-208.js.map (debug id 2771f845-3247-4a30-bfdf-2a29e80970c5)
    ~/28ac6c9a-cfa2-4e91-8d55-bdae4e796408-42.js.map (debug id 28ac6c9a-cfa2-4e91-8d55-bdae4e796408)
    ~/291ca21e-373b-4a08-9bf5-46934a47c50e-233.js.map (debug id 291ca21e-373b-4a08-9bf5-46934a47c50e)
    ~/2a0a1edc-f298-4f4c-be6b-e7d37e7eade4-306.js.map (debug id 2a0a1edc-f298-4f4c-be6b-e7d37e7eade4)
    ~/2bc5c803-f3ab-49ab-90bc-c1f9c29a6049-197.js.map (debug id 2bc5c803-f3ab-49ab-90bc-c1f9c29a6049)
    ~/2c741cce-a1c6-4c35-a375-989254eec5a1-228.js.map (debug id 2c741cce-a1c6-4c35-a375-989254eec5a1)
    ~/2cd8826d-3bc8-482e-ac99-72578ed6fbd8-176.js.map (debug id 2cd8826d-3bc8-482e-ac99-72578ed6fbd8)
    ~/2d4d2ce6-ee4a-4009-b8cd-b2871613e61a-349.js.map (debug id 2d4d2ce6-ee4a-4009-b8cd-b2871613e61a)
    ~/2e4ca229-2cc9-4ecd-9f48-5dfcb675a926-283.js.map (debug id 2e4ca229-2cc9-4ecd-9f48-5dfcb675a926)
    ~/2e67b714-0963-4c53-889e-27ee2a5ecdb2-22.js.map (debug id 2e67b714-0963-4c53-889e-27ee2a5ecdb2)
    ~/2f7c0d96-66d9-4bf7-9cf3-9721f8cab3c5-316.js.map (debug id 2f7c0d96-66d9-4bf7-9cf3-9721f8cab3c5)
    ~/31eb2dfe-dc02-4963-b8c2-131de0968117-63.js.map (debug id 31eb2dfe-dc02-4963-b8c2-131de0968117)
    ~/32f3e6c8-f0e0-4f30-9dfc-e540f7ec71b2-242.js.map (debug id 32f3e6c8-f0e0-4f30-9dfc-e540f7ec71b2)
    ~/32f79332-d0ca-4701-89c7-061b97413a18-102.js.map (debug id 32f79332-d0ca-4701-89c7-061b97413a18)
    ~/331b2328-a7a2-4ccb-a71f-ef43f0a4d97f-244.js.map (debug id 331b2328-a7a2-4ccb-a71f-ef43f0a4d97f)
    ~/33b44b9f-20ae-4c16-91a7-d906d33653a8-248.js.map (debug id 33b44b9f-20ae-4c16-91a7-d906d33653a8)
    ~/3463f8ef-0ef8-4d7d-999d-474bbe4ad67b-178.js.map (debug id 3463f8ef-0ef8-4d7d-999d-474bbe4ad67b)
    ~/34c8c086-c997-44de-9a4a-fe8c219464d6-211.js.map (debug id 34c8c086-c997-44de-9a4a-fe8c219464d6)
    ~/370dee24-4554-483e-843a-03c0048f7b79-109.js.map (debug id 370dee24-4554-483e-843a-03c0048f7b79)
    ~/37bc50e7-def4-498b-9977-b225bbf69a56-344.js.map (debug id 37bc50e7-def4-498b-9977-b225bbf69a56)
    ~/383f1b58-cc38-494d-8b38-10811b58390b-324.js.map (debug id 383f1b58-cc38-494d-8b38-10811b58390b)
    ~/388b7b2e-c542-4bcd-94a4-e31776b52241-170.js.map (debug id 388b7b2e-c542-4bcd-94a4-e31776b52241)
    ~/3890c6ad-e79b-4249-920c-9dee06e97923-350.js.map (debug id 3890c6ad-e79b-4249-920c-9dee06e97923)
    ~/38b0802d-3de0-4f38-acfe-4e234a629f27-151.js.map (debug id 38b0802d-3de0-4f38-acfe-4e234a629f27)
    ~/39c19af4-af31-40ad-bb46-bb950f65d4b8-270.js.map (debug id 39c19af4-af31-40ad-bb46-bb950f65d4b8)
    ~/3adacbb1-d97d-4c99-9024-e87e5564fd25-15.js.map (debug id 3adacbb1-d97d-4c99-9024-e87e5564fd25)
    ~/3ae64a8d-d387-4283-8788-036e853ade85-71.js.map (debug id 3ae64a8d-d387-4283-8788-036e853ade85)
    ~/3c4257cc-22a9-4d15-941e-3aebe5d015bc-103.js.map (debug id 3c4257cc-22a9-4d15-941e-3aebe5d015bc)
    ~/3cf11751-f834-4361-96d7-cbd02ac29685-291.js.map (debug id 3cf11751-f834-4361-96d7-cbd02ac29685)
    ~/3e2205fb-e0c5-459d-a4ac-6ece154b4267-180.js.map (debug id 3e2205fb-e0c5-459d-a4ac-6ece154b4267)
    ~/3e2de692-0fea-4a39-98d9-8a48b3ee777c-3.js.map (debug id 3e2de692-0fea-4a39-98d9-8a48b3ee777c)
    ~/4018eddc-379d-4275-a390-ea61a33c7819-45.js.map (debug id 4018eddc-379d-4275-a390-ea61a33c7819)
    ~/419d3db4-b64e-4e20-9f0b-ff1b203a1a7c-259.js.map (debug id 419d3db4-b64e-4e20-9f0b-ff1b203a1a7c)
    ~/41a3cd13-4935-42e4-86ce-05e91f69892b-160.js.map (debug id 41a3cd13-4935-42e4-86ce-05e91f69892b)
    ~/4267b101-04b0-4e85-89d4-16f0f901d657-333.js.map (debug id 4267b101-04b0-4e85-89d4-16f0f901d657)
    ~/43efd33c-aedb-4781-9857-109e8f784825-328.js.map (debug id 43efd33c-aedb-4781-9857-109e8f784825)
    ~/442868ab-b64a-4b88-b89f-744dacbbf576-25.js.map (debug id 442868ab-b64a-4b88-b89f-744dacbbf576)
    ~/44afb42d-655c-4a0b-b668-3b3176d3bd84-169.js.map (debug id 44afb42d-655c-4a0b-b668-3b3176d3bd84)
    ~/44f3d4bf-1883-47c4-b131-62725c0fd317-10.js.map (debug id 44f3d4bf-1883-47c4-b131-62725c0fd317)
    ~/44fcb2a8-f7fe-4eba-9848-5d728c53fe22-214.js.map (debug id 44fcb2a8-f7fe-4eba-9848-5d728c53fe22)
    ~/45787c12-07d1-4e66-a070-672a69b67de2-177.js.map (debug id 45787c12-07d1-4e66-a070-672a69b67de2)
    ~/4794ce10-b1df-453b-9052-402373ab35d4-185.js.map (debug id 4794ce10-b1df-453b-9052-402373ab35d4)
    ~/47cb4ccc-39ed-4a09-a26f-1af82f9a970c-84.js.map (debug id 47cb4ccc-39ed-4a09-a26f-1af82f9a970c)
    ~/481bc71b-1111-4f51-a3f9-683531b0a249-78.js.map (debug id 481bc71b-1111-4f51-a3f9-683531b0a249)
    ~/485dda34-595b-4275-b7ab-30827f47ac30-87.js.map (debug id 485dda34-595b-4275-b7ab-30827f47ac30)
    ~/48698c12-0f69-4376-bd69-c5c5a68c8570-23.js.map (debug id 48698c12-0f69-4376-bd69-c5c5a68c8570)
    ~/4882d648-15eb-42ac-9fd9-dd7b0c8d98fa-263.js.map (debug id 4882d648-15eb-42ac-9fd9-dd7b0c8d98fa)
    ~/493002a2-4961-4be1-9b9a-4e20d1e00399-60.js.map (debug id 493002a2-4961-4be1-9b9a-4e20d1e00399)
    ~/4972eed8-e136-4c65-8a03-aafe3e407a29-173.js.map (debug id 4972eed8-e136-4c65-8a03-aafe3e407a29)
    ~/4a6c5df5-6640-48c9-978c-0573ca523cdc-289.js.map (debug id 4a6c5df5-6640-48c9-978c-0573ca523cdc)
    ~/4b3bccc6-9631-4101-92a7-515f05d9081e-8.js.map (debug id 4b3bccc6-9631-4101-92a7-515f05d9081e)
    ~/4d3dd332-24a0-4f1d-9acf-2597e51bd53d-88.js.map (debug id 4d3dd332-24a0-4f1d-9acf-2597e51bd53d)
    ~/4daf330b-7dc9-4ba6-8685-b04b3771c7d8-5.js.map (debug id 4daf330b-7dc9-4ba6-8685-b04b3771c7d8)
    ~/4dd483ad-025b-4be8-8193-f87c61ab6696-65.js.map (debug id 4dd483ad-025b-4be8-8193-f87c61ab6696)
    ~/4de65d38-c8e4-422e-8d0f-fcf137648fb5-175.js.map (debug id 4de65d38-c8e4-422e-8d0f-fcf137648fb5)
    ~/4e812855-f3b3-47e6-a933-0e6c38ce93e5-129.js.map (debug id 4e812855-f3b3-47e6-a933-0e6c38ce93e5)
    ~/500acae0-e868-4015-8c26-5bc2510eaaaa-355.js.map (debug id 500acae0-e868-4015-8c26-5bc2510eaaaa)
    ~/508da676-8254-4d17-a0c2-0b010e92c9ad-341.js.map (debug id 508da676-8254-4d17-a0c2-0b010e92c9ad)
    ~/50ce1ce2-aecb-49bf-a476-20551acc0b7c-330.js.map (debug id 50ce1ce2-aecb-49bf-a476-20551acc0b7c)
    ~/50f00823-5fda-4648-a131-293d4d9007db-133.js.map (debug id 50f00823-5fda-4648-a131-293d4d9007db)
    ~/51e80996-1da4-4151-b7c0-28a38316e497-56.js.map (debug id 51e80996-1da4-4151-b7c0-28a38316e497)
    ~/533a4e11-2bed-4c91-867c-128422c1f50a-161.js.map (debug id 533a4e11-2bed-4c91-867c-128422c1f50a)
    ~/53fe6be0-fb1d-4337-bb45-df95fb54e9fb-336.js.map (debug id 53fe6be0-fb1d-4337-bb45-df95fb54e9fb)
    ~/54ad8260-6741-4fb4-9489-801d82fdbd66-334.js.map (debug id 54ad8260-6741-4fb4-9489-801d82fdbd66)
    ~/55fdfafe-1920-48f5-ab6b-6dc56b769afc-210.js.map (debug id 55fdfafe-1920-48f5-ab6b-6dc56b769afc)
    ~/572513fe-a0ee-4c28-aa58-dead8c81e6c8-34.js.map (debug id 572513fe-a0ee-4c28-aa58-dead8c81e6c8)
    ~/57c1cb9b-f414-411f-93db-df839bb90b35-182.js.map (debug id 57c1cb9b-f414-411f-93db-df839bb90b35)
    ~/581ef5f7-6ea5-4f57-8623-a160f40edd95-152.js.map (debug id 581ef5f7-6ea5-4f57-8623-a160f40edd95)
    ~/5a5424bc-1787-482d-977c-7a8e7aa00fc5-286.js.map (debug id 5a5424bc-1787-482d-977c-7a8e7aa00fc5)
    ~/5a9202e5-f53b-4301-8fc0-ceed35ccf269-238.js.map (debug id 5a9202e5-f53b-4301-8fc0-ceed35ccf269)
    ~/5b93b875-efe3-4597-b430-ff0ea230f686-64.js.map (debug id 5b93b875-efe3-4597-b430-ff0ea230f686)
    ~/5ba89b81-8fb6-48cc-9a94-bb18cc08b870-326.js.map (debug id 5ba89b81-8fb6-48cc-9a94-bb18cc08b870)
    ~/5c68e723-573a-4c17-913d-39cc11e936b7-202.js.map (debug id 5c68e723-573a-4c17-913d-39cc11e936b7)
    ~/5d8eba20-d9c7-4682-b6f6-d4482cbf8dce-347.js.map (debug id 5d8eba20-d9c7-4682-b6f6-d4482cbf8dce)
    ~/5e54223f-c531-40d2-996c-73ea4cfcc434-162.js.map (debug id 5e54223f-c531-40d2-996c-73ea4cfcc434)
    ~/5fe5c235-2af5-4cfe-a858-38418a071855-17.js.map (debug id 5fe5c235-2af5-4cfe-a858-38418a071855)
    ~/60657f30-c228-48a7-bdd4-bbe6670016d4-179.js.map (debug id 60657f30-c228-48a7-bdd4-bbe6670016d4)
    ~/6104cc64-958b-4343-83d7-34844efba6d0-100.js.map (debug id 6104cc64-958b-4343-83d7-34844efba6d0)
    ~/6185a15f-e193-489c-b603-7c919a7ee21e-314.js.map (debug id 6185a15f-e193-489c-b603-7c919a7ee21e)
    ~/62c8e33c-caf8-4376-8a06-822d0f565dcb-294.js.map (debug id 62c8e33c-caf8-4376-8a06-822d0f565dcb)
    ~/633ae482-3e9b-435d-a048-1297f6727481-91.js.map (debug id 633ae482-3e9b-435d-a048-1297f6727481)
    ~/6384c075-403d-4d4e-bcc7-d81d5d9cd573-43.js.map (debug id 6384c075-403d-4d4e-bcc7-d81d5d9cd573)
    ~/63c680c6-f2a5-43b7-800f-547c4c6a4a28-16.js.map (debug id 63c680c6-f2a5-43b7-800f-547c4c6a4a28)
    ~/64a1db1e-3622-43a7-a202-bb8fcfb126d1-236.js.map (debug id 64a1db1e-3622-43a7-a202-bb8fcfb126d1)
    ~/64b1d5f5-b6b4-4678-b27d-9a3e77692309-85.js.map (debug id 64b1d5f5-b6b4-4678-b27d-9a3e77692309)
    ~/65d67a40-c84e-47a0-9f9d-82a695cb9760-325.js.map (debug id 65d67a40-c84e-47a0-9f9d-82a695cb9760)
    ~/6741666f-ef2b-414f-8d8c-38578d141b57-33.js.map (debug id 6741666f-ef2b-414f-8d8c-38578d141b57)
    ~/67c56803-70f3-4967-9a95-f622ef4563f5-99.js.map (debug id 67c56803-70f3-4967-9a95-f622ef4563f5)
    ~/67eb8389-2d69-4af3-a0d4-95e88fd8b80e-279.js.map (debug id 67eb8389-2d69-4af3-a0d4-95e88fd8b80e)
    ~/699bc855-56be-457c-aab4-9c53b70f3c3f-4.js.map (debug id 699bc855-56be-457c-aab4-9c53b70f3c3f)
    ~/69cf9ac1-acc5-480f-9a81-857bb027df28-181.js.map (debug id 69cf9ac1-acc5-480f-9a81-857bb027df28)
    ~/6a6ae00a-9780-42e0-81a0-5779ae6844ee-145.js.map (debug id 6a6ae00a-9780-42e0-81a0-5779ae6844ee)
    ~/6b2fecbf-2804-4f4f-9d48-994e83d236bf-9.js.map (debug id 6b2fecbf-2804-4f4f-9d48-994e83d236bf)
    ~/6b79cd55-68cf-4cf1-aafe-43a443c1e29a-168.js.map (debug id 6b79cd55-68cf-4cf1-aafe-43a443c1e29a)
    ~/6c9c41fc-9794-4266-830f-b0c66cace234-362.js.map (debug id 6c9c41fc-9794-4266-830f-b0c66cace234)
    ~/6caf1ea2-b7ef-49d1-8a17-3080005706fa-172.js.map (debug id 6caf1ea2-b7ef-49d1-8a17-3080005706fa)
    ~/6dc9c2cd-278e-438d-8cc2-30e1fe7424eb-150.js.map (debug id 6dc9c2cd-278e-438d-8cc2-30e1fe7424eb)
    ~/6e6e43f8-5d40-43d6-9ce9-ff0b40dc38de-184.js.map (debug id 6e6e43f8-5d40-43d6-9ce9-ff0b40dc38de)
    ~/6efa62e4-9120-49d1-98a0-a395440923f4-171.js.map (debug id 6efa62e4-9120-49d1-98a0-a395440923f4)
    ~/6f776104-456c-4075-bce5-9f66cd6e8274-345.js.map (debug id 6f776104-456c-4075-bce5-9f66cd6e8274)
    ~/70164127-7bf8-457d-a3c0-21af1342f2fa-215.js.map (debug id 70164127-7bf8-457d-a3c0-21af1342f2fa)
    ~/705ca30b-78f7-4185-8df1-69cf2a6a4b2c-234.js.map (debug id 705ca30b-78f7-4185-8df1-69cf2a6a4b2c)
    ~/71019467-818d-4eef-a3cf-f6ee33aa447b-266.js.map (debug id 71019467-818d-4eef-a3cf-f6ee33aa447b)
    ~/71618830-42cd-4e45-81d3-ff538f55f038-343.js.map (debug id 71618830-42cd-4e45-81d3-ff538f55f038)
    ~/71761ff2-e99d-4e3f-a230-e95c122cd6a4-245.js.map (debug id 71761ff2-e99d-4e3f-a230-e95c122cd6a4)
    ~/7494a95e-a6ae-4e8c-8ae2-d8b0333887a6-166.js.map (debug id 7494a95e-a6ae-4e8c-8ae2-d8b0333887a6)
    ~/7570412a-b1c8-4e5d-87f8-9476ffd96d40-322.js.map (debug id 7570412a-b1c8-4e5d-87f8-9476ffd96d40)
    ~/75b330a5-0a51-41cd-a445-d59e605787c2-230.js.map (debug id 75b330a5-0a51-41cd-a445-d59e605787c2)
    ~/7695ef7d-c207-4739-8901-61bfd004082b-205.js.map (debug id 7695ef7d-c207-4739-8901-61bfd004082b)
    ~/76fe7fad-a2cb-4dc1-8274-ce6f9845dafe-130.js.map (debug id 76fe7fad-a2cb-4dc1-8274-ce6f9845dafe)
    ~/77ac6582-0e01-4373-922a-78464d5c622d-253.js.map (debug id 77ac6582-0e01-4373-922a-78464d5c622d)
    ~/77c520c3-9dbe-4e1d-8462-d40cc0d64d4d-128.js.map (debug id 77c520c3-9dbe-4e1d-8462-d40cc0d64d4d)
    ~/78c1d3ae-a429-4cd9-91ff-4757401dab40-70.js.map (debug id 78c1d3ae-a429-4cd9-91ff-4757401dab40)
    ~/78cc44d9-1ff7-41b9-9018-1c85ba40c8f8-240.js.map (debug id 78cc44d9-1ff7-41b9-9018-1c85ba40c8f8)
    ~/78d75680-20f8-4ca3-98ab-a24477023d6e-310.js.map (debug id 78d75680-20f8-4ca3-98ab-a24477023d6e)
    ~/791991f9-5af6-4de1-8002-3008f3a73125-83.js.map (debug id 791991f9-5af6-4de1-8002-3008f3a73125)
    ~/79250dce-561f-4061-a11e-512b211774fa-196.js.map (debug id 79250dce-561f-4061-a11e-512b211774fa)
    ~/794363d8-20cc-4476-a59a-d7586927a6e8-232.js.map (debug id 794363d8-20cc-4476-a59a-d7586927a6e8)
    ~/796f27db-5e1c-41c6-a60b-8aedcf25aac2-37.js.map (debug id 796f27db-5e1c-41c6-a60b-8aedcf25aac2)
    ~/7a02997c-9240-41a6-8386-0a2fed27a7d6-46.js.map (debug id 7a02997c-9240-41a6-8386-0a2fed27a7d6)
    ~/7a8dab3f-c67f-47b8-9c82-96c2522d9645-29.js.map (debug id 7a8dab3f-c67f-47b8-9c82-96c2522d9645)
    ~/7a9ce5e1-0556-4187-baa8-1b67950a9959-219.js.map (debug id 7a9ce5e1-0556-4187-baa8-1b67950a9959)
    ~/7ad64435-2c37-4871-a687-06e0d917bd3d-293.js.map (debug id 7ad64435-2c37-4871-a687-06e0d917bd3d)
    ~/7ad749c1-d7aa-46ad-801e-ade0d12e3cbe-2.js.map (debug id 7ad749c1-d7aa-46ad-801e-ade0d12e3cbe)
    ~/7ae0f07d-1039-4415-a22b-69c699ac6306-218.js.map (debug id 7ae0f07d-1039-4415-a22b-69c699ac6306)
    ~/7afec080-fa60-4cb5-b2d9-4d61867c6b4a-315.js.map (debug id 7afec080-fa60-4cb5-b2d9-4d61867c6b4a)
    ~/7c962918-290f-4927-9c46-409f64a038d0-35.js.map (debug id 7c962918-290f-4927-9c46-409f64a038d0)
    ~/7ff5caf5-570a-4760-ae1e-cc996365dfee-342.js.map (debug id 7ff5caf5-570a-4760-ae1e-cc996365dfee)
    ~/8062f6f8-7442-4504-8d71-4df1afe2fbdf-188.js.map (debug id 8062f6f8-7442-4504-8d71-4df1afe2fbdf)
    ~/80bf80ad-d51b-42d6-a61c-5ad723790a34-101.js.map (debug id 80bf80ad-d51b-42d6-a61c-5ad723790a34)
    ~/8191155b-a106-4ca8-a7a2-30598797fe57-320.js.map (debug id 8191155b-a106-4ca8-a7a2-30598797fe57)
    ~/82791e31-cf1f-4653-9aff-e9c649e5718e-163.js.map (debug id 82791e31-cf1f-4653-9aff-e9c649e5718e)
    ~/837c6f44-210b-4b3a-a5e0-f6df86594cc4-287.js.map (debug id 837c6f44-210b-4b3a-a5e0-f6df86594cc4)
    ~/84808fd0-18bd-4ca0-900b-03242da6d032-93.js.map (debug id 84808fd0-18bd-4ca0-900b-03242da6d032)
    ~/84afc6a0-c359-4290-8c2f-0d19e33768cb-239.js.map (debug id 84afc6a0-c359-4290-8c2f-0d19e33768cb)
    ~/85c01cd4-3e1c-464f-995a-920d2f9fa5f7-237.js.map (debug id 85c01cd4-3e1c-464f-995a-920d2f9fa5f7)
    ~/8682d9e7-0db4-4c4d-ac2b-79beb71e5d25-48.js.map (debug id 8682d9e7-0db4-4c4d-ac2b-79beb71e5d25)
    ~/868f851f-5e8e-4f41-b352-94561deb3bb6-115.js.map (debug id 868f851f-5e8e-4f41-b352-94561deb3bb6)
    ~/88ccb643-565d-4348-9226-97af12334cec-72.js.map (debug id 88ccb643-565d-4348-9226-97af12334cec)
    ~/8af9ef55-b960-4f3a-a10a-fdc4806bfcf5-186.js.map (debug id 8af9ef55-b960-4f3a-a10a-fdc4806bfcf5)
    ~/8bff536f-0f52-4965-a2bd-25e18efaf96f-203.js.map (debug id 8bff536f-0f52-4965-a2bd-25e18efaf96f)
    ~/8c34188e-afcf-44e3-8616-647485cfe8ef-57.js.map (debug id 8c34188e-afcf-44e3-8616-647485cfe8ef)
    ~/8d95b7cf-3f4b-47da-8ab9-be917c31c826-290.js.map (debug id 8d95b7cf-3f4b-47da-8ab9-be917c31c826)
    ~/8ff47a52-e3f3-426c-9e29-2b5863a17ee5-288.js.map (debug id 8ff47a52-e3f3-426c-9e29-2b5863a17ee5)
    ~/903bae3f-e718-4f86-9bb6-c100474f13b6-275.js.map (debug id 903bae3f-e718-4f86-9bb6-c100474f13b6)
    ~/90c284d6-53f0-47e0-83fd-a31d688dd8d0-123.js.map (debug id 90c284d6-53f0-47e0-83fd-a31d688dd8d0)
    ~/90d9177b-b5ad-4762-9cb3-06db21ae4539-360.js.map (debug id 90d9177b-b5ad-4762-9cb3-06db21ae4539)
    ~/911dc69f-71c1-4b9b-aea0-df425e9cf1f9-285.js.map (debug id 911dc69f-71c1-4b9b-aea0-df425e9cf1f9)
    ~/91e0753c-1c84-4bfa-baf7-35214edb227f-301.js.map (debug id 91e0753c-1c84-4bfa-baf7-35214edb227f)
    ~/930d24b6-3f06-4e59-a1d4-8a692b4d23aa-61.js.map (debug id 930d24b6-3f06-4e59-a1d4-8a692b4d23aa)
    ~/933b71da-1c35-4b1a-91ce-7a8b839fb3ad-95.js.map (debug id 933b71da-1c35-4b1a-91ce-7a8b839fb3ad)
    ~/946045d8-9d0f-46cc-9eef-5c7b828321d7-80.js.map (debug id 946045d8-9d0f-46cc-9eef-5c7b828321d7)
    ~/9586f621-88ef-498c-92dc-59dc67a8688d-271.js.map (debug id 9586f621-88ef-498c-92dc-59dc67a8688d)
    ~/95c786b7-b932-4bbe-a0d4-e69ee18d7d59-187.js.map (debug id 95c786b7-b932-4bbe-a0d4-e69ee18d7d59)
    ~/95f9f13e-794b-4e75-9fc6-d09a7f8051e7-204.js.map (debug id 95f9f13e-794b-4e75-9fc6-d09a7f8051e7)
    ~/97ec6cea-407c-4daf-8814-d9cd7339d462-124.js.map (debug id 97ec6cea-407c-4daf-8814-d9cd7339d462)
    ~/98b8a35a-9369-4846-8544-584d5dd08aab-269.js.map (debug id 98b8a35a-9369-4846-8544-584d5dd08aab)
    ~/98fbfe13-c1e7-40fe-8acf-b26f5b5080cf-249.js.map (debug id 98fbfe13-c1e7-40fe-8acf-b26f5b5080cf)
    ~/9990a98b-cdb2-4105-b993-646e8891c6e0-127.js.map (debug id 9990a98b-cdb2-4105-b993-646e8891c6e0)
    ~/9a29cc74-5078-4b17-bc78-dba764e0e289-164.js.map (debug id 9a29cc74-5078-4b17-bc78-dba764e0e289)
    ~/9ca8dc71-809e-4f4b-8fb4-e98bae07d4ca-157.js.map (debug id 9ca8dc71-809e-4f4b-8fb4-e98bae07d4ca)
    ~/9cf54e1c-72a2-4a0e-bbe5-d8ddb3de0aee-30.js.map (debug id 9cf54e1c-72a2-4a0e-bbe5-d8ddb3de0aee)
    ~/9d832748-dd16-449c-adef-6e490453be52-105.js.map (debug id 9d832748-dd16-449c-adef-6e490453be52)
    ~/9da3d9f1-baf0-4d7d-983a-79d0d4060e76-339.js.map (debug id 9da3d9f1-baf0-4d7d-983a-79d0d4060e76)
    ~/9e4ba6b1-62b7-4840-a491-9c18c15d5e0a-268.js.map (debug id 9e4ba6b1-62b7-4840-a491-9c18c15d5e0a)
    ~/a0134fda-ee5d-44d0-987c-10b41038f72f-200.js.map (debug id a0134fda-ee5d-44d0-987c-10b41038f72f)
    ~/a02f2825-733e-46a2-befb-50696ef67c10-139.js.map (debug id a02f2825-733e-46a2-befb-50696ef67c10)
    ~/a1098edb-92b4-4c03-a62c-1490d9b4ca5c-212.js.map (debug id a1098edb-92b4-4c03-a62c-1490d9b4ca5c)
    ~/a280bde4-913a-46ad-9e89-ae5bceab477a-32.js.map (debug id a280bde4-913a-46ad-9e89-ae5bceab477a)
    ~/a2c10bf9-52e8-4ea9-8ddb-05951ec0ea0d-116.js.map (debug id a2c10bf9-52e8-4ea9-8ddb-05951ec0ea0d)
    ~/a3c56c5b-27ed-46b0-826e-8194caea9696-276.js.map (debug id a3c56c5b-27ed-46b0-826e-8194caea9696)
    ~/a4cee745-0209-4935-9c2c-9280daec0133-0.js.map (debug id a4cee745-0209-4935-9c2c-9280daec0133)
    ~/a4fc5adf-3450-411b-9d1f-53753a308872-256.js.map (debug id a4fc5adf-3450-411b-9d1f-53753a308872)
    ~/a4fdb23d-801c-4f5f-8c8f-3e438994de81-126.js.map (debug id a4fdb23d-801c-4f5f-8c8f-3e438994de81)
    ~/a5cc79e7-5a9a-4d04-91d8-16874bb48204-254.js.map (debug id a5cc79e7-5a9a-4d04-91d8-16874bb48204)
    ~/a5d92b85-9c1f-445d-90c1-ff8bbd01abe8-198.js.map (debug id a5d92b85-9c1f-445d-90c1-ff8bbd01abe8)
    ~/a61ccf42-0c81-4ec6-adcd-93c55ef6b52c-59.js.map (debug id a61ccf42-0c81-4ec6-adcd-93c55ef6b52c)
    ~/a6c05fa9-80e2-4cce-98d0-9ae7a80d2107-165.js.map (debug id a6c05fa9-80e2-4cce-98d0-9ae7a80d2107)
    ~/a71172f5-1356-4247-b8cf-1be2334283d5-114.js.map (debug id a71172f5-1356-4247-b8cf-1be2334283d5)
    ~/a92286a5-ca80-4355-9e56-8cd93341faae-20.js.map (debug id a92286a5-ca80-4355-9e56-8cd93341faae)
    ~/a926c08a-3e0f-4e96-8dde-40f3e0559974-220.js.map (debug id a926c08a-3e0f-4e96-8dde-40f3e0559974)
    ~/a93efa22-e529-48d8-b5d9-cac4970eeb3b-195.js.map (debug id a93efa22-e529-48d8-b5d9-cac4970eeb3b)
    ~/a9b8e04f-56e6-4eaf-86ad-13bdc62ba050-167.js.map (debug id a9b8e04f-56e6-4eaf-86ad-13bdc62ba050)
    ~/a9f678cc-9e9f-4af1-9ae4-a2e45d3811ec-147.js.map (debug id a9f678cc-9e9f-4af1-9ae4-a2e45d3811ec)
    ~/aa35ea34-2677-4a96-8aa0-e418d542de23-265.js.map (debug id aa35ea34-2677-4a96-8aa0-e418d542de23)
    ~/abe8322b-2d45-47db-bc15-6fc23b81647b-327.js.map (debug id abe8322b-2d45-47db-bc15-6fc23b81647b)
    ~/ac0766c3-95f1-42b7-aa66-c63d85b5a800-138.js.map (debug id ac0766c3-95f1-42b7-aa66-c63d85b5a800)
    ~/acac4246-e8f8-478d-b9a9-082462ceeee0-312.js.map (debug id acac4246-e8f8-478d-b9a9-082462ceeee0)
    ~/ad35a33a-fd5d-4e22-8730-45dc504fe683-332.js.map (debug id ad35a33a-fd5d-4e22-8730-45dc504fe683)
    ~/ad3bc41c-947b-4ed1-ab19-fd8a0fd8cc9d-140.js.map (debug id ad3bc41c-947b-4ed1-ab19-fd8a0fd8cc9d)
    ~/ad8fac02-056f-4d78-b897-af4f106b7db8-224.js.map (debug id ad8fac02-056f-4d78-b897-af4f106b7db8)
    ~/ade2d687-e706-4a42-b5fc-fbae3264a89b-39.js.map (debug id ade2d687-e706-4a42-b5fc-fbae3264a89b)
    ~/ae3c26ea-7d34-4e9e-884c-c3da42e27f75-223.js.map (debug id ae3c26ea-7d34-4e9e-884c-c3da42e27f75)
    ~/b002980a-c125-4378-9971-4385a5ff4021-257.js.map (debug id b002980a-c125-4378-9971-4385a5ff4021)
    ~/b125f86a-e428-4a21-bc16-b6dc6da8a44d-304.js.map (debug id b125f86a-e428-4a21-bc16-b6dc6da8a44d)
    ~/b17a0786-7faf-487f-9c47-7ee48655300c-258.js.map (debug id b17a0786-7faf-487f-9c47-7ee48655300c)
    ~/b17b2540-4800-49b6-8de4-1cadc3dddda4-250.js.map (debug id b17b2540-4800-49b6-8de4-1cadc3dddda4)
    ~/b1e6a02a-06d5-44d6-b578-b268408309dd-108.js.map (debug id b1e6a02a-06d5-44d6-b578-b268408309dd)
    ~/b1f8d213-f3f9-4fd6-b751-9599aca12d54-313.js.map (debug id b1f8d213-f3f9-4fd6-b751-9599aca12d54)
    ~/b2facfc5-e7dc-4411-bacd-eed2f318009f-340.js.map (debug id b2facfc5-e7dc-4411-bacd-eed2f318009f)
    ~/b2fb6a6f-0586-4345-ba68-66e756f4d22d-144.js.map (debug id b2fb6a6f-0586-4345-ba68-66e756f4d22d)
    ~/b343288d-1a87-49a1-ab18-5c286fb77c76-305.js.map (debug id b343288d-1a87-49a1-ab18-5c286fb77c76)
    ~/b49592f9-988d-4735-9a30-05e3d34a1835-120.js.map (debug id b49592f9-988d-4735-9a30-05e3d34a1835)
    ~/b4b95556-2a8e-4db6-a6b3-1dbfa421806f-96.js.map (debug id b4b95556-2a8e-4db6-a6b3-1dbfa421806f)
    ~/b5bee051-90d0-44c7-854c-82c76f10f9ed-278.js.map (debug id b5bee051-90d0-44c7-854c-82c76f10f9ed)
    ~/b81c36d2-c8e8-48f9-834d-45ed1f21979d-206.js.map (debug id b81c36d2-c8e8-48f9-834d-45ed1f21979d)
    ~/b8971d46-75a0-4247-90af-d181f529c82f-97.js.map (debug id b8971d46-75a0-4247-90af-d181f529c82f)
    ~/b9a8f909-e028-496a-82ca-b7a94697457a-36.js.map (debug id b9a8f909-e028-496a-82ca-b7a94697457a)
    ~/b9ef4d89-53e1-43a4-be03-3080a26b8f6d-1.js.map (debug id b9ef4d89-53e1-43a4-be03-3080a26b8f6d)
    ~/baa23359-7795-4e0e-830d-68df30813c8d-19.js.map (debug id baa23359-7795-4e0e-830d-68df30813c8d)
    ~/bab9760f-3e0c-44e2-9dbf-521ac4d63c80-227.js.map (debug id bab9760f-3e0c-44e2-9dbf-521ac4d63c80)
    ~/baba68d2-61d0-4a33-9506-ad9289598170-44.js.map (debug id baba68d2-61d0-4a33-9506-ad9289598170)
    ~/bb32291d-5f7e-48a0-a1cf-5ac1cf4d0a2c-98.js.map (debug id bb32291d-5f7e-48a0-a1cf-5ac1cf4d0a2c)
    ~/bc9197a4-a7c2-41ce-94be-6b0628080812-353.js.map (debug id bc9197a4-a7c2-41ce-94be-6b0628080812)
    ~/bd8ac9da-2117-4fcf-a273-495413a7cb28-296.js.map (debug id bd8ac9da-2117-4fcf-a273-495413a7cb28)
    ~/bdc5976e-12b3-424a-8255-4243b9d813a4-146.js.map (debug id bdc5976e-12b3-424a-8255-4243b9d813a4)
    ~/bef0fff0-405c-45ed-a271-06d48f921fda-112.js.map (debug id bef0fff0-405c-45ed-a271-06d48f921fda)
    ~/bf6fd8dc-9756-4f61-90e1-d821657c56ff-26.js.map (debug id bf6fd8dc-9756-4f61-90e1-d821657c56ff)
    ~/c06d7f31-8f86-4879-a6f2-09f9c98d3146-292.js.map (debug id c06d7f31-8f86-4879-a6f2-09f9c98d3146)
    ~/c1e359e1-6dc9-4244-a89e-e407ee356cc2-81.js.map (debug id c1e359e1-6dc9-4244-a89e-e407ee356cc2)
    ~/c1f09c16-3261-4480-bf5a-ef84acb77f44-28.js.map (debug id c1f09c16-3261-4480-bf5a-ef84acb77f44)
    ~/c289d9d9-3307-44ac-9646-1462d461426e-354.js.map (debug id c289d9d9-3307-44ac-9646-1462d461426e)
    ~/c40cad1e-302c-45b8-8a54-505f40c417e0-317.js.map (debug id c40cad1e-302c-45b8-8a54-505f40c417e0)
    ~/c5b669db-95c9-4101-9252-2fb6a90d15f3-213.js.map (debug id c5b669db-95c9-4101-9252-2fb6a90d15f3)
    ~/c657a4c9-e175-482d-8fa4-1f527e4bea4b-148.js.map (debug id c657a4c9-e175-482d-8fa4-1f527e4bea4b)
    ~/c6e397c5-8b20-4033-84b6-8e4fb3e6a14a-241.js.map (debug id c6e397c5-8b20-4033-84b6-8e4fb3e6a14a)
    ~/c81400b9-49fe-43de-ac29-83c7600ea8b3-111.js.map (debug id c81400b9-49fe-43de-ac29-83c7600ea8b3)
    ~/c8ef588d-93f7-4c50-a2f3-846b3bff295f-18.js.map (debug id c8ef588d-93f7-4c50-a2f3-846b3bff295f)
    ~/c9a4b153-5a44-4851-b775-556037bf0e5d-331.js.map (debug id c9a4b153-5a44-4851-b775-556037bf0e5d)
    ~/cad7d40e-2cac-4f73-98ae-dfa44a019b48-255.js.map (debug id cad7d40e-2cac-4f73-98ae-dfa44a019b48)
    ~/cae7c0f6-702c-41a9-b1fe-24b11939f66d-77.js.map (debug id cae7c0f6-702c-41a9-b1fe-24b11939f66d)
    ~/cb163798-05cb-4d63-a528-e84f21f631e4-54.js.map (debug id cb163798-05cb-4d63-a528-e84f21f631e4)
    ~/cbc73a06-abaa-45d8-ae9b-90d1fd6a5863-302.js.map (debug id cbc73a06-abaa-45d8-ae9b-90d1fd6a5863)
    ~/cbd3513a-c643-4599-8f86-efadbcc648c2-273.js.map (debug id cbd3513a-c643-4599-8f86-efadbcc648c2)
    ~/cc096c02-eb31-4668-a653-d8e58e8c6c59-153.js.map (debug id cc096c02-eb31-4668-a653-d8e58e8c6c59)
    ~/cc5642f6-6a55-435c-98cd-c23e792d7528-6.js.map (debug id cc5642f6-6a55-435c-98cd-c23e792d7528)
    ~/cc76e1b7-50e2-48f6-85c0-8e51edcba908-337.js.map (debug id cc76e1b7-50e2-48f6-85c0-8e51edcba908)
    ~/cd6e44fb-f905-4691-bce4-ae53b71718e1-364.js.map (debug id cd6e44fb-f905-4691-bce4-ae53b71718e1)
    ~/cdbb9092-9e5e-4372-814d-090f9917f7aa-13.js.map (debug id cdbb9092-9e5e-4372-814d-090f9917f7aa)
    ~/ce487dca-f581-4dad-917b-eceaaf523d18-282.js.map (debug id ce487dca-f581-4dad-917b-eceaaf523d18)
    ~/cf1df05b-7937-4307-990b-76b8db65a12c-351.js.map (debug id cf1df05b-7937-4307-990b-76b8db65a12c)
    ~/cf2df643-01c4-4f19-bdc8-aa094075fcd9-94.js.map (debug id cf2df643-01c4-4f19-bdc8-aa094075fcd9)
    ~/cf6faf0b-8c0c-4813-80fe-7c2a3300f8ff-47.js.map (debug id cf6faf0b-8c0c-4813-80fe-7c2a3300f8ff)
    ~/cfc7653e-32c3-41fb-a61d-2fcdb818a302-348.js.map (debug id cfc7653e-32c3-41fb-a61d-2fcdb818a302)
    ~/d0a4b864-6553-48af-a566-cdfa579764d5-75.js.map (debug id d0a4b864-6553-48af-a566-cdfa579764d5)
    ~/d0f94d74-3c4b-46db-85d1-5b48512f8746-243.js.map (debug id d0f94d74-3c4b-46db-85d1-5b48512f8746)
    ~/d23dfd1e-81f1-4967-a53c-051c30801843-27.js.map (debug id d23dfd1e-81f1-4967-a53c-051c30801843)
    ~/d240b581-d992-49e2-b9c9-76cc72ff77ee-125.js.map (debug id d240b581-d992-49e2-b9c9-76cc72ff77ee)
    ~/d32a0aec-96f3-460b-9877-c0face991a28-49.js.map (debug id d32a0aec-96f3-460b-9877-c0face991a28)
    ~/d3b0acfb-1b9e-490f-a81f-6845e68ec4e8-156.js.map (debug id d3b0acfb-1b9e-490f-a81f-6845e68ec4e8)
    ~/d3bd6a3d-530a-4a90-ba60-3c855dd67432-135.js.map (debug id d3bd6a3d-530a-4a90-ba60-3c855dd67432)
    ~/d640abcb-72df-4481-8823-ce33f7418336-141.js.map (debug id d640abcb-72df-4481-8823-ce33f7418336)
    ~/d7e4526d-579d-4170-91fc-f0b8764ee3e4-12.js.map (debug id d7e4526d-579d-4170-91fc-f0b8764ee3e4)
    ~/d7ea4798-4c09-47d5-8a01-e30984839c8b-260.js.map (debug id d7ea4798-4c09-47d5-8a01-e30984839c8b)
    ~/d8670341-c47a-4987-a633-b83245155733-11.js.map (debug id d8670341-c47a-4987-a633-b83245155733)
    ~/d946bc6f-e218-496c-a3cd-d67416224076-82.js.map (debug id d946bc6f-e218-496c-a3cd-d67416224076)
    ~/d9db2c13-f32f-45d1-9bec-a022010daf0b-136.js.map (debug id d9db2c13-f32f-45d1-9bec-a022010daf0b)
    ~/da504e45-92d5-4a4d-9de3-764d03a11e5e-199.js.map (debug id da504e45-92d5-4a4d-9de3-764d03a11e5e)
    ~/da51476b-c654-45ea-a1c0-c08257cdf483-357.js.map (debug id da51476b-c654-45ea-a1c0-c08257cdf483)
    ~/dafdea90-ed1e-4b18-89ea-2369e74be364-225.js.map (debug id dafdea90-ed1e-4b18-89ea-2369e74be364)
    ~/db095168-9629-42cd-8179-9ac9c5e9abb0-76.js.map (debug id db095168-9629-42cd-8179-9ac9c5e9abb0)
    ~/db3720c7-0a33-44a4-aa14-f526874a895a-41.js.map (debug id db3720c7-0a33-44a4-aa14-f526874a895a)
    ~/dba9714b-4e26-4478-af75-2191d08189db-298.js.map (debug id dba9714b-4e26-4478-af75-2191d08189db)
    ~/ddb24a09-ab63-49ae-95cc-f1e5b043c61a-307.js.map (debug id ddb24a09-ab63-49ae-95cc-f1e5b043c61a)
    ~/ddc7e237-ea6a-4cd8-ac4d-740fb09a5771-251.js.map (debug id ddc7e237-ea6a-4cd8-ac4d-740fb09a5771)
    ~/de36d693-48c1-4b4c-92b2-f705304f1c32-149.js.map (debug id de36d693-48c1-4b4c-92b2-f705304f1c32)
    ~/de4db3b7-5865-4269-8f43-7daedf68283d-329.js.map (debug id de4db3b7-5865-4269-8f43-7daedf68283d)
    ~/dff55d6d-7801-42fc-b417-46d3b67ac31a-21.js.map (debug id dff55d6d-7801-42fc-b417-46d3b67ac31a)
    ~/e0775e0b-50f1-434a-a494-61db8f9f7bbe-338.js.map (debug id e0775e0b-50f1-434a-a494-61db8f9f7bbe)
    ~/e09f2f09-fffc-4bb1-a99e-73a5b6c05598-68.js.map (debug id e09f2f09-fffc-4bb1-a99e-73a5b6c05598)
    ~/e162ca72-30e9-444c-974d-fff5019aa436-346.js.map (debug id e162ca72-30e9-444c-974d-fff5019aa436)
    ~/e2760440-5fc9-4d8e-87c8-a4ba1d5be7eb-321.js.map (debug id e2760440-5fc9-4d8e-87c8-a4ba1d5be7eb)
    ~/e3623534-ace2-4b05-9085-abb6156c4ea0-117.js.map (debug id e3623534-ace2-4b05-9085-abb6156c4ea0)
    ~/e37a27bc-42c2-4181-9670-1325905db163-361.js.map (debug id e37a27bc-42c2-4181-9670-1325905db163)
    ~/e407d229-edab-4108-8a79-6a6fda5d8cae-121.js.map (debug id e407d229-edab-4108-8a79-6a6fda5d8cae)
    ~/e55e11d9-f235-49a7-9732-56f3e3c44b5d-58.js.map (debug id e55e11d9-f235-49a7-9732-56f3e3c44b5d)
    ~/e5cb4e4c-62ba-4013-a3f8-45dcf738187a-335.js.map (debug id e5cb4e4c-62ba-4013-a3f8-45dcf738187a)
    ~/e71b9a19-8fd6-44ae-bc77-534d70b8807a-62.js.map (debug id e71b9a19-8fd6-44ae-bc77-534d70b8807a)
    ~/e769bcc4-638d-48fe-b485-817999fc9877-132.js.map (debug id e769bcc4-638d-48fe-b485-817999fc9877)
    ~/e89b5181-c951-465f-806f-04ab80ce3806-277.js.map (debug id e89b5181-c951-465f-806f-04ab80ce3806)
    ~/ea663099-d4f1-47a0-a21d-4af81cb11893-134.js.map (debug id ea663099-d4f1-47a0-a21d-4af81cb11893)
    ~/ea769415-cc1b-4a12-99e1-3207db5692b4-66.js.map (debug id ea769415-cc1b-4a12-99e1-3207db5692b4)
    ~/ea92027b-72a4-4459-b43e-1d147af4f54a-267.js.map (debug id ea92027b-72a4-4459-b43e-1d147af4f54a)
    ~/ebfaf2d8-c32b-42ba-a044-8a28bf92afdf-303.js.map (debug id ebfaf2d8-c32b-42ba-a044-8a28bf92afdf)
    ~/ed0ae34c-6a54-4d7b-b7fb-573cc2f7179c-226.js.map (debug id ed0ae34c-6a54-4d7b-b7fb-573cc2f7179c)
    ~/ed4971ad-11a9-4321-8267-64159fad6bd7-297.js.map (debug id ed4971ad-11a9-4321-8267-64159fad6bd7)
    ~/ede53d3e-a79e-46b4-82ad-95c96587fb43-352.js.map (debug id ede53d3e-a79e-46b4-82ad-95c96587fb43)
    ~/ee782ada-ad22-4fbb-8932-6e9f39cf11bc-216.js.map (debug id ee782ada-ad22-4fbb-8932-6e9f39cf11bc)
    ~/ef3b7662-217f-474d-b361-694622f508ba-74.js.map (debug id ef3b7662-217f-474d-b361-694622f508ba)
    ~/f063cd19-84cf-42c3-8677-11c5fb55c9aa-284.js.map (debug id f063cd19-84cf-42c3-8677-11c5fb55c9aa)
    ~/f0a3526b-6a56-4b6b-869c-d578d701097d-356.js.map (debug id f0a3526b-6a56-4b6b-869c-d578d701097d)
    ~/f1a5a3f0-bea4-44c9-be32-edb1c1e7dc82-229.js.map (debug id f1a5a3f0-bea4-44c9-be32-edb1c1e7dc82)
    ~/f1ef632a-d827-44da-b33b-968d5c734d0a-155.js.map (debug id f1ef632a-d827-44da-b33b-968d5c734d0a)
    ~/f3638cec-c865-498b-afcb-806c215f650e-7.js.map (debug id f3638cec-c865-498b-afcb-806c215f650e)
    ~/f3c2feb4-ff6e-4ff9-bdff-6e04eafade3d-264.js.map (debug id f3c2feb4-ff6e-4ff9-bdff-6e04eafade3d)
    ~/f52740c4-39a7-4a71-84e5-df0834381be6-363.js.map (debug id f52740c4-39a7-4a71-84e5-df0834381be6)
    ~/f56c523c-3837-4c58-a511-94851c53412c-300.js.map (debug id f56c523c-3837-4c58-a511-94851c53412c)
    ~/f58f7558-7bac-405e-a217-c6e4839df77b-281.js.map (debug id f58f7558-7bac-405e-a217-c6e4839df77b)
    ~/f77b4ab6-0984-4df5-9a54-9de1fa2e3c1f-209.js.map (debug id f77b4ab6-0984-4df5-9a54-9de1fa2e3c1f)
    ~/f86bed7e-e3f3-4744-9bc2-915c71c791b1-52.js.map (debug id f86bed7e-e3f3-4744-9bc2-915c71c791b1)
    ~/f8922af3-6a3d-49ee-97ed-52ca5ad9c604-217.js.map (debug id f8922af3-6a3d-49ee-97ed-52ca5ad9c604)
    ~/f9395ee8-d4b5-4b58-96bf-a2f0a7c52fa2-174.js.map (debug id f9395ee8-d4b5-4b58-96bf-a2f0a7c52fa2)
    ~/fa17a751-5d54-4cd9-8fd3-83d19321913c-38.js.map (debug id fa17a751-5d54-4cd9-8fd3-83d19321913c)
    ~/fd66a786-47c6-4e56-a012-6949404e9469-207.js.map (debug id fd66a786-47c6-4e56-a012-6949404e9469)
    ~/fe3210c4-4128-43a1-9046-8850948236bc-235.js.map (debug id fe3210c4-4128-43a1-9046-8850948236bc)
    ~/ff1962dd-0ba8-45ac-83a1-4603d13ab7e2-192.js.map (debug id ff1962dd-0ba8-45ac-83a1-4603d13ab7e2)
[@sentry/nextjs - Edge] Info: Successfully uploaded source maps to Sentry
<w> [webpack.cache.PackFileCacheStrategy] Serializing big strings (127kiB) impacts deserialization performance (consider using Buffer instead and decode when needed)
<w> [webpack.cache.PackFileCacheStrategy] Serializing big strings (139kiB) impacts deserialization performance (consider using Buffer instead and decode when needed)
<w> [webpack.cache.PackFileCacheStrategy] Serializing big strings (131kiB) impacts deserialization performance (consider using Buffer instead and decode when needed)
[@sentry/nextjs - Client] Info: Sending telemetry data on issues and performance to Sentry. To disable telemetry, set `options.telemetry` to `false`.
Browserslist: browsers data (caniuse-lite) is 6 months old. Please run:
  npx update-browserslist-db@latest
  Why you should do it regularly: https://github.com/browserslist/update-db#readme
(node:49984) ExperimentalWarning: Type Stripping is an experimental feature and might change at any time
Browserslist: caniuse-lite is outdated. Please run:
  npx update-browserslist-db@latest
  Why you should do it regularly: https://github.com/browserslist/update-db#readme
> Found 288 files
> Analyzing 288 sources
> Analyzing completed in 0.013s
> Adding source map references
> Bundling completed in 0.556s
> Bundled 288 files for upload
> Bundle ID: c0479205-c338-5d1c-a756-bf360ff614cd
> Optimizing completed in 0.012s
> Uploading completed in 0.817s
> Uploaded files to Sentry
> Processing completed in 0.159s
> File upload complete (processing pending on server)
> Organization: 3rdplace
> Projects: 3rdplace-web
> Release: 3764f9ae701d21052a9105213ce86753beb8b813
> Dist: None
> Upload type: artifact bundle

Source Map Upload Report
  Scripts
    ~/00bf650c-3f61-482a-9c91-c8c51ff8d448-9.js (sourcemap at 00bf650c-3f61-482a-9c91-c8c51ff8d448-9.js.map, debug id 00bf650c-3f61-482a-9c91-c8c51ff8d448)
    ~/02f622cd-47ae-422a-a347-873ce6fffeca-1.js (sourcemap at 02f622cd-47ae-422a-a347-873ce6fffeca-1.js.map, debug id 02f622cd-47ae-422a-a347-873ce6fffeca)
    ~/035a3986-e464-4d86-9102-641cf6796ed7-71.js (sourcemap at 035a3986-e464-4d86-9102-641cf6796ed7-71.js.map, debug id 035a3986-e464-4d86-9102-641cf6796ed7)
    ~/036dfea7-fb0e-40fc-9912-2e5318d65870-121.js (sourcemap at 036dfea7-fb0e-40fc-9912-2e5318d65870-121.js.map, debug id 036dfea7-fb0e-40fc-9912-2e5318d65870)
    ~/03cec71b-f481-4966-84f4-bd85e1f5f0d6-32.js (sourcemap at 03cec71b-f481-4966-84f4-bd85e1f5f0d6-32.js.map, debug id 03cec71b-f481-4966-84f4-bd85e1f5f0d6)
    ~/042e8768-185d-4a5d-ab45-25ee1bddfb43-12.js (sourcemap at 042e8768-185d-4a5d-ab45-25ee1bddfb43-12.js.map, debug id 042e8768-185d-4a5d-ab45-25ee1bddfb43)
    ~/05e56619-a5d2-4516-827e-9431a2ab2ca7-104.js (sourcemap at 05e56619-a5d2-4516-827e-9431a2ab2ca7-104.js.map, debug id 05e56619-a5d2-4516-827e-9431a2ab2ca7)
    ~/05f0376c-162f-4ae1-8ab4-7eee500c875f-60.js (sourcemap at 05f0376c-162f-4ae1-8ab4-7eee500c875f-60.js.map, debug id 05f0376c-162f-4ae1-8ab4-7eee500c875f)
    ~/0ca966ba-f2cf-420d-979a-5f24b6c5e96b-143.js (sourcemap at 0ca966ba-f2cf-420d-979a-5f24b6c5e96b-143.js.map, debug id 0ca966ba-f2cf-420d-979a-5f24b6c5e96b)
    ~/0d413baa-d926-4e81-bc55-fde9b9e3e646-103.js (sourcemap at 0d413baa-d926-4e81-bc55-fde9b9e3e646-103.js.map, debug id 0d413baa-d926-4e81-bc55-fde9b9e3e646)
    ~/0d676cea-ea62-414d-ad1c-ffd1314ceaea-50.js (sourcemap at 0d676cea-ea62-414d-ad1c-ffd1314ceaea-50.js.map, debug id 0d676cea-ea62-414d-ad1c-ffd1314ceaea)
    ~/0db92b42-d2a7-452b-bb39-d916f4a39ce5-17.js (sourcemap at 0db92b42-d2a7-452b-bb39-d916f4a39ce5-17.js.map, debug id 0db92b42-d2a7-452b-bb39-d916f4a39ce5)
    ~/0e376ba5-b72a-4128-a0e3-b38ea51e61ce-79.js (sourcemap at 0e376ba5-b72a-4128-a0e3-b38ea51e61ce-79.js.map, debug id 0e376ba5-b72a-4128-a0e3-b38ea51e61ce)
    ~/0eebc021-ccda-4552-a9d4-73bb4838ab5e-36.js (sourcemap at 0eebc021-ccda-4552-a9d4-73bb4838ab5e-36.js.map, debug id 0eebc021-ccda-4552-a9d4-73bb4838ab5e)
    ~/177d6e23-5dff-4ca5-aac5-da42f9fcec4a-44.js (sourcemap at 177d6e23-5dff-4ca5-aac5-da42f9fcec4a-44.js.map, debug id 177d6e23-5dff-4ca5-aac5-da42f9fcec4a)
    ~/1d70a12e-0989-40d1-990e-84fe33c469fa-90.js (sourcemap at 1d70a12e-0989-40d1-990e-84fe33c469fa-90.js.map, debug id 1d70a12e-0989-40d1-990e-84fe33c469fa)
    ~/1eb27b07-d67a-4f66-aa08-1dfc11885553-22.js (sourcemap at 1eb27b07-d67a-4f66-aa08-1dfc11885553-22.js.map, debug id 1eb27b07-d67a-4f66-aa08-1dfc11885553)
    ~/2079f48b-93da-402c-852b-9124bcfe6333-68.js (sourcemap at 2079f48b-93da-402c-852b-9124bcfe6333-68.js.map, debug id 2079f48b-93da-402c-852b-9124bcfe6333)
    ~/22dd978e-b8ab-4155-af45-ce5b9bcda394-38.js (sourcemap at 22dd978e-b8ab-4155-af45-ce5b9bcda394-38.js.map, debug id 22dd978e-b8ab-4155-af45-ce5b9bcda394)
    ~/263363c8-d89c-420e-be53-592533270af4-139.js (sourcemap at 263363c8-d89c-420e-be53-592533270af4-139.js.map, debug id 263363c8-d89c-420e-be53-592533270af4)
    ~/28bce732-70cb-427d-9abf-11c1fc6a6c56-2.js (sourcemap at 28bce732-70cb-427d-9abf-11c1fc6a6c56-2.js.map, debug id 28bce732-70cb-427d-9abf-11c1fc6a6c56)
    ~/28ca07eb-0596-41dc-89ae-86e05a5668d4-100.js (sourcemap at 28ca07eb-0596-41dc-89ae-86e05a5668d4-100.js.map, debug id 28ca07eb-0596-41dc-89ae-86e05a5668d4)
    ~/29c736df-d7c4-4077-9d9d-962822ad6ae2-75.js (sourcemap at 29c736df-d7c4-4077-9d9d-962822ad6ae2-75.js.map, debug id 29c736df-d7c4-4077-9d9d-962822ad6ae2)
    ~/2d0616b0-8347-4aee-8d5d-adb54791043e-98.js (no sourcemap found, debug id 2d0616b0-8347-4aee-8d5d-adb54791043e)
      - warning: could not determine a source map reference (Could not auto-detect referenced sourcemap for ~/2d0616b0-8347-4aee-8d5d-adb54791043e-98.js)
    ~/2ea3e367-e342-482a-a62c-8210ec04de8d-105.js (sourcemap at 2ea3e367-e342-482a-a62c-8210ec04de8d-105.js.map, debug id 2ea3e367-e342-482a-a62c-8210ec04de8d)
    ~/2fae788d-175b-43d5-a371-8915976e348f-70.js (sourcemap at 2fae788d-175b-43d5-a371-8915976e348f-70.js.map, debug id 2fae788d-175b-43d5-a371-8915976e348f)
    ~/30c87b02-c872-4453-a0d1-f0cfe6fcf710-28.js (sourcemap at 30c87b02-c872-4453-a0d1-f0cfe6fcf710-28.js.map, debug id 30c87b02-c872-4453-a0d1-f0cfe6fcf710)
    ~/32f15c65-0b92-495d-841e-762b9fe2e449-18.js (sourcemap at 32f15c65-0b92-495d-841e-762b9fe2e449-18.js.map, debug id 32f15c65-0b92-495d-841e-762b9fe2e449)
    ~/334b0fda-e5fe-4cda-a238-0e2c640b2a75-15.js (sourcemap at 334b0fda-e5fe-4cda-a238-0e2c640b2a75-15.js.map, debug id 334b0fda-e5fe-4cda-a238-0e2c640b2a75)
    ~/33a31bce-5c69-4c83-9acc-bdc1b8a6e21c-102.js (sourcemap at 33a31bce-5c69-4c83-9acc-bdc1b8a6e21c-102.js.map, debug id 33a31bce-5c69-4c83-9acc-bdc1b8a6e21c)
    ~/36eb0942-01b0-43d7-a076-90c6a4a10f16-145.js (sourcemap at 36eb0942-01b0-43d7-a076-90c6a4a10f16-145.js.map, debug id 36eb0942-01b0-43d7-a076-90c6a4a10f16)
    ~/38a9f9cc-cb03-4651-a141-526f6044d903-27.js (sourcemap at 38a9f9cc-cb03-4651-a141-526f6044d903-27.js.map, debug id 38a9f9cc-cb03-4651-a141-526f6044d903)
    ~/395c5e88-493b-41dc-9b51-434df6991a50-142.js (sourcemap at 395c5e88-493b-41dc-9b51-434df6991a50-142.js.map, debug id 395c5e88-493b-41dc-9b51-434df6991a50)
    ~/3a02b95d-07e0-4b95-89e1-f256851a3cfc-132.js (no sourcemap found, debug id 3a02b95d-07e0-4b95-89e1-f256851a3cfc)
      - warning: could not determine a source map reference (Could not auto-detect referenced sourcemap for ~/3a02b95d-07e0-4b95-89e1-f256851a3cfc-132.js)
    ~/3a2c7c87-9acc-4662-9946-b0f41324e79c-115.js (sourcemap at 3a2c7c87-9acc-4662-9946-b0f41324e79c-115.js.map, debug id 3a2c7c87-9acc-4662-9946-b0f41324e79c)
    ~/3c9710ca-464d-46c9-8fff-79f0f5fa8477-80.js (no sourcemap found, debug id 3c9710ca-464d-46c9-8fff-79f0f5fa8477)
      - warning: could not determine a source map reference (Could not auto-detect referenced sourcemap for ~/3c9710ca-464d-46c9-8fff-79f0f5fa8477-80.js)
    ~/3d923ac0-9af7-441b-8d54-07729a4d5b68-5.js (sourcemap at 3d923ac0-9af7-441b-8d54-07729a4d5b68-5.js.map, debug id 3d923ac0-9af7-441b-8d54-07729a4d5b68)
    ~/3ec58768-e421-4765-9533-094096c3885f-48.js (sourcemap at 3ec58768-e421-4765-9533-094096c3885f-48.js.map, debug id 3ec58768-e421-4765-9533-094096c3885f)
    ~/3ef64317-6406-4308-ad67-3c94830876e5-23.js (sourcemap at 3ef64317-6406-4308-ad67-3c94830876e5-23.js.map, debug id 3ef64317-6406-4308-ad67-3c94830876e5)
    ~/41c5ffa9-084c-489e-b4a3-6a2f9c96151b-67.js (no sourcemap found, debug id 41c5ffa9-084c-489e-b4a3-6a2f9c96151b)
      - warning: could not determine a source map reference (Could not auto-detect referenced sourcemap for ~/41c5ffa9-084c-489e-b4a3-6a2f9c96151b-67.js)
    ~/4204e4e9-3596-408d-a5a8-51bdd3c127d4-94.js (sourcemap at 4204e4e9-3596-408d-a5a8-51bdd3c127d4-94.js.map, debug id 4204e4e9-3596-408d-a5a8-51bdd3c127d4)
    ~/42a0b8ac-bce1-43cf-812e-6d141d321d06-117.js (sourcemap at 42a0b8ac-bce1-43cf-812e-6d141d321d06-117.js.map, debug id 42a0b8ac-bce1-43cf-812e-6d141d321d06)
    ~/44520df1-c5cb-4cd2-9cd3-fa731b648c2b-39.js (sourcemap at 44520df1-c5cb-4cd2-9cd3-fa731b648c2b-39.js.map, debug id 44520df1-c5cb-4cd2-9cd3-fa731b648c2b)
    ~/458d7507-1ea9-48db-98ac-0578149e59bd-52.js (sourcemap at 458d7507-1ea9-48db-98ac-0578149e59bd-52.js.map, debug id 458d7507-1ea9-48db-98ac-0578149e59bd)
    ~/470c7201-d3f8-4f45-acae-b0dabd5eb8ba-72.js (sourcemap at 470c7201-d3f8-4f45-acae-b0dabd5eb8ba-72.js.map, debug id 470c7201-d3f8-4f45-acae-b0dabd5eb8ba)
    ~/47bfc032-dfc9-41eb-82a5-144393e1b25a-108.js (sourcemap at 47bfc032-dfc9-41eb-82a5-144393e1b25a-108.js.map, debug id 47bfc032-dfc9-41eb-82a5-144393e1b25a)
    ~/47f77691-f6e3-4e55-a23c-35513e199ab6-95.js (sourcemap at 47f77691-f6e3-4e55-a23c-35513e199ab6-95.js.map, debug id 47f77691-f6e3-4e55-a23c-35513e199ab6)
    ~/49639b2c-d3d7-41a6-a6fc-606026621072-141.js (no sourcemap found, debug id 49639b2c-d3d7-41a6-a6fc-606026621072)
      - warning: could not determine a source map reference (Could not auto-detect referenced sourcemap for ~/49639b2c-d3d7-41a6-a6fc-606026621072-141.js)
    ~/4cb5d5e3-9c63-40f1-9a81-2e377d6fb46c-66.js (sourcemap at 4cb5d5e3-9c63-40f1-9a81-2e377d6fb46c-66.js.map, debug id 4cb5d5e3-9c63-40f1-9a81-2e377d6fb46c)
    ~/53e553e7-0c3c-4724-9b79-ccef69d73955-138.js (no sourcemap found, debug id 53e553e7-0c3c-4724-9b79-ccef69d73955)
      - warning: could not determine a source map reference (Could not auto-detect referenced sourcemap for ~/53e553e7-0c3c-4724-9b79-ccef69d73955-138.js)
    ~/5400e0e7-94f2-4167-9c91-7176af35cb92-131.js (no sourcemap found, debug id 5400e0e7-94f2-4167-9c91-7176af35cb92)
      - warning: could not determine a source map reference (Could not auto-detect referenced sourcemap for ~/5400e0e7-94f2-4167-9c91-7176af35cb92-131.js)
    ~/54f423ec-87d1-4f58-8fc5-ec65c4a1c27a-73.js (no sourcemap found, debug id 54f423ec-87d1-4f58-8fc5-ec65c4a1c27a)
      - warning: could not determine a source map reference (Could not auto-detect referenced sourcemap for ~/54f423ec-87d1-4f58-8fc5-ec65c4a1c27a-73.js)
    ~/552ce989-8b1a-4f8a-a25f-71d8d5a7c8ce-41.js (sourcemap at 552ce989-8b1a-4f8a-a25f-71d8d5a7c8ce-41.js.map, debug id 552ce989-8b1a-4f8a-a25f-71d8d5a7c8ce)
    ~/563c0fe5-4152-48fc-aead-b95bed155dbd-59.js (sourcemap at 563c0fe5-4152-48fc-aead-b95bed155dbd-59.js.map, debug id 563c0fe5-4152-48fc-aead-b95bed155dbd)
    ~/56b49ade-0a73-48c3-bcfe-d1df25a22056-107.js (sourcemap at 56b49ade-0a73-48c3-bcfe-d1df25a22056-107.js.map, debug id 56b49ade-0a73-48c3-bcfe-d1df25a22056)
    ~/56dfd5ed-3944-4d5b-9916-60c3432edc27-86.js (sourcemap at 56dfd5ed-3944-4d5b-9916-60c3432edc27-86.js.map, debug id 56dfd5ed-3944-4d5b-9916-60c3432edc27)
    ~/57445c53-7493-427c-9480-4031b26802e9-119.js (sourcemap at 57445c53-7493-427c-9480-4031b26802e9-119.js.map, debug id 57445c53-7493-427c-9480-4031b26802e9)
    ~/58dc05ed-6fff-4e5c-8b77-ab088e4d273e-96.js (sourcemap at 58dc05ed-6fff-4e5c-8b77-ab088e4d273e-96.js.map, debug id 58dc05ed-6fff-4e5c-8b77-ab088e4d273e)
    ~/5a66ab44-e7cf-4d14-96ab-a6def2b6fd49-61.js (sourcemap at 5a66ab44-e7cf-4d14-96ab-a6def2b6fd49-61.js.map, debug id 5a66ab44-e7cf-4d14-96ab-a6def2b6fd49)
    ~/5b0b8f54-5c5a-4ca4-95ef-a94248a706ed-122.js (sourcemap at 5b0b8f54-5c5a-4ca4-95ef-a94248a706ed-122.js.map, debug id 5b0b8f54-5c5a-4ca4-95ef-a94248a706ed)
    ~/5c22da02-3360-4ee5-ae0e-a75e6331ebff-42.js (sourcemap at 5c22da02-3360-4ee5-ae0e-a75e6331ebff-42.js.map, debug id 5c22da02-3360-4ee5-ae0e-a75e6331ebff)
    ~/60415769-df7d-488c-889e-1d417434e124-120.js (sourcemap at 60415769-df7d-488c-889e-1d417434e124-120.js.map, debug id 60415769-df7d-488c-889e-1d417434e124)
    ~/60c7690a-54b4-4980-92e4-8c153c4ff59b-118.js (sourcemap at 60c7690a-54b4-4980-92e4-8c153c4ff59b-118.js.map, debug id 60c7690a-54b4-4980-92e4-8c153c4ff59b)
    ~/63009251-62ec-44dd-8a2f-09bdb396b230-49.js (sourcemap at 63009251-62ec-44dd-8a2f-09bdb396b230-49.js.map, debug id 63009251-62ec-44dd-8a2f-09bdb396b230)
    ~/6346e173-f46d-4f2c-9061-4cb603395b5a-74.js (sourcemap at 6346e173-f46d-4f2c-9061-4cb603395b5a-74.js.map, debug id 6346e173-f46d-4f2c-9061-4cb603395b5a)
    ~/6a80a903-faf4-40b2-aa6f-42a3b93f6c68-43.js (sourcemap at 6a80a903-faf4-40b2-aa6f-42a3b93f6c68-43.js.map, debug id 6a80a903-faf4-40b2-aa6f-42a3b93f6c68)
    ~/6c5219e3-b462-4970-a38f-f75d6bb4a411-88.js (sourcemap at 6c5219e3-b462-4970-a38f-f75d6bb4a411-88.js.map, debug id 6c5219e3-b462-4970-a38f-f75d6bb4a411)
    ~/6e4daeb9-1ed2-4c20-a60b-0e99fb3bd117-56.js (sourcemap at 6e4daeb9-1ed2-4c20-a60b-0e99fb3bd117-56.js.map, debug id 6e4daeb9-1ed2-4c20-a60b-0e99fb3bd117)
    ~/6f520b71-dd87-4f80-a021-e3209a818caa-93.js (sourcemap at 6f520b71-dd87-4f80-a021-e3209a818caa-93.js.map, debug id 6f520b71-dd87-4f80-a021-e3209a818caa)
    ~/71b3b438-876f-409b-a67b-9e821572fc55-20.js (sourcemap at 71b3b438-876f-409b-a67b-9e821572fc55-20.js.map, debug id 71b3b438-876f-409b-a67b-9e821572fc55)
    ~/73c9d1e4-383e-4b0b-8e1e-fe62ec8314ab-127.js (sourcemap at 73c9d1e4-383e-4b0b-8e1e-fe62ec8314ab-127.js.map, debug id 73c9d1e4-383e-4b0b-8e1e-fe62ec8314ab)
    ~/73cc2b67-202f-4a9b-bb73-e1ee80cd9d0b-78.js (sourcemap at 73cc2b67-202f-4a9b-bb73-e1ee80cd9d0b-78.js.map, debug id 73cc2b67-202f-4a9b-bb73-e1ee80cd9d0b)
    ~/74d57b2d-ea89-4b39-b46a-f26eb2aba728-24.js (sourcemap at 74d57b2d-ea89-4b39-b46a-f26eb2aba728-24.js.map, debug id 74d57b2d-ea89-4b39-b46a-f26eb2aba728)
    ~/74e069bf-182f-4a26-9a35-f452c497ee80-16.js (sourcemap at 74e069bf-182f-4a26-9a35-f452c497ee80-16.js.map, debug id 74e069bf-182f-4a26-9a35-f452c497ee80)
    ~/758a26bf-0bfb-42a5-b8df-104555c819f7-82.js (sourcemap at 758a26bf-0bfb-42a5-b8df-104555c819f7-82.js.map, debug id 758a26bf-0bfb-42a5-b8df-104555c819f7)
    ~/76bff721-4350-492f-8054-805705faaf61-135.js (no sourcemap found, debug id 76bff721-4350-492f-8054-805705faaf61)
      - warning: could not determine a source map reference (Could not auto-detect referenced sourcemap for ~/76bff721-4350-492f-8054-805705faaf61-135.js)
    ~/790e3732-2d6a-4892-b85b-4591f269c625-3.js (sourcemap at 790e3732-2d6a-4892-b85b-4591f269c625-3.js.map, debug id 790e3732-2d6a-4892-b85b-4591f269c625)
    ~/791c098a-a92d-4420-8962-e059300f9dca-37.js (sourcemap at 791c098a-a92d-4420-8962-e059300f9dca-37.js.map, debug id 791c098a-a92d-4420-8962-e059300f9dca)
    ~/79b2430c-9092-4363-98b9-a740d1babe55-26.js (sourcemap at 79b2430c-9092-4363-98b9-a740d1babe55-26.js.map, debug id 79b2430c-9092-4363-98b9-a740d1babe55)
    ~/7aaa0924-45cf-415a-bee6-07f32611c811-85.js (sourcemap at 7aaa0924-45cf-415a-bee6-07f32611c811-85.js.map, debug id 7aaa0924-45cf-415a-bee6-07f32611c811)
    ~/7b387c46-e906-4513-b7e0-d66910b5e82e-8.js (sourcemap at 7b387c46-e906-4513-b7e0-d66910b5e82e-8.js.map, debug id 7b387c46-e906-4513-b7e0-d66910b5e82e)
    ~/7c076467-67dd-4298-8a9d-520eda12a3b5-116.js (sourcemap at 7c076467-67dd-4298-8a9d-520eda12a3b5-116.js.map, debug id 7c076467-67dd-4298-8a9d-520eda12a3b5)
    ~/7c34ba9d-5f3e-407b-a499-0ba284af4685-113.js (sourcemap at 7c34ba9d-5f3e-407b-a499-0ba284af4685-113.js.map, debug id 7c34ba9d-5f3e-407b-a499-0ba284af4685)
    ~/7de03444-d933-4bda-9bc8-d0ac0dd4327e-146.js (sourcemap at 7de03444-d933-4bda-9bc8-d0ac0dd4327e-146.js.map, debug id 7de03444-d933-4bda-9bc8-d0ac0dd4327e)
    ~/80900f60-8560-434e-992f-9d5ac875524f-124.js (sourcemap at 80900f60-8560-434e-992f-9d5ac875524f-124.js.map, debug id 80900f60-8560-434e-992f-9d5ac875524f)
    ~/823a76a9-b256-4d5d-be83-d2187adb0916-129.js (sourcemap at 823a76a9-b256-4d5d-be83-d2187adb0916-129.js.map, debug id 823a76a9-b256-4d5d-be83-d2187adb0916)
    ~/849912c9-3fee-40a1-937d-692d9a1a59e8-148.js (sourcemap at 849912c9-3fee-40a1-937d-692d9a1a59e8-148.js.map, debug id 849912c9-3fee-40a1-937d-692d9a1a59e8)
    ~/852e8e07-1edb-47b6-9397-f08cd942e365-110.js (sourcemap at 852e8e07-1edb-47b6-9397-f08cd942e365-110.js.map, debug id 852e8e07-1edb-47b6-9397-f08cd942e365)
    ~/8612b274-4b69-4b07-925c-870462ba372b-87.js (sourcemap at 8612b274-4b69-4b07-925c-870462ba372b-87.js.map, debug id 8612b274-4b69-4b07-925c-870462ba372b)
    ~/89822835-a0de-497a-a81f-dc43c10f0c3f-150.js (sourcemap at 89822835-a0de-497a-a81f-dc43c10f0c3f-150.js.map, debug id 89822835-a0de-497a-a81f-dc43c10f0c3f)
    ~/8d5cf749-e66c-4d07-9a7d-b14d73915079-111.js (sourcemap at 8d5cf749-e66c-4d07-9a7d-b14d73915079-111.js.map, debug id 8d5cf749-e66c-4d07-9a7d-b14d73915079)
    ~/8db6c1c7-3b69-49d0-ae2d-6176beb06151-45.js (sourcemap at 8db6c1c7-3b69-49d0-ae2d-6176beb06151-45.js.map, debug id 8db6c1c7-3b69-49d0-ae2d-6176beb06151)
    ~/8e7793d6-61a1-4d47-9e28-0bcd09cdd4a4-31.js (sourcemap at 8e7793d6-61a1-4d47-9e28-0bcd09cdd4a4-31.js.map, debug id 8e7793d6-61a1-4d47-9e28-0bcd09cdd4a4)
    ~/8fc724d6-9cdf-46ab-87d6-00b76125fcc8-19.js (sourcemap at 8fc724d6-9cdf-46ab-87d6-00b76125fcc8-19.js.map, debug id 8fc724d6-9cdf-46ab-87d6-00b76125fcc8)
    ~/905691ab-9f16-453b-8e4e-fc840f9f7e3d-109.js (sourcemap at 905691ab-9f16-453b-8e4e-fc840f9f7e3d-109.js.map, debug id 905691ab-9f16-453b-8e4e-fc840f9f7e3d)
    ~/918a59f4-e199-44af-a5af-94160090a693-4.js (sourcemap at 918a59f4-e199-44af-a5af-94160090a693-4.js.map, debug id 918a59f4-e199-44af-a5af-94160090a693)
    ~/920320e4-a961-4105-8677-db69f1f6861e-69.js (no sourcemap found, debug id 920320e4-a961-4105-8677-db69f1f6861e)
      - warning: could not determine a source map reference (Could not auto-detect referenced sourcemap for ~/920320e4-a961-4105-8677-db69f1f6861e-69.js)
    ~/92054c34-45a2-4d50-aec3-eb75f8581795-62.js (sourcemap at 92054c34-45a2-4d50-aec3-eb75f8581795-62.js.map, debug id 92054c34-45a2-4d50-aec3-eb75f8581795)
    ~/92cce23e-8993-442f-9dc7-b33368ee51ee-81.js (sourcemap at 92cce23e-8993-442f-9dc7-b33368ee51ee-81.js.map, debug id 92cce23e-8993-442f-9dc7-b33368ee51ee)
    ~/968c7577-8606-445b-84d9-e115ec570ff6-130.js (no sourcemap found, debug id 968c7577-8606-445b-84d9-e115ec570ff6)
      - warning: could not determine a source map reference (Could not auto-detect referenced sourcemap for ~/968c7577-8606-445b-84d9-e115ec570ff6-130.js)
    ~/98be610c-9aff-4f91-a20e-7a80bd988514-33.js (sourcemap at 98be610c-9aff-4f91-a20e-7a80bd988514-33.js.map, debug id 98be610c-9aff-4f91-a20e-7a80bd988514)
    ~/9ac7abed-0930-414e-ab99-47b08b8dc9a8-91.js (sourcemap at 9ac7abed-0930-414e-ab99-47b08b8dc9a8-91.js.map, debug id 9ac7abed-0930-414e-ab99-47b08b8dc9a8)
    ~/9c1eb8a1-4873-4fea-b989-6f03823d1742-64.js (sourcemap at 9c1eb8a1-4873-4fea-b989-6f03823d1742-64.js.map, debug id 9c1eb8a1-4873-4fea-b989-6f03823d1742)
    ~/9d8b4b05-a22a-488e-b0e4-e97013ed61db-92.js (sourcemap at 9d8b4b05-a22a-488e-b0e4-e97013ed61db-92.js.map, debug id 9d8b4b05-a22a-488e-b0e4-e97013ed61db)
    ~/a06f6028-10f1-47b3-8333-b2279feff9af-128.js (sourcemap at a06f6028-10f1-47b3-8333-b2279feff9af-128.js.map, debug id a06f6028-10f1-47b3-8333-b2279feff9af)
    ~/a0982637-81b6-48ae-8b7f-376a1bb9358b-54.js (sourcemap at a0982637-81b6-48ae-8b7f-376a1bb9358b-54.js.map, debug id a0982637-81b6-48ae-8b7f-376a1bb9358b)
    ~/a0b63417-2537-4677-91a1-1abd2fd90e02-77.js (no sourcemap found, debug id a0b63417-2537-4677-91a1-1abd2fd90e02)
      - warning: could not determine a source map reference (Could not auto-detect referenced sourcemap for ~/a0b63417-2537-4677-91a1-1abd2fd90e02-77.js)
    ~/a61e176b-07d6-48a8-ad4f-8aa86ece4f56-35.js (sourcemap at a61e176b-07d6-48a8-ad4f-8aa86ece4f56-35.js.map, debug id a61e176b-07d6-48a8-ad4f-8aa86ece4f56)
    ~/a9be844f-1029-428f-94aa-9b030df094ca-14.js (sourcemap at a9be844f-1029-428f-94aa-9b030df094ca-14.js.map, debug id a9be844f-1029-428f-94aa-9b030df094ca)
    ~/aa03e9f0-33bf-45aa-96ac-40c8d54b56d8-101.js (sourcemap at aa03e9f0-33bf-45aa-96ac-40c8d54b56d8-101.js.map, debug id aa03e9f0-33bf-45aa-96ac-40c8d54b56d8)
    ~/aa781ea0-785b-4ad3-9f3e-e7879cc4c8f5-0.js (sourcemap at aa781ea0-785b-4ad3-9f3e-e7879cc4c8f5-0.js.map, debug id aa781ea0-785b-4ad3-9f3e-e7879cc4c8f5)
    ~/abad5ff1-16b3-4cd7-9900-85868ff9e8f9-57.js (no sourcemap found, debug id abad5ff1-16b3-4cd7-9900-85868ff9e8f9)
      - warning: could not determine a source map reference (Could not auto-detect referenced sourcemap for ~/abad5ff1-16b3-4cd7-9900-85868ff9e8f9-57.js)
    ~/ad1ab4bb-10df-4fd2-9cfb-a5082d65de93-55.js (no sourcemap found, debug id ad1ab4bb-10df-4fd2-9cfb-a5082d65de93)
      - warning: could not determine a source map reference (Could not auto-detect referenced sourcemap for ~/ad1ab4bb-10df-4fd2-9cfb-a5082d65de93-55.js)
    ~/adef44da-7029-465b-bfec-02f1b843d3c0-144.js (sourcemap at adef44da-7029-465b-bfec-02f1b843d3c0-144.js.map, debug id adef44da-7029-465b-bfec-02f1b843d3c0)
    ~/b3b87db9-c4d7-4e29-b449-d9e7263d198e-89.js (sourcemap at b3b87db9-c4d7-4e29-b449-d9e7263d198e-89.js.map, debug id b3b87db9-c4d7-4e29-b449-d9e7263d198e)
    ~/b3dff330-f7b7-4a45-b0cb-51e95da42ae8-46.js (sourcemap at b3dff330-f7b7-4a45-b0cb-51e95da42ae8-46.js.map, debug id b3dff330-f7b7-4a45-b0cb-51e95da42ae8)
    ~/b53cd61f-d029-4915-8b7e-658033016b36-126.js (sourcemap at b53cd61f-d029-4915-8b7e-658033016b36-126.js.map, debug id b53cd61f-d029-4915-8b7e-658033016b36)
    ~/bb92e909-8edf-4dea-b76f-2781e4785cad-6.js (sourcemap at bb92e909-8edf-4dea-b76f-2781e4785cad-6.js.map, debug id bb92e909-8edf-4dea-b76f-2781e4785cad)
    ~/bc077cfb-79da-4dc2-8468-f964e4976557-76.js (sourcemap at bc077cfb-79da-4dc2-8468-f964e4976557-76.js.map, debug id bc077cfb-79da-4dc2-8468-f964e4976557)
    ~/bff9a182-ab85-4ee3-b6c6-0368d02faa6c-123.js (sourcemap at bff9a182-ab85-4ee3-b6c6-0368d02faa6c-123.js.map, debug id bff9a182-ab85-4ee3-b6c6-0368d02faa6c)
    ~/c038bb58-33b2-4551-a67b-9816ec8d6703-99.js (sourcemap at c038bb58-33b2-4551-a67b-9816ec8d6703-99.js.map, debug id c038bb58-33b2-4551-a67b-9816ec8d6703)
    ~/c22e664d-3db8-481c-98e5-a34f4720a207-65.js (sourcemap at c22e664d-3db8-481c-98e5-a34f4720a207-65.js.map, debug id c22e664d-3db8-481c-98e5-a34f4720a207)
    ~/c2c39bce-8918-4077-9f99-5dc435ac1197-40.js (sourcemap at c2c39bce-8918-4077-9f99-5dc435ac1197-40.js.map, debug id c2c39bce-8918-4077-9f99-5dc435ac1197)
    ~/c6ecff7b-e099-4f28-9459-6e10b68d7095-112.js (sourcemap at c6ecff7b-e099-4f28-9459-6e10b68d7095-112.js.map, debug id c6ecff7b-e099-4f28-9459-6e10b68d7095)
    ~/c731a025-37a5-49e8-a5b3-79b24c738eb7-137.js (sourcemap at c731a025-37a5-49e8-a5b3-79b24c738eb7-137.js.map, debug id c731a025-37a5-49e8-a5b3-79b24c738eb7)
    ~/c97abd6c-1323-4381-8bfe-ce63c4d6ec7d-10.js (sourcemap at c97abd6c-1323-4381-8bfe-ce63c4d6ec7d-10.js.map, debug id c97abd6c-1323-4381-8bfe-ce63c4d6ec7d)
    ~/c9bf9ea7-ec55-49fa-b068-98223ae1f5dc-34.js (sourcemap at c9bf9ea7-ec55-49fa-b068-98223ae1f5dc-34.js.map, debug id c9bf9ea7-ec55-49fa-b068-98223ae1f5dc)
    ~/cc86b978-9601-40d8-8e14-a8de54123835-134.js (sourcemap at cc86b978-9601-40d8-8e14-a8de54123835-134.js.map, debug id cc86b978-9601-40d8-8e14-a8de54123835)
    ~/d2a7b057-82fd-415b-8731-a8bcb281e637-83.js (sourcemap at d2a7b057-82fd-415b-8731-a8bcb281e637-83.js.map, debug id d2a7b057-82fd-415b-8731-a8bcb281e637)
    ~/d418d85e-c045-485a-a607-2366ab639039-21.js (sourcemap at d418d85e-c045-485a-a607-2366ab639039-21.js.map, debug id d418d85e-c045-485a-a607-2366ab639039)
    ~/d4de1ed0-8ed3-4082-b72c-8c496687e05a-106.js (sourcemap at d4de1ed0-8ed3-4082-b72c-8c496687e05a-106.js.map, debug id d4de1ed0-8ed3-4082-b72c-8c496687e05a)
    ~/d5105980-661c-4f59-895c-7a8d5f9a0982-152.js (sourcemap at d5105980-661c-4f59-895c-7a8d5f9a0982-152.js.map, debug id d5105980-661c-4f59-895c-7a8d5f9a0982)
    ~/d5f7d0bf-b918-486e-91d5-65b8dcd066fc-125.js (sourcemap at d5f7d0bf-b918-486e-91d5-65b8dcd066fc-125.js.map, debug id d5f7d0bf-b918-486e-91d5-65b8dcd066fc)
    ~/d718b318-ff22-4c03-9c39-b475c2d0aef1-13.js (sourcemap at d718b318-ff22-4c03-9c39-b475c2d0aef1-13.js.map, debug id d718b318-ff22-4c03-9c39-b475c2d0aef1)
    ~/d77d6c9d-b483-4a25-ac58-519bbfdd52f0-140.js (sourcemap at d77d6c9d-b483-4a25-ac58-519bbfdd52f0-140.js.map, debug id d77d6c9d-b483-4a25-ac58-519bbfdd52f0)
    ~/df97a1e7-e1b0-4544-95bd-d220b1cba728-63.js (sourcemap at df97a1e7-e1b0-4544-95bd-d220b1cba728-63.js.map, debug id df97a1e7-e1b0-4544-95bd-d220b1cba728)
    ~/e07d3590-a728-4886-947e-56b31d1f5af9-147.js (sourcemap at e07d3590-a728-4886-947e-56b31d1f5af9-147.js.map, debug id e07d3590-a728-4886-947e-56b31d1f5af9)
    ~/e1bafc36-e376-4106-a35b-84e2cde38f5a-53.js (no sourcemap found, debug id e1bafc36-e376-4106-a35b-84e2cde38f5a)
      - warning: could not determine a source map reference (Could not auto-detect referenced sourcemap for ~/e1bafc36-e376-4106-a35b-84e2cde38f5a-53.js)
    ~/e26c4298-bad6-4580-a640-ee9de9a6d3ec-97.js (no sourcemap found, debug id e26c4298-bad6-4580-a640-ee9de9a6d3ec)
      - warning: could not determine a source map reference (Could not auto-detect referenced sourcemap for ~/e26c4298-bad6-4580-a640-ee9de9a6d3ec-97.js)
    ~/e2b698ce-6218-45dd-b5ce-5320bccdc7e7-7.js (sourcemap at e2b698ce-6218-45dd-b5ce-5320bccdc7e7-7.js.map, debug id e2b698ce-6218-45dd-b5ce-5320bccdc7e7)
    ~/e3a86716-e629-4fb6-87d5-58e5f74de1c1-30.js (sourcemap at e3a86716-e629-4fb6-87d5-58e5f74de1c1-30.js.map, debug id e3a86716-e629-4fb6-87d5-58e5f74de1c1)
    ~/e467bffb-02e4-49be-a37b-cd887060f4e0-136.js (no sourcemap found, debug id e467bffb-02e4-49be-a37b-cd887060f4e0)
      - warning: could not determine a source map reference (Could not auto-detect referenced sourcemap for ~/e467bffb-02e4-49be-a37b-cd887060f4e0-136.js)
    ~/e82672bc-418f-420c-9743-59d136800b5a-29.js (sourcemap at e82672bc-418f-420c-9743-59d136800b5a-29.js.map, debug id e82672bc-418f-420c-9743-59d136800b5a)
    ~/e8413aaf-d525-4ecd-843d-3f26241fda76-51.js (sourcemap at e8413aaf-d525-4ecd-843d-3f26241fda76-51.js.map, debug id e8413aaf-d525-4ecd-843d-3f26241fda76)
    ~/ebebe02b-a157-4a17-80ec-c92df8a984e1-11.js (sourcemap at ebebe02b-a157-4a17-80ec-c92df8a984e1-11.js.map, debug id ebebe02b-a157-4a17-80ec-c92df8a984e1)
    ~/ed468b40-677c-4a6e-9d1d-da9f1ced9e92-133.js (sourcemap at ed468b40-677c-4a6e-9d1d-da9f1ced9e92-133.js.map, debug id ed468b40-677c-4a6e-9d1d-da9f1ced9e92)
    ~/f1c922b4-2b17-4966-bc95-f39d0dd816e3-151.js (sourcemap at f1c922b4-2b17-4966-bc95-f39d0dd816e3-151.js.map, debug id f1c922b4-2b17-4966-bc95-f39d0dd816e3)
    ~/f442a7fd-0bf9-4262-89de-eea0b64fd1cf-58.js (no sourcemap found, debug id f442a7fd-0bf9-4262-89de-eea0b64fd1cf)
      - warning: could not determine a source map reference (Could not auto-detect referenced sourcemap for ~/f442a7fd-0bf9-4262-89de-eea0b64fd1cf-58.js)
    ~/f49f37c5-0d4d-49bc-a0d3-efcbccf358e8-114.js (sourcemap at f49f37c5-0d4d-49bc-a0d3-efcbccf358e8-114.js.map, debug id f49f37c5-0d4d-49bc-a0d3-efcbccf358e8)
    ~/f559edd4-d8f1-46ba-bcec-7ffcf80fb772-47.js (sourcemap at f559edd4-d8f1-46ba-bcec-7ffcf80fb772-47.js.map, debug id f559edd4-d8f1-46ba-bcec-7ffcf80fb772)
    ~/f62f204c-e3b6-4c52-ad59-87ceddc89804-84.js (sourcemap at f62f204c-e3b6-4c52-ad59-87ceddc89804-84.js.map, debug id f62f204c-e3b6-4c52-ad59-87ceddc89804)
    ~/f81cbcb8-bbb4-4868-ba07-eaa395e3fb4b-149.js (sourcemap at f81cbcb8-bbb4-4868-ba07-eaa395e3fb4b-149.js.map, debug id f81cbcb8-bbb4-4868-ba07-eaa395e3fb4b)
    ~/f864129a-3962-43fe-94f7-527a5e90c7db-25.js (sourcemap at f864129a-3962-43fe-94f7-527a5e90c7db-25.js.map, debug id f864129a-3962-43fe-94f7-527a5e90c7db)
  Source Maps
    ~/00bf650c-3f61-482a-9c91-c8c51ff8d448-9.js.map (debug id 00bf650c-3f61-482a-9c91-c8c51ff8d448)
    ~/02f622cd-47ae-422a-a347-873ce6fffeca-1.js.map (debug id 02f622cd-47ae-422a-a347-873ce6fffeca)
    ~/035a3986-e464-4d86-9102-641cf6796ed7-71.js.map (debug id 035a3986-e464-4d86-9102-641cf6796ed7)
    ~/036dfea7-fb0e-40fc-9912-2e5318d65870-121.js.map (debug id 036dfea7-fb0e-40fc-9912-2e5318d65870)
    ~/03cec71b-f481-4966-84f4-bd85e1f5f0d6-32.js.map (debug id 03cec71b-f481-4966-84f4-bd85e1f5f0d6)
    ~/042e8768-185d-4a5d-ab45-25ee1bddfb43-12.js.map (debug id 042e8768-185d-4a5d-ab45-25ee1bddfb43)
    ~/05e56619-a5d2-4516-827e-9431a2ab2ca7-104.js.map (debug id 05e56619-a5d2-4516-827e-9431a2ab2ca7)
    ~/05f0376c-162f-4ae1-8ab4-7eee500c875f-60.js.map (debug id 05f0376c-162f-4ae1-8ab4-7eee500c875f)
    ~/0ca966ba-f2cf-420d-979a-5f24b6c5e96b-143.js.map (debug id 0ca966ba-f2cf-420d-979a-5f24b6c5e96b)
    ~/0d413baa-d926-4e81-bc55-fde9b9e3e646-103.js.map (debug id 0d413baa-d926-4e81-bc55-fde9b9e3e646)
    ~/0d676cea-ea62-414d-ad1c-ffd1314ceaea-50.js.map (debug id 0d676cea-ea62-414d-ad1c-ffd1314ceaea)
    ~/0db92b42-d2a7-452b-bb39-d916f4a39ce5-17.js.map (debug id 0db92b42-d2a7-452b-bb39-d916f4a39ce5)
    ~/0e376ba5-b72a-4128-a0e3-b38ea51e61ce-79.js.map (debug id 0e376ba5-b72a-4128-a0e3-b38ea51e61ce)
    ~/0eebc021-ccda-4552-a9d4-73bb4838ab5e-36.js.map (debug id 0eebc021-ccda-4552-a9d4-73bb4838ab5e)
    ~/177d6e23-5dff-4ca5-aac5-da42f9fcec4a-44.js.map (debug id 177d6e23-5dff-4ca5-aac5-da42f9fcec4a)
    ~/1d70a12e-0989-40d1-990e-84fe33c469fa-90.js.map (debug id 1d70a12e-0989-40d1-990e-84fe33c469fa)
    ~/1eb27b07-d67a-4f66-aa08-1dfc11885553-22.js.map (debug id 1eb27b07-d67a-4f66-aa08-1dfc11885553)
    ~/2079f48b-93da-402c-852b-9124bcfe6333-68.js.map (debug id 2079f48b-93da-402c-852b-9124bcfe6333)
    ~/22dd978e-b8ab-4155-af45-ce5b9bcda394-38.js.map (debug id 22dd978e-b8ab-4155-af45-ce5b9bcda394)
    ~/263363c8-d89c-420e-be53-592533270af4-139.js.map (debug id 263363c8-d89c-420e-be53-592533270af4)
    ~/28bce732-70cb-427d-9abf-11c1fc6a6c56-2.js.map (debug id 28bce732-70cb-427d-9abf-11c1fc6a6c56)
    ~/28ca07eb-0596-41dc-89ae-86e05a5668d4-100.js.map (debug id 28ca07eb-0596-41dc-89ae-86e05a5668d4)
    ~/29c736df-d7c4-4077-9d9d-962822ad6ae2-75.js.map (debug id 29c736df-d7c4-4077-9d9d-962822ad6ae2)
    ~/2ea3e367-e342-482a-a62c-8210ec04de8d-105.js.map (debug id 2ea3e367-e342-482a-a62c-8210ec04de8d)
    ~/2fae788d-175b-43d5-a371-8915976e348f-70.js.map (debug id 2fae788d-175b-43d5-a371-8915976e348f)
    ~/30c87b02-c872-4453-a0d1-f0cfe6fcf710-28.js.map (debug id 30c87b02-c872-4453-a0d1-f0cfe6fcf710)
    ~/32f15c65-0b92-495d-841e-762b9fe2e449-18.js.map (debug id 32f15c65-0b92-495d-841e-762b9fe2e449)
    ~/334b0fda-e5fe-4cda-a238-0e2c640b2a75-15.js.map (debug id 334b0fda-e5fe-4cda-a238-0e2c640b2a75)
    ~/33a31bce-5c69-4c83-9acc-bdc1b8a6e21c-102.js.map (debug id 33a31bce-5c69-4c83-9acc-bdc1b8a6e21c)
    ~/36eb0942-01b0-43d7-a076-90c6a4a10f16-145.js.map (debug id 36eb0942-01b0-43d7-a076-90c6a4a10f16)
    ~/38a9f9cc-cb03-4651-a141-526f6044d903-27.js.map (debug id 38a9f9cc-cb03-4651-a141-526f6044d903)
    ~/395c5e88-493b-41dc-9b51-434df6991a50-142.js.map (debug id 395c5e88-493b-41dc-9b51-434df6991a50)
    ~/3a2c7c87-9acc-4662-9946-b0f41324e79c-115.js.map (debug id 3a2c7c87-9acc-4662-9946-b0f41324e79c)
    ~/3d923ac0-9af7-441b-8d54-07729a4d5b68-5.js.map (debug id 3d923ac0-9af7-441b-8d54-07729a4d5b68)
    ~/3ec58768-e421-4765-9533-094096c3885f-48.js.map (debug id 3ec58768-e421-4765-9533-094096c3885f)
    ~/3ef64317-6406-4308-ad67-3c94830876e5-23.js.map (debug id 3ef64317-6406-4308-ad67-3c94830876e5)
    ~/4204e4e9-3596-408d-a5a8-51bdd3c127d4-94.js.map (debug id 4204e4e9-3596-408d-a5a8-51bdd3c127d4)
    ~/42a0b8ac-bce1-43cf-812e-6d141d321d06-117.js.map (debug id 42a0b8ac-bce1-43cf-812e-6d141d321d06)
    ~/44520df1-c5cb-4cd2-9cd3-fa731b648c2b-39.js.map (debug id 44520df1-c5cb-4cd2-9cd3-fa731b648c2b)
    ~/458d7507-1ea9-48db-98ac-0578149e59bd-52.js.map (debug id 458d7507-1ea9-48db-98ac-0578149e59bd)
    ~/470c7201-d3f8-4f45-acae-b0dabd5eb8ba-72.js.map (debug id 470c7201-d3f8-4f45-acae-b0dabd5eb8ba)
    ~/47bfc032-dfc9-41eb-82a5-144393e1b25a-108.js.map (debug id 47bfc032-dfc9-41eb-82a5-144393e1b25a)
    ~/47f77691-f6e3-4e55-a23c-35513e199ab6-95.js.map (debug id 47f77691-f6e3-4e55-a23c-35513e199ab6)
    ~/4cb5d5e3-9c63-40f1-9a81-2e377d6fb46c-66.js.map (debug id 4cb5d5e3-9c63-40f1-9a81-2e377d6fb46c)
    ~/552ce989-8b1a-4f8a-a25f-71d8d5a7c8ce-41.js.map (debug id 552ce989-8b1a-4f8a-a25f-71d8d5a7c8ce)
    ~/563c0fe5-4152-48fc-aead-b95bed155dbd-59.js.map (debug id 563c0fe5-4152-48fc-aead-b95bed155dbd)
    ~/56b49ade-0a73-48c3-bcfe-d1df25a22056-107.js.map (debug id 56b49ade-0a73-48c3-bcfe-d1df25a22056)
    ~/56dfd5ed-3944-4d5b-9916-60c3432edc27-86.js.map (debug id 56dfd5ed-3944-4d5b-9916-60c3432edc27)
    ~/57445c53-7493-427c-9480-4031b26802e9-119.js.map (debug id 57445c53-7493-427c-9480-4031b26802e9)
    ~/58dc05ed-6fff-4e5c-8b77-ab088e4d273e-96.js.map (debug id 58dc05ed-6fff-4e5c-8b77-ab088e4d273e)
    ~/5a66ab44-e7cf-4d14-96ab-a6def2b6fd49-61.js.map (debug id 5a66ab44-e7cf-4d14-96ab-a6def2b6fd49)
    ~/5b0b8f54-5c5a-4ca4-95ef-a94248a706ed-122.js.map (debug id 5b0b8f54-5c5a-4ca4-95ef-a94248a706ed)
    ~/5c22da02-3360-4ee5-ae0e-a75e6331ebff-42.js.map (debug id 5c22da02-3360-4ee5-ae0e-a75e6331ebff)
    ~/60415769-df7d-488c-889e-1d417434e124-120.js.map (debug id 60415769-df7d-488c-889e-1d417434e124)
    ~/60c7690a-54b4-4980-92e4-8c153c4ff59b-118.js.map (debug id 60c7690a-54b4-4980-92e4-8c153c4ff59b)
    ~/63009251-62ec-44dd-8a2f-09bdb396b230-49.js.map (debug id 63009251-62ec-44dd-8a2f-09bdb396b230)
    ~/6346e173-f46d-4f2c-9061-4cb603395b5a-74.js.map (debug id 6346e173-f46d-4f2c-9061-4cb603395b5a)
    ~/6a80a903-faf4-40b2-aa6f-42a3b93f6c68-43.js.map (debug id 6a80a903-faf4-40b2-aa6f-42a3b93f6c68)
    ~/6c5219e3-b462-4970-a38f-f75d6bb4a411-88.js.map (debug id 6c5219e3-b462-4970-a38f-f75d6bb4a411)
    ~/6e4daeb9-1ed2-4c20-a60b-0e99fb3bd117-56.js.map (debug id 6e4daeb9-1ed2-4c20-a60b-0e99fb3bd117)
    ~/6f520b71-dd87-4f80-a021-e3209a818caa-93.js.map (debug id 6f520b71-dd87-4f80-a021-e3209a818caa)
    ~/71b3b438-876f-409b-a67b-9e821572fc55-20.js.map (debug id 71b3b438-876f-409b-a67b-9e821572fc55)
    ~/73c9d1e4-383e-4b0b-8e1e-fe62ec8314ab-127.js.map (debug id 73c9d1e4-383e-4b0b-8e1e-fe62ec8314ab)
    ~/73cc2b67-202f-4a9b-bb73-e1ee80cd9d0b-78.js.map (debug id 73cc2b67-202f-4a9b-bb73-e1ee80cd9d0b)
    ~/74d57b2d-ea89-4b39-b46a-f26eb2aba728-24.js.map (debug id 74d57b2d-ea89-4b39-b46a-f26eb2aba728)
    ~/74e069bf-182f-4a26-9a35-f452c497ee80-16.js.map (debug id 74e069bf-182f-4a26-9a35-f452c497ee80)
    ~/758a26bf-0bfb-42a5-b8df-104555c819f7-82.js.map (debug id 758a26bf-0bfb-42a5-b8df-104555c819f7)
    ~/790e3732-2d6a-4892-b85b-4591f269c625-3.js.map (debug id 790e3732-2d6a-4892-b85b-4591f269c625)
    ~/791c098a-a92d-4420-8962-e059300f9dca-37.js.map (debug id 791c098a-a92d-4420-8962-e059300f9dca)
    ~/79b2430c-9092-4363-98b9-a740d1babe55-26.js.map (debug id 79b2430c-9092-4363-98b9-a740d1babe55)
    ~/7aaa0924-45cf-415a-bee6-07f32611c811-85.js.map (debug id 7aaa0924-45cf-415a-bee6-07f32611c811)
    ~/7b387c46-e906-4513-b7e0-d66910b5e82e-8.js.map (debug id 7b387c46-e906-4513-b7e0-d66910b5e82e)
    ~/7c076467-67dd-4298-8a9d-520eda12a3b5-116.js.map (debug id 7c076467-67dd-4298-8a9d-520eda12a3b5)
    ~/7c34ba9d-5f3e-407b-a499-0ba284af4685-113.js.map (debug id 7c34ba9d-5f3e-407b-a499-0ba284af4685)
    ~/7de03444-d933-4bda-9bc8-d0ac0dd4327e-146.js.map (debug id 7de03444-d933-4bda-9bc8-d0ac0dd4327e)
    ~/80900f60-8560-434e-992f-9d5ac875524f-124.js.map (debug id 80900f60-8560-434e-992f-9d5ac875524f)
    ~/823a76a9-b256-4d5d-be83-d2187adb0916-129.js.map (debug id 823a76a9-b256-4d5d-be83-d2187adb0916)
    ~/849912c9-3fee-40a1-937d-692d9a1a59e8-148.js.map (debug id 849912c9-3fee-40a1-937d-692d9a1a59e8)
    ~/852e8e07-1edb-47b6-9397-f08cd942e365-110.js.map (debug id 852e8e07-1edb-47b6-9397-f08cd942e365)
    ~/8612b274-4b69-4b07-925c-870462ba372b-87.js.map (debug id 8612b274-4b69-4b07-925c-870462ba372b)
    ~/89822835-a0de-497a-a81f-dc43c10f0c3f-150.js.map (debug id 89822835-a0de-497a-a81f-dc43c10f0c3f)
    ~/8d5cf749-e66c-4d07-9a7d-b14d73915079-111.js.map (debug id 8d5cf749-e66c-4d07-9a7d-b14d73915079)
    ~/8db6c1c7-3b69-49d0-ae2d-6176beb06151-45.js.map (debug id 8db6c1c7-3b69-49d0-ae2d-6176beb06151)
    ~/8e7793d6-61a1-4d47-9e28-0bcd09cdd4a4-31.js.map (debug id 8e7793d6-61a1-4d47-9e28-0bcd09cdd4a4)
    ~/8fc724d6-9cdf-46ab-87d6-00b76125fcc8-19.js.map (debug id 8fc724d6-9cdf-46ab-87d6-00b76125fcc8)
    ~/905691ab-9f16-453b-8e4e-fc840f9f7e3d-109.js.map (debug id 905691ab-9f16-453b-8e4e-fc840f9f7e3d)
    ~/918a59f4-e199-44af-a5af-94160090a693-4.js.map (debug id 918a59f4-e199-44af-a5af-94160090a693)
    ~/92054c34-45a2-4d50-aec3-eb75f8581795-62.js.map (debug id 92054c34-45a2-4d50-aec3-eb75f8581795)
    ~/92cce23e-8993-442f-9dc7-b33368ee51ee-81.js.map (debug id 92cce23e-8993-442f-9dc7-b33368ee51ee)
    ~/98be610c-9aff-4f91-a20e-7a80bd988514-33.js.map (debug id 98be610c-9aff-4f91-a20e-7a80bd988514)
    ~/9ac7abed-0930-414e-ab99-47b08b8dc9a8-91.js.map (debug id 9ac7abed-0930-414e-ab99-47b08b8dc9a8)
    ~/9c1eb8a1-4873-4fea-b989-6f03823d1742-64.js.map (debug id 9c1eb8a1-4873-4fea-b989-6f03823d1742)
    ~/9d8b4b05-a22a-488e-b0e4-e97013ed61db-92.js.map (debug id 9d8b4b05-a22a-488e-b0e4-e97013ed61db)
    ~/a06f6028-10f1-47b3-8333-b2279feff9af-128.js.map (debug id a06f6028-10f1-47b3-8333-b2279feff9af)
    ~/a0982637-81b6-48ae-8b7f-376a1bb9358b-54.js.map (debug id a0982637-81b6-48ae-8b7f-376a1bb9358b)
    ~/a61e176b-07d6-48a8-ad4f-8aa86ece4f56-35.js.map (debug id a61e176b-07d6-48a8-ad4f-8aa86ece4f56)
    ~/a9be844f-1029-428f-94aa-9b030df094ca-14.js.map (debug id a9be844f-1029-428f-94aa-9b030df094ca)
    ~/aa03e9f0-33bf-45aa-96ac-40c8d54b56d8-101.js.map (debug id aa03e9f0-33bf-45aa-96ac-40c8d54b56d8)
    ~/aa781ea0-785b-4ad3-9f3e-e7879cc4c8f5-0.js.map (debug id aa781ea0-785b-4ad3-9f3e-e7879cc4c8f5)
    ~/adef44da-7029-465b-bfec-02f1b843d3c0-144.js.map (debug id adef44da-7029-465b-bfec-02f1b843d3c0)
    ~/b3b87db9-c4d7-4e29-b449-d9e7263d198e-89.js.map (debug id b3b87db9-c4d7-4e29-b449-d9e7263d198e)
    ~/b3dff330-f7b7-4a45-b0cb-51e95da42ae8-46.js.map (debug id b3dff330-f7b7-4a45-b0cb-51e95da42ae8)
    ~/b53cd61f-d029-4915-8b7e-658033016b36-126.js.map (debug id b53cd61f-d029-4915-8b7e-658033016b36)
    ~/bb92e909-8edf-4dea-b76f-2781e4785cad-6.js.map (debug id bb92e909-8edf-4dea-b76f-2781e4785cad)
    ~/bc077cfb-79da-4dc2-8468-f964e4976557-76.js.map (debug id bc077cfb-79da-4dc2-8468-f964e4976557)
    ~/bff9a182-ab85-4ee3-b6c6-0368d02faa6c-123.js.map (debug id bff9a182-ab85-4ee3-b6c6-0368d02faa6c)
    ~/c038bb58-33b2-4551-a67b-9816ec8d6703-99.js.map (debug id c038bb58-33b2-4551-a67b-9816ec8d6703)
    ~/c22e664d-3db8-481c-98e5-a34f4720a207-65.js.map (debug id c22e664d-3db8-481c-98e5-a34f4720a207)
    ~/c2c39bce-8918-4077-9f99-5dc435ac1197-40.js.map (debug id c2c39bce-8918-4077-9f99-5dc435ac1197)
    ~/c6ecff7b-e099-4f28-9459-6e10b68d7095-112.js.map (debug id c6ecff7b-e099-4f28-9459-6e10b68d7095)
    ~/c731a025-37a5-49e8-a5b3-79b24c738eb7-137.js.map (debug id c731a025-37a5-49e8-a5b3-79b24c738eb7)
    ~/c97abd6c-1323-4381-8bfe-ce63c4d6ec7d-10.js.map (debug id c97abd6c-1323-4381-8bfe-ce63c4d6ec7d)
    ~/c9bf9ea7-ec55-49fa-b068-98223ae1f5dc-34.js.map (debug id c9bf9ea7-ec55-49fa-b068-98223ae1f5dc)
    ~/cc86b978-9601-40d8-8e14-a8de54123835-134.js.map (debug id cc86b978-9601-40d8-8e14-a8de54123835)
    ~/d2a7b057-82fd-415b-8731-a8bcb281e637-83.js.map (debug id d2a7b057-82fd-415b-8731-a8bcb281e637)
    ~/d418d85e-c045-485a-a607-2366ab639039-21.js.map (debug id d418d85e-c045-485a-a607-2366ab639039)
    ~/d4de1ed0-8ed3-4082-b72c-8c496687e05a-106.js.map (debug id d4de1ed0-8ed3-4082-b72c-8c496687e05a)
    ~/d5105980-661c-4f59-895c-7a8d5f9a0982-152.js.map (debug id d5105980-661c-4f59-895c-7a8d5f9a0982)
    ~/d5f7d0bf-b918-486e-91d5-65b8dcd066fc-125.js.map (debug id d5f7d0bf-b918-486e-91d5-65b8dcd066fc)
    ~/d718b318-ff22-4c03-9c39-b475c2d0aef1-13.js.map (debug id d718b318-ff22-4c03-9c39-b475c2d0aef1)
    ~/d77d6c9d-b483-4a25-ac58-519bbfdd52f0-140.js.map (debug id d77d6c9d-b483-4a25-ac58-519bbfdd52f0)
    ~/df97a1e7-e1b0-4544-95bd-d220b1cba728-63.js.map (debug id df97a1e7-e1b0-4544-95bd-d220b1cba728)
    ~/e07d3590-a728-4886-947e-56b31d1f5af9-147.js.map (debug id e07d3590-a728-4886-947e-56b31d1f5af9)
    ~/e2b698ce-6218-45dd-b5ce-5320bccdc7e7-7.js.map (debug id e2b698ce-6218-45dd-b5ce-5320bccdc7e7)
    ~/e3a86716-e629-4fb6-87d5-58e5f74de1c1-30.js.map (debug id e3a86716-e629-4fb6-87d5-58e5f74de1c1)
    ~/e82672bc-418f-420c-9743-59d136800b5a-29.js.map (debug id e82672bc-418f-420c-9743-59d136800b5a)
    ~/e8413aaf-d525-4ecd-843d-3f26241fda76-51.js.map (debug id e8413aaf-d525-4ecd-843d-3f26241fda76)
    ~/ebebe02b-a157-4a17-80ec-c92df8a984e1-11.js.map (debug id ebebe02b-a157-4a17-80ec-c92df8a984e1)
    ~/ed468b40-677c-4a6e-9d1d-da9f1ced9e92-133.js.map (debug id ed468b40-677c-4a6e-9d1d-da9f1ced9e92)
    ~/f1c922b4-2b17-4966-bc95-f39d0dd816e3-151.js.map (debug id f1c922b4-2b17-4966-bc95-f39d0dd816e3)
    ~/f49f37c5-0d4d-49bc-a0d3-efcbccf358e8-114.js.map (debug id f49f37c5-0d4d-49bc-a0d3-efcbccf358e8)
    ~/f559edd4-d8f1-46ba-bcec-7ffcf80fb772-47.js.map (debug id f559edd4-d8f1-46ba-bcec-7ffcf80fb772)
    ~/f62f204c-e3b6-4c52-ad59-87ceddc89804-84.js.map (debug id f62f204c-e3b6-4c52-ad59-87ceddc89804)
    ~/f81cbcb8-bbb4-4868-ba07-eaa395e3fb4b-149.js.map (debug id f81cbcb8-bbb4-4868-ba07-eaa395e3fb4b)
    ~/f864129a-3962-43fe-94f7-527a5e90c7db-25.js.map (debug id f864129a-3962-43fe-94f7-527a5e90c7db)
[@sentry/nextjs - Client] Info: Successfully uploaded source maps to Sentry
<w> [webpack.cache.PackFileCacheStrategy] Caching failed for pack: Error: ENOSPC: no space left on device, write
 ✓ Compiled successfully
   Linting and checking validity of types ...

./components/auth/RoleLoginPage.tsx
91:6  Warning: React Hook useEffect has a missing dependency: 'loginError'. Either include it or remove the dependency array.  react-hooks/exhaustive-deps

./components/auth/SignupExperience.tsx
511:6  Warning: React Hook useEffect has a missing dependency: 'inlineError'. Either include it or remove the dependency array.  react-hooks/exhaustive-deps
1021:6  Warning: React Hook useEffect has a missing dependency: 'inlineError'. Either include it or remove the dependency array.  react-hooks/exhaustive-deps
1436:6  Warning: React Hook useEffect has a missing dependency: 'inlineError'. Either include it or remove the dependency array.  react-hooks/exhaustive-deps

./components/builder/event-wizard/EventVenueStep.tsx
72:9  Warning: The 'venues' conditional could make the dependencies of useMemo Hook (at line 87) change on every render. To fix this, wrap the initialization of 'venues' in its own useMemo() Hook.  react-hooks/exhaustive-deps
72:9  Warning: The 'venues' conditional could make the dependencies of useMemo Hook (at line 92) change on every render. To fix this, wrap the initialization of 'venues' in its own useMemo() Hook.  react-hooks/exhaustive-deps

./components/builder/event-wizard/EventbriteImportPanel.tsx
190:6  Warning: React Hook useEffect has a missing dependency: 'loadIntegration'. Either include it or remove the dependency array.  react-hooks/exhaustive-deps
206:6  Warning: React Hook useEffect has missing dependencies: 'addToast' and 'loadImportedAttendees'. Either include them or remove the dependency array.  react-hooks/exhaustive-deps
232:6  Warning: React Hook useEffect has a missing dependency: 'loadIntegration'. Either include it or remove the dependency array.  react-hooks/exhaustive-deps

./components/planner/planner-page/PlannerWorkspace.tsx
196:6  Warning: React Hook useEffect has missing dependencies: 'isTimelineLoading', 'loadPlannerTimeline', and 'timelineResult'. Either include them or remove the dependency array.  react-hooks/exhaustive-deps
280:6  Warning: React Hook useEffect has a missing dependency: 'resetDemoSession'. Either include it or remove the dependency array.  react-hooks/exhaustive-deps
421:6  Warning: React Hook useEffect has a missing dependency: 'startInitialDraftPlan'. Either include it or remove the dependency array.  react-hooks/exhaustive-deps
438:6  Warning: React Hook useEffect has a missing dependency: 'triggerRecommendations'. Either include it or remove the dependency array.  react-hooks/exhaustive-deps

./components/shared/FilterSidebar.tsx
91:33  Warning: React Hook useCallback received a function whose dependencies are unknown. Pass an inline function instead.  react-hooks/exhaustive-deps

./components/shared/SearchBar.tsx
59:27  Warning: React Hook useCallback received a function whose dependencies are unknown. Pass an inline function instead.  react-hooks/exhaustive-deps

./components/venue/AmenitiesSelector.tsx
155:6  Warning: React Hook useEffect has a missing dependency: 'loadAmenities'. Either include it or remove the dependency array.  react-hooks/exhaustive-deps

./components/venue/BulkApprovalDashboard.tsx
127:6  Warning: React Hook useEffect has a missing dependency: 'loadPendingBookings'. Either include it or remove the dependency array.  react-hooks/exhaustive-deps

./components/venue/BulkApprovalSettings.tsx
82:6  Warning: React Hook useEffect has a missing dependency: 'loadSettings'. Either include it or remove the dependency array.  react-hooks/exhaustive-deps

./components/venue/RulesManager.tsx
131:6  Warning: React Hook useEffect has a missing dependency: 'loadRules'. Either include it or remove the dependency array.  react-hooks/exhaustive-deps

info  - Need to disable some ESLint rules? Learn more here: https://nextjs.org/docs/basic-features/eslint#disabling-rules
   Collecting page data ...
   Generating static pages (0/70) ...
Time 3.377917
Time 4.17975
   Generating static pages (17/70)
   Generating static pages (34/70)
   Generating static pages (52/70)
 ✓ Generating static pages (70/70)
   Finalizing page optimization ...
   Collecting build traces ...

Route (app)                                                                   Size     First Load JS
┌ ○ /                                                                         2.24 kB         178 kB
├ ○ /_not-found                                                               1.04 kB         163 kB
├ ƒ /[userType]/messages                                                      10 kB           245 kB
├ ƒ /[userType]/notifications                                                 10.2 kB         240 kB
├ ƒ /[userType]/settings                                                      365 B           179 kB
├ ƒ /admin                                                                    363 B           164 kB
├ ƒ /admin/catalog/vendors                                                    318 B           174 kB
├ ƒ /admin/catalog/venues                                                     317 B           174 kB
├ ƒ /admin/claims                                                             361 B           162 kB
├ ƒ /admin/concierge                                                          6.31 kB         175 kB
├ ƒ /admin/failures                                                           360 B           162 kB
├ ƒ /admin/health                                                             361 B           162 kB
├ ƒ /admin/ops                                                                5.33 kB         174 kB
├ ƒ /admin/overrides                                                          360 B           162 kB
├ ƒ /admin/settlements                                                        3.28 kB         174 kB
├ ƒ /admin/stripe                                                             361 B           162 kB
├ ƒ /admin/tasks                                                              6.77 kB         175 kB
├ ƒ /api/account/settings                                                     0 B                0 B
├ ƒ /api/admin/catalog/vendors                                                0 B                0 B
├ ƒ /api/admin/catalog/venues                                                 0 B                0 B
├ ƒ /api/admin/concierge/actions                                              0 B                0 B
├ ƒ /api/admin/concierge/invites/[id]/override                                0 B                0 B
├ ƒ /api/admin/ops                                                            0 B                0 B
├ ƒ /api/admin/reconcile/captured-deposits                                    0 B                0 B
├ ƒ /api/admin/settlements/[runId]/resolve                                    0 B                0 B
├ ƒ /api/admin/tasks/[id]                                                     0 B                0 B
├ ƒ /api/ai/agents/run                                                        0 B                0 B
├ ƒ /api/auth/login                                                           0 B                0 B
├ ƒ /api/auth/logout                                                          0 B                0 B
├ ƒ /api/auth/refresh                                                         0 B                0 B
├ ƒ /api/auth/signup                                                          0 B                0 B
├ ƒ /api/auth/user                                                            0 B                0 B
├ ƒ /api/builder/billing/checkout                                             0 B                0 B
├ ƒ /api/builder/billing/status                                               0 B                0 B
├ ƒ /api/builder/events                                                       0 B                0 B
├ ƒ /api/builder/events/[id]                                                  0 B                0 B
├ ƒ /api/builder/events/[id]/tasks                                            0 B                0 B
├ ƒ /api/builder/events/[id]/team                                             0 B                0 B
├ ƒ /api/builder/payouts/summary                                              0 B                0 B
├ ƒ /api/builder/stats                                                        0 B                0 B
├ ƒ /api/builder/stripe/callback                                              0 B                0 B
├ ƒ /api/builder/stripe/connect                                               0 B                0 B
├ ƒ /api/builder/stripe/dashboard                                             0 B                0 B
├ ƒ /api/builder/stripe/refresh                                               0 B                0 B
├ ƒ /api/builder/stripe/status                                                0 B                0 B
├ ƒ /api/builder/subscription/cancel                                          0 B                0 B
├ ƒ /api/builder/subscription/create                                          0 B                0 B
├ ƒ /api/builder/venue-bookings                                               0 B                0 B
├ ƒ /api/cron/settlement-runs/create                                          0 B                0 B
├ ƒ /api/demo/reset                                                           0 B                0 B
├ ƒ /api/errors/log                                                           0 B                0 B
├ ƒ /api/events/[eventId]/financials                                          0 B                0 B
├ ƒ /api/events/[eventId]/upload-checkins                                     0 B                0 B
├ ƒ /api/health                                                               0 B                0 B
├ ƒ /api/integrations/eventbrite/backfill                                     0 B                0 B
├ ƒ /api/integrations/eventbrite/callback                                     0 B                0 B
├ ƒ /api/integrations/eventbrite/connect                                      0 B                0 B
├ ƒ /api/integrations/eventbrite/events                                       0 B                0 B
├ ƒ /api/integrations/eventbrite/import                                       0 B                0 B
├ ƒ /api/integrations/eventbrite/link                                         0 B                0 B
├ ƒ /api/integrations/gmail/account                                           0 B                0 B
├ ƒ /api/integrations/gmail/callback                                          0 B                0 B
├ ƒ /api/integrations/gmail/connect                                           0 B                0 B
├ ƒ /api/integrations/ticketing/connections                                   0 B                0 B
├ ƒ /api/integrations/webhooks/luma                                           0 B                0 B
├ ƒ /api/integrations/webhooks/posh                                           0 B                0 B
├ ƒ /api/integrations/webhooks/setup                                          0 B                0 B
├ ƒ /api/internal/cron/venue-overdue-check                                    0 B                0 B
├ ƒ /api/internal/jobs/live-event-recompute                                   0 B                0 B
├ ƒ /api/internal/jobs/run                                                    0 B                0 B
├ ƒ /api/internal/jobs/venue-website-extraction                               0 B                0 B
├ ƒ /api/invoices/generate                                                    0 B                0 B
├ ƒ /api/jobs/run                                                             0 B                0 B
├ ƒ /api/messages/[threadId]                                                  0 B                0 B
├ ƒ /api/messages/read                                                        0 B                0 B
├ ƒ /api/messages/send                                                        0 B                0 B
├ ƒ /api/messages/threads                                                     0 B                0 B
├ ƒ /api/messages/threads/[threadId]                                          0 B                0 B
├ ƒ /api/messages/threads/[threadId]/read                                     0 B                0 B
├ ƒ /api/messages/threads/create                                              0 B                0 B
├ ƒ /api/messages/typing                                                      0 B                0 B
├ ƒ /api/messages/unread-count                                                0 B                0 B
├ ƒ /api/notifications                                                        0 B                0 B
├ ƒ /api/notifications/mark-all-read                                          0 B                0 B
├ ƒ /api/notifications/preferences                                            0 B                0 B
├ ƒ /api/onboarding/builder                                                   0 B                0 B
├ ƒ /api/onboarding/check                                                     0 B                0 B
├ ƒ /api/onboarding/vendor                                                    0 B                0 B
├ ƒ /api/onboarding/venue                                                     0 B                0 B
├ ƒ /api/opportunities/respond/[token]                                        0 B                0 B
├ ƒ /api/payments/capture                                                     0 B                0 B
├ ƒ /api/payments/confirm                                                     0 B                0 B
├ ƒ /api/payments/create-intent                                               0 B                0 B
├ ƒ /api/payments/history                                                     0 B                0 B
├ ƒ /api/payments/platform-fee                                                0 B                0 B
├ ƒ /api/payments/refund                                                      0 B                0 B
├ ƒ /api/payments/refund/calculate                                            0 B                0 B
├ ƒ /api/payments/refund/process                                              0 B                0 B
├ ƒ /api/payments/vendor                                                      0 B                0 B
├ ƒ /api/planner/analytics                                                    0 B                0 B
├ ƒ /api/planner/builder-attendance                                           0 B                0 B
├ ƒ /api/planner/builder-elasticity                                           0 B                0 B
├ ƒ /api/planner/data-connections/setup                                       0 B                0 B
├ ƒ /api/planner/events/[eventId]/commitments                                 0 B                0 B
├ ƒ /api/planner/events/[eventId]/commitments/[commitmentId]                  0 B                0 B
├ ƒ /api/planner/events/[eventId]/live                                        0 B                0 B
├ ƒ /api/planner/events/[eventId]/receipts                                    0 B                0 B
├ ƒ /api/planner/events/[eventId]/revenue-terms                               0 B                0 B
├ ƒ /api/planner/events/import                                                0 B                0 B
├ ƒ /api/planner/events/import/[importId]/csv                                 0 B                0 B
├ ƒ /api/planner/events/import/[importId]/finalize                            0 B                0 B
├ ƒ /api/planner/events/import/[importId]/screenshot                          0 B                0 B
├ ƒ /api/planner/integrations/posh                                            0 B                0 B
├ ƒ /api/planner/outreach/gmail-approval                                      0 B                0 B
├ ƒ /api/planner/outreach/gmail-approval/threads/[threadId]/modify            0 B                0 B
├ ƒ /api/planner/outreach/gmail-approval/threads/[threadId]/sync              0 B                0 B
├ ƒ /api/planner/payments/venue-rentals/summary                               0 B                0 B
├ ƒ /api/planner/plans                                                        0 B                0 B
├ ƒ /api/planner/plans/[planId]                                               0 B                0 B
├ ƒ /api/planner/plans/[planId]/activity                                      0 B                0 B
├ ƒ /api/planner/plans/[planId]/agent-actions                                 0 B                0 B
├ ƒ /api/planner/plans/[planId]/approvals                                     0 B                0 B
├ ƒ /api/planner/plans/[planId]/budget                                        0 B                0 B
├ ƒ /api/planner/plans/[planId]/custom-costs                                  0 B                0 B
├ ƒ /api/planner/plans/[planId]/event-report                                  0 B                0 B
├ ƒ /api/planner/plans/[planId]/messages                                      0 B                0 B
├ ƒ /api/planner/plans/[planId]/mobile-home                                   0 B                0 B
├ ƒ /api/planner/plans/[planId]/opportunities                                 0 B                0 B
├ ƒ /api/planner/plans/[planId]/opportunities/vendors                         0 B                0 B
├ ƒ /api/planner/plans/[planId]/opportunities/venues                          0 B                0 B
├ ƒ /api/planner/plans/[planId]/partnerships                                  0 B                0 B
├ ƒ /api/planner/plans/[planId]/payments/authorize                            0 B                0 B
├ ƒ /api/planner/plans/[planId]/recommend                                     0 B                0 B
├ ƒ /api/planner/plans/[planId]/recommendations                               0 B                0 B
├ ƒ /api/planner/plans/[planId]/refund-decision                               0 B                0 B
├ ƒ /api/planner/plans/[planId]/trigger-recommendations                       0 B                0 B
├ ƒ /api/planner/plans/[planId]/vendors/[vendorId]/rate                       0 B                0 B
├ ƒ /api/planner/plans/[planId]/venue-payment/[transactionId]/refund-request  0 B                0 B
├ ƒ /api/planner/plans/[planId]/venue-payment/checkout                        0 B                0 B
├ ƒ /api/planner/post-event/report                                            0 B                0 B
├ ƒ /api/planner/public-intake                                                0 B                0 B
├ ƒ /api/planner/settlement-runs/[runId]/attendance                           0 B                0 B
├ ƒ /api/planner/settlement-runs/[runId]/review                               0 B                0 B
├ ƒ /api/planner/templates                                                    0 B                0 B
├ ƒ /api/planner/templates/[id]/apply                                         0 B                0 B
├ ƒ /api/planner/ticketing/analytics                                          0 B                0 B
├ ƒ /api/vendor/analytics                                                     0 B                0 B
├ ƒ /api/vendor/availability                                                  0 B                0 B
├ ƒ /api/vendor/availability/[id]                                             0 B                0 B
├ ƒ /api/vendor/blocks                                                        0 B                0 B
├ ƒ /api/vendor/blocks/[id]                                                   0 B                0 B
├ ƒ /api/vendor/bookings                                                      0 B                0 B
├ ƒ /api/vendor/bookings/[id]                                                 0 B                0 B
├ ƒ /api/vendor/bookings/[id]/approve                                         0 B                0 B
├ ƒ /api/vendor/bookings/[id]/details                                         0 B                0 B
├ ƒ /api/vendor/bookings/[id]/reject                                          0 B                0 B
├ ƒ /api/vendor/claim                                                         0 B                0 B
├ ƒ /api/vendor/conflicts                                                     0 B                0 B
├ ƒ /api/vendor/deposit                                                       0 B                0 B
├ ƒ /api/vendor/invoices                                                      0 B                0 B
├ ƒ /api/vendor/invoices/[id]                                                 0 B                0 B
├ ƒ /api/vendor/invoices/[id]/pdf                                             0 B                0 B
├ ƒ /api/vendor/invoices/[id]/send                                            0 B                0 B
├ ƒ /api/vendor/payouts/summary                                               0 B                0 B
├ ƒ /api/vendor/reviews                                                       0 B                0 B
├ ƒ /api/vendor/reviews/[id]/respond                                          0 B                0 B
├ ƒ /api/vendor/services                                                      0 B                0 B
├ ƒ /api/vendor/services/[id]                                                 0 B                0 B
├ ƒ /api/vendor/services/[id]/photos                                          0 B                0 B
├ ƒ /api/vendor/stats                                                         0 B                0 B
├ ƒ /api/vendor/stripe/callback                                               0 B                0 B
├ ƒ /api/vendor/stripe/connect                                                0 B                0 B
├ ƒ /api/vendor/stripe/dashboard                                              0 B                0 B
├ ƒ /api/vendor/stripe/refresh                                                0 B                0 B
├ ƒ /api/vendor/stripe/status                                                 0 B                0 B
├ ƒ /api/vendors                                                              0 B                0 B
├ ƒ /api/vendors/[id]                                                         0 B                0 B
├ ƒ /api/vendors/featured                                                     0 B                0 B
├ ƒ /api/vendors/search                                                       0 B                0 B
├ ƒ /api/venue/amenities                                                      0 B                0 B
├ ƒ /api/venue/availability                                                   0 B                0 B
├ ƒ /api/venue/blocks                                                         0 B                0 B
├ ƒ /api/venue/blocks/[id]                                                    0 B                0 B
├ ƒ /api/venue/bookings/[id]                                                  0 B                0 B
├ ƒ /api/venue/bulk-approval/approve                                          0 B                0 B
├ ƒ /api/venue/bulk-approval/pending                                          0 B                0 B
├ ƒ /api/venue/bulk-approval/reject                                           0 B                0 B
├ ƒ /api/venue/bulk-approval/settings                                         0 B                0 B
├ ƒ /api/venue/community-host-incentive/[id]/checkout                         0 B                0 B
├ ƒ /api/venue/community-host-incentive/[id]/refund-request                   0 B                0 B
├ ƒ /api/venue/community-host-incentive/[id]/spend-report                     0 B                0 B
├ ƒ /api/venue/community-host-incentive/summary                               0 B                0 B
├ ƒ /api/venue/deposit                                                        0 B                0 B
├ ƒ /api/venue/kickbacks/[id]/checkout                                        0 B                0 B
├ ƒ /api/venue/kickbacks/[id]/refund-request                                  0 B                0 B
├ ƒ /api/venue/kickbacks/[id]/spend-report                                    0 B                0 B
├ ƒ /api/venue/kickbacks/summary                                              0 B                0 B
├ ƒ /api/venue/rentals/[transactionId]/refund-decision                        0 B                0 B
├ ƒ /api/venue/rentals/summary                                                0 B                0 B
├ ƒ /api/venue/requests                                                       0 B                0 B
├ ƒ /api/venue/rules                                                          0 B                0 B
├ ƒ /api/venue/settlement/[token]/dispute                                     0 B                0 B
├ ƒ /api/venue/settlement/[token]/pay                                         0 B                0 B
├ ƒ /api/venue/stats                                                          0 B                0 B
├ ƒ /api/venue/stripe/callback                                                0 B                0 B
├ ƒ /api/venue/stripe/connect                                                 0 B                0 B
├ ƒ /api/venue/stripe/dashboard                                               0 B                0 B
├ ƒ /api/venue/stripe/refresh                                                 0 B                0 B
├ ƒ /api/venue/stripe/status                                                  0 B                0 B
├ ƒ /api/venue/unique-features                                                0 B                0 B
├ ƒ /api/venues                                                               0 B                0 B
├ ƒ /api/venues/search                                                        0 B                0 B
├ ƒ /api/webhooks/eventbrite                                                  0 B                0 B
├ ƒ /api/webhooks/luma                                                        0 B                0 B
├ ƒ /api/webhooks/partiful                                                    0 B                0 B
├ ƒ /api/webhooks/posh                                                        0 B                0 B
├ ƒ /api/webhooks/stripe                                                      0 B                0 B
├ ƒ /api/webhooks/stripe/connect                                              0 B                0 B
├ ƒ /auth/callback                                                            0 B                0 B
├ ○ /faq                                                                      363 B           164 kB
├ ƒ /login                                                                    361 B           162 kB
├ ƒ /login/[portal]                                                           7.95 kB         262 kB
├ ƒ /onboarding                                                               6.24 kB         211 kB
├ ○ /planner                                                                  519 B           260 kB
├ ○ /planner/analytics                                                        10.3 kB         191 kB
├ ○ /planner/billing                                                          6.69 kB         175 kB
├ ƒ /planner/events/[eventId]/costs                                           7.22 kB         176 kB
├ ƒ /planner/events/[eventId]/live                                            8.79 kB         231 kB
├ ƒ /planner/events/[eventId]/report                                          362 B           164 kB
├ ƒ /planner/events/[eventId]/revenue-terms                                   6.25 kB         175 kB
├ ƒ /planner/events/import                                                    8.45 kB         177 kB
├ ƒ /planner/experiences                                                      2.13 kB         173 kB
├ ƒ /planner/integrations/eventbrite                                          1.93 kB         176 kB
├ ƒ /planner/integrations/posh                                                5.93 kB         174 kB
├ ○ /planner/messages                                                         9.98 kB         245 kB
├ ○ /planner/new-plan                                                         519 B           260 kB
├ ○ /planner/outreach                                                         7.12 kB         178 kB
├ ○ /planner/payments                                                         8.42 kB         179 kB
├ ○ /planner/settings                                                         1.02 kB         182 kB
├ ○ /planner/settings/integrations                                            4.3 kB          175 kB
├ ƒ /planner/settlements                                                      4.17 kB         173 kB
├ ○ /planner/templates                                                        7.83 kB         176 kB
├ ○ /planner/tickets                                                          1.09 kB         190 kB
├ ○ /planner/vendors                                                          8.66 kB         201 kB
├ ƒ /planner/vendors/[vendorId]                                               5.93 kB         246 kB
├ ○ /planner/vendors/marketplace                                              4.83 kB         245 kB
├ ○ /planner/venues                                                           5.27 kB         198 kB
├ ƒ /planner/venues/[venueId]                                                 12.6 kB         273 kB
├ ○ /planner/venues/marketplace                                               7.88 kB         246 kB
├ ○ /pricing                                                                  362 B           164 kB
├ ○ /privacy                                                                  360 B           162 kB
├ ○ /robots.txt                                                               0 B                0 B
├ ƒ /signup                                                                   330 B           244 kB
├ ƒ /signup/[portal]                                                          330 B           244 kB
├ ƒ /sitemap.xml                                                              0 B                0 B
├ ○ /terms                                                                    360 B           162 kB
├ ƒ /v/respond/[token]                                                        8.33 kB         187 kB
├ ƒ /vendor                                                                   3.85 kB         189 kB
├ ƒ /vendor/analytics                                                         7.37 kB         176 kB
├ ƒ /vendor/bookings                                                          9.32 kB         239 kB
├ ƒ /vendor/calendar                                                          5.11 kB         235 kB
├ ƒ /vendor/claim                                                             7.19 kB         178 kB
├ ƒ /vendor/claim-pending                                                     361 B           162 kB
├ ƒ /vendor/payouts                                                           5.58 kB         178 kB
├ ƒ /vendor/pricing                                                           8.75 kB         269 kB
├ ƒ /vendor/requests                                                          361 B           162 kB
├ ƒ /vendor/services                                                          14.7 kB         272 kB
├ ƒ /venue                                                                    3.56 kB         189 kB
├ ƒ /venue/calendar                                                           7.82 kB         245 kB
├ ƒ /venue/claim-pending                                                      361 B           162 kB
├ ƒ /venue/confirmed                                                          6.94 kB         237 kB
├ ƒ /venue/listing                                                            10.4 kB         276 kB
├ ƒ /venue/payouts                                                            12.8 kB         185 kB
├ ƒ /venue/pricing                                                            6.54 kB         268 kB
├ ƒ /venue/requests                                                           2.79 kB         250 kB
├ ƒ /venue/requirements                                                       5.92 kB         244 kB
├ ƒ /venue/settings                                                           366 B           179 kB
├ ƒ /venue/settings/amenities                                                 2.57 kB         241 kB
├ ƒ /venue/settings/bulk-approval                                             908 B           241 kB
├ ƒ /venue/settings/deposits                                                  847 B           240 kB
├ ƒ /venue/settings/rules                                                     1.01 kB         240 kB
├ ƒ /venue/settings/unique-features                                           2.82 kB         239 kB
└ ƒ /venue/settlement/[token]                                                 3.92 kB         172 kB
+ First Load JS shared by all                                                 162 kB
  ├ chunks/1357-15e2292f0fe068af.js                                           104 kB
  ├ chunks/fd9d1056-ee173974bf11bf66.js                                       53.8 kB
  └ other shared chunks (total)                                               3.83 kB


ƒ Middleware                                                                  137 kB

○  (Static)   prerendered as static content
ƒ  (Dynamic)  server-rendered on demand
